
GPU: NVIDIA A40 | 44.4 GB
Model: llama-8b-instruct (meta-llama/Llama-3.1-8B-Instruct)  |  Task: STD (Stipulated-Truth Deception)
Edge pruning: OFF  |  seed: 123
Output dir: outputs/llama-8b-instruct_std/nls0.7_seed123_noedge_260722-154707

Downloading bytes:           |  0.00B            

Reconstructing (incomplete total...): |          |  0.00B /  0.00B            [A


Fetching 4 files:   0%|          | 0/4 [00:00<?, ?it/s][A[A
Fetching 4 files: 100%|##########| 4/4 [00:00<00:00, 1784.81it/s]

Download complete: :           |  0.00B            

Reconstruction complete: |          |  0.00B /  0.00B                         [A
Download complete: :           |  0.00B            

Reconstruction complete: |          |  0.00B /  0.00B            

Loading weights:   0%|          | 0/291 [00:00<?, ?it/s]
Loading weights: 100%|##########| 291/291 [00:00<00:00, 39880.49it/s]
  [GPU] Full model loaded: alloc 14.96 GB | reserved 15.08 GB | peak 14.96 GB
STD margin: 0.7 (from dataset_config.json margin_thresh)
Attempting to load dataset from: ./data/datasets/std_azaria
Successfully loaded train split with 200 samples
Loaded 200 samples
Attempting to load dataset from: ./data/datasets/std_azaria
Successfully loaded validation split with 200 samples
Loaded 200 samples
Attempting to load dataset from: ./data/datasets/std_azaria
Successfully loaded test split with 1000 samples
Loaded 1000 samples
Processed 200 valid samples from 200 total
Processed 200 valid samples from 200 total
Processed 1000 valid samples from 1000 total

--- Baseline evaluation (full model) ---

==================================================
  EVALUATING: Full Model
==================================================

Evaluating Full Model:   0%|          | 0/100 [00:00<?, ?it/s][transformers] Ignoring clean_up_tokenization_spaces=True for BPE tokenizer TokenizersBackend. The clean_up_tokenization post-processing step is designed for WordPiece tokenizers and is destructive for BPE (it strips spaces before punctuation). Set clean_up_tokenization_spaces=False to suppress this warning, or set clean_up_tokenization_spaces_for_bpe_even_though_it_will_corrupt_output=True to force cleanup anyway.

Evaluating Full Model:  10%|#         | 10/100 [00:00<00:04, 19.16it/s]
Acc: 1.000, LD: 1.312:  10%|#         | 10/100 [00:00<00:04, 19.16it/s]
Acc: 1.000, LD: 1.312:  20%|##        | 20/100 [00:00<00:02, 30.94it/s]
Acc: 1.000, LD: 1.531:  20%|##        | 20/100 [00:00<00:02, 30.94it/s]
Acc: 1.000, LD: 1.531:  30%|###       | 30/100 [00:00<00:01, 38.54it/s]
Acc: 1.000, LD: 1.508:  30%|###       | 30/100 [00:00<00:01, 38.54it/s]
Acc: 1.000, LD: 1.508:  40%|####      | 40/100 [00:01<00:01, 43.62it/s]
Acc: 1.000, LD: 1.587:  40%|####      | 40/100 [00:01<00:01, 43.62it/s]
Acc: 1.000, LD: 1.587:  50%|#####     | 50/100 [00:01<00:01, 47.04it/s]
Acc: 1.000, LD: 1.617:  50%|#####     | 50/100 [00:01<00:01, 47.04it/s]
Acc: 1.000, LD: 1.617:  60%|######    | 60/100 [00:01<00:00, 49.30it/s]
Acc: 1.000, LD: 1.619:  60%|######    | 60/100 [00:01<00:00, 49.30it/s]
Acc: 1.000, LD: 1.619:  70%|#######   | 70/100 [00:01<00:00, 49.95it/s]
Acc: 1.000, LD: 1.552:  70%|#######   | 70/100 [00:01<00:00, 49.95it/s]
Acc: 1.000, LD: 1.552:  80%|########  | 80/100 [00:01<00:00, 50.48it/s]
Acc: 1.000, LD: 1.567:  80%|########  | 80/100 [00:01<00:00, 50.48it/s]
Acc: 1.000, LD: 1.567:  90%|######### | 90/100 [00:02<00:00, 51.02it/s]
Acc: 1.000, LD: 1.574:  90%|######### | 90/100 [00:02<00:00, 51.02it/s]
Acc: 1.000, LD: 1.574: 100%|##########| 100/100 [00:02<00:00, 46.26it/s]
Acc: 1.000, LD: 1.643: 100%|##########| 100/100 [00:02<00:00, 46.26it/s]
Acc: 1.000, LD: 1.643: : 110it [00:02, 48.49it/s]                       
Acc: 1.000, LD: 1.682: : 110it [00:02, 48.49it/s]
Acc: 1.000, LD: 1.682: : 120it [00:02, 50.17it/s]
Acc: 1.000, LD: 1.704: : 120it [00:02, 50.17it/s]
Acc: 1.000, LD: 1.704: : 130it [00:02, 51.41it/s]
Acc: 1.000, LD: 1.683: : 130it [00:02, 51.41it/s]
Acc: 1.000, LD: 1.683: : 140it [00:03, 52.31it/s]
Acc: 1.000, LD: 1.699: : 140it [00:03, 52.31it/s]
Acc: 1.000, LD: 1.699: : 150it [00:03, 52.98it/s]
Acc: 1.000, LD: 1.701: : 150it [00:03, 52.98it/s]
Acc: 1.000, LD: 1.701: : 160it [00:03, 53.31it/s]
Acc: 1.000, LD: 1.712: : 160it [00:03, 53.31it/s]
Acc: 1.000, LD: 1.712: : 170it [00:03, 53.58it/s]
Acc: 1.000, LD: 1.687: : 170it [00:03, 53.58it/s]
Acc: 1.000, LD: 1.687: : 180it [00:03, 53.86it/s]
Acc: 1.000, LD: 1.688: : 180it [00:03, 53.86it/s]
Acc: 1.000, LD: 1.688: : 190it [00:03, 54.09it/s]
Acc: 1.000, LD: 1.689: : 190it [00:03, 54.09it/s]
Acc: 1.000, LD: 1.689: : 200it [00:04, 54.18it/s]
Acc: 1.000, LD: 1.674: : 200it [00:04, 54.18it/s]
Acc: 1.000, LD: 1.674: : 210it [00:04, 54.21it/s]
Acc: 1.000, LD: 1.702: : 210it [00:04, 54.21it/s]
Acc: 1.000, LD: 1.702: : 220it [00:04, 54.17it/s]
Acc: 1.000, LD: 1.691: : 220it [00:04, 54.17it/s]
Acc: 1.000, LD: 1.691: : 230it [00:04, 53.73it/s]
Acc: 1.000, LD: 1.682: : 230it [00:04, 53.73it/s]
Acc: 1.000, LD: 1.682: : 240it [00:04, 53.78it/s]
Acc: 1.000, LD: 1.687: : 240it [00:04, 53.78it/s]
Acc: 1.000, LD: 1.687: : 250it [00:05, 53.91it/s]
Acc: 1.000, LD: 1.681: : 250it [00:05, 53.91it/s]
Acc: 1.000, LD: 1.681: : 260it [00:05, 54.06it/s]
Acc: 1.000, LD: 1.688: : 260it [00:05, 54.06it/s]
Acc: 1.000, LD: 1.688: : 270it [00:05, 53.92it/s]
Acc: 1.000, LD: 1.698: : 270it [00:05, 53.92it/s]
Acc: 1.000, LD: 1.698: : 280it [00:05, 53.98it/s]
Acc: 1.000, LD: 1.701: : 280it [00:05, 53.98it/s]
Acc: 1.000, LD: 1.701: : 290it [00:05, 54.00it/s]
Acc: 1.000, LD: 1.698: : 290it [00:05, 54.00it/s]
Acc: 1.000, LD: 1.698: : 300it [00:05, 53.98it/s]
Acc: 1.000, LD: 1.708: : 300it [00:05, 53.98it/s]
Acc: 1.000, LD: 1.708: : 310it [00:06, 54.12it/s]
Acc: 1.000, LD: 1.713: : 310it [00:06, 54.12it/s]
Acc: 1.000, LD: 1.713: : 320it [00:06, 54.17it/s]
Acc: 1.000, LD: 1.705: : 320it [00:06, 54.17it/s]
Acc: 1.000, LD: 1.705: : 330it [00:06, 54.04it/s]
Acc: 1.000, LD: 1.717: : 330it [00:06, 54.04it/s]
Acc: 1.000, LD: 1.717: : 340it [00:06, 54.08it/s]
Acc: 1.000, LD: 1.717: : 340it [00:06, 54.08it/s]
Acc: 1.000, LD: 1.717: : 350it [00:06, 54.16it/s]
Acc: 1.000, LD: 1.725: : 350it [00:06, 54.16it/s]
Acc: 1.000, LD: 1.725: : 360it [00:07, 54.23it/s]
Acc: 1.000, LD: 1.727: : 360it [00:07, 54.23it/s]
Acc: 1.000, LD: 1.727: : 370it [00:07, 54.11it/s]
Acc: 1.000, LD: 1.733: : 370it [00:07, 54.11it/s]
Acc: 1.000, LD: 1.733: : 380it [00:07, 44.23it/s]
Acc: 1.000, LD: 1.730: : 380it [00:07, 44.23it/s]
Acc: 1.000, LD: 1.730: : 390it [00:07, 46.80it/s]
Acc: 1.000, LD: 1.726: : 390it [00:07, 46.80it/s]
Acc: 1.000, LD: 1.726: : 400it [00:07, 48.83it/s]
Acc: 1.000, LD: 1.725: : 400it [00:07, 48.83it/s]
Acc: 1.000, LD: 1.725: : 410it [00:08, 50.34it/s]
Acc: 1.000, LD: 1.722: : 410it [00:08, 50.34it/s]
Acc: 1.000, LD: 1.722: : 420it [00:08, 51.31it/s]
Acc: 1.000, LD: 1.733: : 420it [00:08, 51.31it/s]
Acc: 1.000, LD: 1.733: : 430it [00:08, 52.11it/s]
Acc: 1.000, LD: 1.725: : 430it [00:08, 52.11it/s]
Acc: 1.000, LD: 1.725: : 440it [00:08, 52.69it/s]
Acc: 1.000, LD: 1.736: : 440it [00:08, 52.69it/s]
Acc: 1.000, LD: 1.736: : 450it [00:08, 53.16it/s]
Acc: 1.000, LD: 1.735: : 450it [00:08, 53.16it/s]
Acc: 1.000, LD: 1.735: : 460it [00:09, 53.43it/s]
Acc: 1.000, LD: 1.754: : 460it [00:09, 53.43it/s]
Acc: 1.000, LD: 1.754: : 470it [00:09, 53.67it/s]
Acc: 1.000, LD: 1.757: : 470it [00:09, 53.67it/s]
Acc: 1.000, LD: 1.757: : 480it [00:09, 53.81it/s]
Acc: 1.000, LD: 1.762: : 480it [00:09, 53.81it/s]
Acc: 1.000, LD: 1.762: : 490it [00:09, 53.59it/s]
Acc: 1.000, LD: 1.765: : 490it [00:09, 53.59it/s]
Acc: 1.000, LD: 1.765: : 500it [00:09, 52.33it/s]
Acc: 1.000, LD: 1.762: : 500it [00:09, 52.33it/s]
Acc: 1.000, LD: 1.762: : 510it [00:10, 51.69it/s]
Acc: 1.000, LD: 1.764: : 510it [00:10, 51.69it/s]
Acc: 1.000, LD: 1.764: : 520it [00:10, 51.45it/s]
Acc: 1.000, LD: 1.769: : 520it [00:10, 51.45it/s]
Acc: 1.000, LD: 1.769: : 530it [00:10, 51.55it/s]
Acc: 1.000, LD: 1.780: : 530it [00:10, 51.55it/s]
Acc: 1.000, LD: 1.780: : 540it [00:10, 52.20it/s]
Acc: 1.000, LD: 1.785: : 540it [00:10, 52.20it/s]
Acc: 1.000, LD: 1.785: : 550it [00:10, 52.62it/s]
Acc: 1.000, LD: 1.783: : 550it [00:10, 52.62it/s]
Acc: 1.000, LD: 1.783: : 560it [00:10, 52.99it/s]
Acc: 1.000, LD: 1.791: : 560it [00:10, 52.99it/s]
Acc: 1.000, LD: 1.791: : 570it [00:11, 53.35it/s]
Acc: 1.000, LD: 1.789: : 570it [00:11, 53.35it/s]
Acc: 1.000, LD: 1.789: : 580it [00:11, 53.37it/s]
Acc: 1.000, LD: 1.790: : 580it [00:11, 53.37it/s]
Acc: 1.000, LD: 1.790: : 590it [00:11, 53.58it/s]
Acc: 1.000, LD: 1.786: : 590it [00:11, 53.58it/s]
Acc: 1.000, LD: 1.786: : 600it [00:11, 53.72it/s]
Acc: 1.000, LD: 1.780: : 600it [00:11, 53.72it/s]
Acc: 1.000, LD: 1.780: : 610it [00:11, 53.80it/s]
Acc: 1.000, LD: 1.788: : 610it [00:11, 53.80it/s]
Acc: 1.000, LD: 1.788: : 620it [00:12, 53.86it/s]
Acc: 1.000, LD: 1.792: : 620it [00:12, 53.86it/s]
Acc: 1.000, LD: 1.792: : 630it [00:12, 53.95it/s]
Acc: 1.000, LD: 1.792: : 630it [00:12, 53.95it/s]
Acc: 1.000, LD: 1.792: : 640it [00:12, 54.00it/s]
Acc: 1.000, LD: 1.794: : 640it [00:12, 54.00it/s]
Acc: 1.000, LD: 1.794: : 650it [00:12, 54.03it/s]
Acc: 1.000, LD: 1.794: : 650it [00:12, 54.03it/s]
Acc: 1.000, LD: 1.794: : 660it [00:12, 42.93it/s]
Acc: 1.000, LD: 1.800: : 660it [00:12, 42.93it/s]
Acc: 1.000, LD: 1.800: : 670it [00:13, 45.71it/s]
Acc: 1.000, LD: 1.803: : 670it [00:13, 45.71it/s]
Acc: 1.000, LD: 1.803: : 680it [00:13, 47.97it/s]
Acc: 1.000, LD: 1.796: : 680it [00:13, 47.97it/s]
Acc: 1.000, LD: 1.796: : 690it [00:13, 49.69it/s]
Acc: 1.000, LD: 1.795: : 690it [00:13, 49.69it/s]
Acc: 1.000, LD: 1.795: : 700it [00:13, 50.77it/s]
Acc: 1.000, LD: 1.801: : 700it [00:13, 50.77it/s]
Acc: 1.000, LD: 1.801: : 710it [00:13, 51.69it/s]
Acc: 1.000, LD: 1.804: : 710it [00:13, 51.69it/s]
Acc: 1.000, LD: 1.804: : 720it [00:14, 52.42it/s]
Acc: 1.000, LD: 1.808: : 720it [00:14, 52.42it/s]
Acc: 1.000, LD: 1.808: : 730it [00:14, 52.82it/s]
Acc: 1.000, LD: 1.809: : 730it [00:14, 52.82it/s]
Acc: 1.000, LD: 1.809: : 740it [00:14, 52.85it/s]
Acc: 1.000, LD: 1.807: : 740it [00:14, 52.85it/s]
Acc: 1.000, LD: 1.807: : 750it [00:14, 53.28it/s]
Acc: 1.000, LD: 1.802: : 750it [00:14, 53.28it/s]
Acc: 1.000, LD: 1.802: : 760it [00:14, 53.11it/s]
Acc: 1.000, LD: 1.800: : 760it [00:14, 53.11it/s]
Acc: 1.000, LD: 1.800: : 770it [00:15, 53.36it/s]
Acc: 1.000, LD: 1.804: : 770it [00:15, 53.36it/s]
Acc: 1.000, LD: 1.804: : 780it [00:15, 53.59it/s]
Acc: 1.000, LD: 1.804: : 780it [00:15, 53.59it/s]
Acc: 1.000, LD: 1.804: : 790it [00:15, 53.00it/s]
Acc: 1.000, LD: 1.803: : 790it [00:15, 53.00it/s]
Acc: 1.000, LD: 1.803: : 800it [00:15, 53.22it/s]
Acc: 1.000, LD: 1.803: : 800it [00:15, 53.22it/s]
Acc: 1.000, LD: 1.803: : 810it [00:15, 53.15it/s]
Acc: 1.000, LD: 1.797: : 810it [00:15, 53.15it/s]
Acc: 1.000, LD: 1.797: : 820it [00:15, 53.28it/s]
Acc: 1.000, LD: 1.803: : 820it [00:15, 53.28it/s]
Acc: 1.000, LD: 1.803: : 830it [00:16, 53.46it/s]
Acc: 1.000, LD: 1.801: : 830it [00:16, 53.46it/s]
Acc: 1.000, LD: 1.801: : 840it [00:16, 53.63it/s]
Acc: 1.000, LD: 1.797: : 840it [00:16, 53.63it/s]
Acc: 1.000, LD: 1.797: : 850it [00:16, 53.67it/s]
Acc: 1.000, LD: 1.794: : 850it [00:16, 53.67it/s]
Acc: 1.000, LD: 1.794: : 860it [00:16, 53.71it/s]
Acc: 1.000, LD: 1.791: : 860it [00:16, 53.71it/s]
Acc: 1.000, LD: 1.791: : 870it [00:16, 53.72it/s]
Acc: 1.000, LD: 1.792: : 870it [00:16, 53.72it/s]
Acc: 1.000, LD: 1.792: : 880it [00:17, 53.73it/s]
Acc: 1.000, LD: 1.792: : 880it [00:17, 53.73it/s]
Acc: 1.000, LD: 1.792: : 890it [00:17, 53.82it/s]
Acc: 1.000, LD: 1.792: : 890it [00:17, 53.82it/s]
Acc: 1.000, LD: 1.792: : 900it [00:17, 53.92it/s]
Acc: 1.000, LD: 1.791: : 900it [00:17, 53.92it/s]
Acc: 1.000, LD: 1.791: : 910it [00:17, 53.98it/s]
Acc: 1.000, LD: 1.790: : 910it [00:17, 53.98it/s]
Acc: 1.000, LD: 1.790: : 920it [00:17, 53.80it/s]
Acc: 1.000, LD: 1.800: : 920it [00:17, 53.80it/s]
Acc: 1.000, LD: 1.800: : 930it [00:18, 44.46it/s]
Acc: 1.000, LD: 1.797: : 930it [00:18, 44.46it/s]
Acc: 1.000, LD: 1.797: : 940it [00:18, 46.65it/s]
Acc: 1.000, LD: 1.794: : 940it [00:18, 46.65it/s]
Acc: 1.000, LD: 1.794: : 950it [00:18, 47.53it/s]
Acc: 1.000, LD: 1.796: : 950it [00:18, 47.53it/s]
Acc: 1.000, LD: 1.796: : 960it [00:18, 48.83it/s]
Acc: 1.000, LD: 1.793: : 960it [00:18, 48.83it/s]
Acc: 1.000, LD: 1.793: : 970it [00:18, 50.20it/s]
Acc: 1.000, LD: 1.793: : 970it [00:18, 50.20it/s]
Acc: 1.000, LD: 1.793: : 980it [00:19, 51.28it/s]
Acc: 1.000, LD: 1.795: : 980it [00:19, 51.28it/s]
Acc: 1.000, LD: 1.795: : 990it [00:19, 52.09it/s]
Acc: 1.000, LD: 1.793: : 990it [00:19, 52.09it/s]
Acc: 1.000, LD: 1.793: : 1000it [00:19, 52.74it/s]
Acc: 1.000, LD: 1.794: : 1000it [00:19, 52.74it/s]
                                                  
Processed 1000 valid samples.

==================================================
Full Model Evaluation Summary:
  - Accuracy:              1.0000
  - Logit Difference:      1.7936
==================================================

======================================================================
  PHASE 1: NODE PRUNING (STD (Stipulated-Truth Deception))
======================================================================

Downloading bytes:           |  0.00B            

Reconstructing (incomplete total...): |          |  0.00B /  0.00B            [A


Fetching 4 files:   0%|          | 0/4 [00:00<?, ?it/s][A[A
Fetching 4 files: 100%|##########| 4/4 [00:00<00:00, 355.51it/s]

Download complete: :           |  0.00B            

Reconstruction complete: |          |  0.00B /  0.00B                         [A
Download complete: :           |  0.00B            

Reconstruction complete: |          |  0.00B /  0.00B            

Loading weights:   0%|          | 0/291 [00:00<?, ?it/s]
Loading weights: 100%|##########| 291/291 [00:00<00:00, 39421.93it/s]
Llama model successfully adapted for pruning with block-level gates.
Trainable gate parameters: 721,984 / 8,030,983,232 (0.0090%)
  [GPU] Node model loaded: alloc 29.93 GB | reserved 30.16 GB | peak 29.93 GB
Pre-caching reference-model logits for the training set...

Caching:   0%|          | 0/20 [00:00<?, ?it/s]
Caching:  10%|#         | 2/20 [00:00<00:02,  8.71it/s]
Caching:  15%|#5        | 3/20 [00:00<00:02,  7.12it/s]
Caching:  20%|##        | 4/20 [00:00<00:02,  6.50it/s]
Caching:  25%|##5       | 5/20 [00:00<00:02,  6.19it/s]
Caching:  30%|###       | 6/20 [00:00<00:02,  6.01it/s]
Caching:  35%|###5      | 7/20 [00:01<00:02,  5.69it/s]
Caching:  40%|####      | 8/20 [00:01<00:02,  5.83it/s]
Caching:  45%|####5     | 9/20 [00:01<00:01,  5.78it/s]
Caching:  50%|#####     | 10/20 [00:01<00:01,  5.73it/s]
Caching:  55%|#####5    | 11/20 [00:01<00:01,  5.70it/s]
Caching:  60%|######    | 12/20 [00:02<00:01,  5.68it/s]
Caching:  65%|######5   | 13/20 [00:02<00:01,  5.68it/s]
Caching:  70%|#######   | 14/20 [00:02<00:01,  5.68it/s]
Caching:  75%|#######5  | 15/20 [00:02<00:01,  4.53it/s]
Caching:  80%|########  | 16/20 [00:02<00:00,  4.82it/s]
Caching:  85%|########5 | 17/20 [00:03<00:00,  5.05it/s]
Caching:  90%|######### | 18/20 [00:03<00:00,  5.22it/s]
Caching:  95%|#########5| 19/20 [00:03<00:00,  5.34it/s]
Caching: 100%|##########| 20/20 [00:03<00:00,  5.34it/s]
Caching: 100%|##########| 20/20 [00:03<00:00,  5.60it/s]

==================================================
  EVALUATING: Node Ep 0
==================================================

Evaluating Node Ep 0:   0%|          | 0/20 [00:00<?, ?it/s][transformers] `use_return_dict` is deprecated! Use `return_dict` instead!

Evaluating Node Ep 0:  50%|#####     | 10/20 [00:00<00:00, 14.44it/s]
Acc: 1.000, LD: 1.887:  50%|#####     | 10/20 [00:00<00:00, 14.44it/s]
Acc: 1.000, LD: 1.887: 100%|##########| 20/20 [00:01<00:00, 16.29it/s]
Acc: 1.000, LD: 1.788: 100%|##########| 20/20 [00:01<00:00, 16.29it/s]
Acc: 1.000, LD: 1.788: : 30it [00:01, 16.97it/s]                      
Acc: 1.000, LD: 1.975: : 30it [00:01, 16.97it/s]
Acc: 1.000, LD: 1.975: : 40it [00:02, 17.31it/s]
Acc: 1.000, LD: 1.894: : 40it [00:02, 17.31it/s]
Acc: 1.000, LD: 1.894: : 50it [00:02, 17.43it/s]
Acc: 1.000, LD: 1.837: : 50it [00:02, 17.43it/s]
Acc: 1.000, LD: 1.837: : 60it [00:03, 17.49it/s]
Acc: 1.000, LD: 1.875: : 60it [00:03, 17.49it/s]
Acc: 1.000, LD: 1.875: : 70it [00:04, 17.65it/s]
Acc: 1.000, LD: 1.891: : 70it [00:04, 17.65it/s]
Acc: 1.000, LD: 1.891: : 80it [00:04, 17.07it/s]
Acc: 1.000, LD: 1.894: : 80it [00:04, 17.07it/s]
Acc: 1.000, LD: 1.894: : 90it [00:05, 17.34it/s]
Acc: 1.000, LD: 1.907: : 90it [00:05, 17.34it/s]
Acc: 1.000, LD: 1.907: : 100it [00:05, 17.53it/s]
Acc: 1.000, LD: 1.886: : 100it [00:05, 17.53it/s]
Acc: 1.000, LD: 1.886: : 110it [00:06, 17.65it/s]
Acc: 1.000, LD: 1.925: : 110it [00:06, 17.65it/s]
Acc: 1.000, LD: 1.925: : 120it [00:06, 17.76it/s]
Acc: 1.000, LD: 1.931: : 120it [00:06, 17.76it/s]
Acc: 1.000, LD: 1.931: : 130it [00:07, 17.74it/s]
Acc: 1.000, LD: 1.973: : 130it [00:07, 17.74it/s]
Acc: 1.000, LD: 1.973: : 140it [00:08, 17.75it/s]
Acc: 1.000, LD: 1.982: : 140it [00:08, 17.75it/s]
Acc: 1.000, LD: 1.982: : 150it [00:08, 17.82it/s]
Acc: 1.000, LD: 1.958: : 150it [00:08, 17.82it/s]
Acc: 1.000, LD: 1.958: : 160it [00:09, 17.86it/s]
Acc: 1.000, LD: 1.923: : 160it [00:09, 17.86it/s]
Acc: 1.000, LD: 1.923: : 170it [00:09, 16.95it/s]
Acc: 1.000, LD: 1.898: : 170it [00:09, 16.95it/s]
Acc: 1.000, LD: 1.898: : 180it [00:10, 17.24it/s]
Acc: 1.000, LD: 1.900: : 180it [00:10, 17.24it/s]
Acc: 1.000, LD: 1.900: : 190it [00:10, 17.44it/s]
Acc: 1.000, LD: 1.864: : 190it [00:10, 17.44it/s]
Acc: 1.000, LD: 1.864: : 200it [00:11, 17.50it/s]
Acc: 1.000, LD: 1.847: : 200it [00:11, 17.50it/s]
                                                 
Processed 200 valid samples.

==================================================
Node Ep 0 Evaluation Summary:
  - Accuracy:              1.0000
  - Logit Difference:      1.8469
  - KL Divergence:         0.0000
  - Exact Match:           1.0000
==================================================

Node pruning:   0%|          | 0/500 [00:00<?, ?it/s]/projects/beto/swong2/Alignment/Deception-Circuit/pruning.py:175: UserWarning: Converting a tensor with requires_grad=True to a scalar may lead to unexpected behavior.
Consider using tensor.detach() first. (Triggered internally at /pytorch/torch/csrc/autograd/generated/python_variable_methods.cpp:836.)
  ep_loss += float(loss)

Node pruning:   0%|          | 0/500 [00:14<?, ?it/s, KL=0.544, L=1.764, LR=3.00e-02, Sp=1.804, T=1.126]  [GPU] Node epoch 1 (fwd+bwd+optim): alloc 34.46 GB | reserved 43.34 GB | peak 42.06 GB

Node pruning:   0%|          | 1/500 [00:14<2:00:09, 14.45s/it, KL=0.544, L=1.764, LR=3.00e-02, Sp=1.804, T=1.126]
Node pruning:   0%|          | 1/500 [00:28<2:00:09, 14.45s/it, KL=0.335, L=4.199, LR=3.00e-02, Sp=5.601, T=0.591]
Node pruning:   0%|          | 2/500 [00:28<1:59:21, 14.38s/it, KL=0.335, L=4.199, LR=3.00e-02, Sp=5.601, T=0.591]
Node pruning:   0%|          | 2/500 [00:43<1:59:21, 14.38s/it, KL=0.265, L=6.747, LR=3.00e-02, Sp=9.393, T=0.306]
Node pruning:   1%|          | 3/500 [00:43<1:59:12, 14.39s/it, KL=0.265, L=6.747, LR=3.00e-02, Sp=9.393, T=0.306]
Node pruning:   1%|          | 3/500 [00:57<1:59:12, 14.39s/it, KL=0.206, L=9.296, LR=3.00e-02, Sp=13.166, T=0.057]
Node pruning:   1%|          | 4/500 [00:57<1:59:12, 14.42s/it, KL=0.206, L=9.296, LR=3.00e-02, Sp=13.166, T=0.057]
Node pruning:   1%|          | 4/500 [01:12<1:59:12, 14.42s/it, KL=0.132, L=11.888, LR=3.00e-02, Sp=16.881, T=0.106]
Node pruning:   1%|1         | 5/500 [01:12<1:58:49, 14.40s/it, KL=0.132, L=11.888, LR=3.00e-02, Sp=16.881, T=0.106]
Node pruning:   1%|1         | 5/500 [01:26<1:58:49, 14.40s/it, KL=0.126, L=14.369, LR=3.00e-02, Sp=20.438, T=0.081]
Node pruning:   1%|1         | 6/500 [01:26<1:58:41, 14.42s/it, KL=0.126, L=14.369, LR=3.00e-02, Sp=20.438, T=0.081]
Node pruning:   1%|1         | 6/500 [01:40<1:58:41, 14.42s/it, KL=0.150, L=16.649, LR=3.00e-02, Sp=23.688, T=0.074]
Node pruning:   1%|1         | 7/500 [01:40<1:58:26, 14.41s/it, KL=0.150, L=16.649, LR=3.00e-02, Sp=23.688, T=0.074]
Node pruning:   1%|1         | 7/500 [01:55<1:58:26, 14.41s/it, KL=0.176, L=18.711, LR=3.00e-02, Sp=26.545, T=0.256]
Node pruning:   2%|1         | 8/500 [01:55<1:58:11, 14.41s/it, KL=0.176, L=18.711, LR=3.00e-02, Sp=26.545, T=0.256]
Node pruning:   2%|1         | 8/500 [02:09<1:58:11, 14.41s/it, KL=0.119, L=20.352, LR=3.00e-02, Sp=28.990, T=0.079]
Node pruning:   2%|1         | 9/500 [02:09<1:57:54, 14.41s/it, KL=0.119, L=20.352, LR=3.00e-02, Sp=28.990, T=0.079]
Node pruning:   2%|1         | 9/500 [02:24<1:57:54, 14.41s/it, KL=0.117, L=21.856, LR=3.00e-02, Sp=31.126, T=0.109]
==================================================
  EVALUATING: Node Ep 10
==================================================


Evaluating Node Ep 10:   0%|          | 0/20 [00:00<?, ?it/s][A

Evaluating Node Ep 10:  50%|#####     | 10/20 [00:00<00:00, 17.72it/s][A

Acc: 1.000, LD: 2.050:  50%|#####     | 10/20 [00:00<00:00, 17.72it/s][A

Acc: 1.000, LD: 2.050: 100%|##########| 20/20 [00:01<00:00, 17.56it/s][A

Acc: 1.000, LD: 2.000: 100%|##########| 20/20 [00:01<00:00, 17.56it/s][A

Acc: 1.000, LD: 2.000: : 30it [00:01, 17.57it/s]                      [A

Acc: 1.000, LD: 2.083: : 30it [00:01, 17.57it/s][A

Acc: 1.000, LD: 2.083: : 40it [00:02, 17.59it/s][A

Acc: 1.000, LD: 2.078: : 40it [00:02, 17.59it/s][A

Acc: 1.000, LD: 2.078: : 50it [00:02, 17.62it/s][A

Acc: 1.000, LD: 2.042: : 50it [00:02, 17.62it/s][A

Acc: 1.000, LD: 2.042: : 60it [00:03, 17.63it/s][A

Acc: 1.000, LD: 2.123: : 60it [00:03, 17.63it/s][A

Acc: 1.000, LD: 2.123: : 70it [00:04, 16.61it/s][A

Acc: 1.000, LD: 2.155: : 70it [00:04, 16.61it/s][A

Acc: 1.000, LD: 2.155: : 80it [00:04, 16.92it/s][A

Acc: 1.000, LD: 2.177: : 80it [00:04, 16.92it/s][A

Acc: 1.000, LD: 2.177: : 90it [00:05, 17.09it/s][A

Acc: 1.000, LD: 2.154: : 90it [00:05, 17.09it/s][A

Acc: 1.000, LD: 2.154: : 100it [00:05, 17.26it/s][A

Acc: 1.000, LD: 2.121: : 100it [00:05, 17.26it/s][A

Acc: 1.000, LD: 2.121: : 110it [00:06, 17.37it/s][A

Acc: 0.991, LD: 2.124: : 110it [00:06, 17.37it/s][A

Acc: 0.991, LD: 2.124: : 120it [00:06, 17.46it/s][A

Acc: 0.992, LD: 2.102: : 120it [00:06, 17.46it/s][A

Acc: 0.992, LD: 2.102: : 130it [00:07, 17.52it/s][A

Acc: 0.992, LD: 2.119: : 130it [00:07, 17.52it/s][A

Acc: 0.992, LD: 2.119: : 140it [00:08, 17.55it/s][A

Acc: 0.993, LD: 2.108: : 140it [00:08, 17.55it/s][A

Acc: 0.993, LD: 2.108: : 150it [00:08, 17.56it/s][A

Acc: 0.993, LD: 2.088: : 150it [00:08, 17.56it/s][A

Acc: 0.993, LD: 2.088: : 160it [00:09, 16.26it/s][A

Acc: 0.994, LD: 2.066: : 160it [00:09, 16.26it/s][A

Acc: 0.994, LD: 2.066: : 170it [00:09, 16.67it/s][A

Acc: 0.994, LD: 2.032: : 170it [00:09, 16.67it/s][A

Acc: 0.994, LD: 2.032: : 180it [00:10, 16.94it/s][A

Acc: 0.994, LD: 2.035: : 180it [00:10, 16.94it/s][A

Acc: 0.994, LD: 2.035: : 190it [00:11, 17.12it/s][A

Acc: 0.995, LD: 2.009: : 190it [00:11, 17.12it/s][A

Acc: 0.995, LD: 2.009: : 200it [00:11, 17.22it/s][A

Acc: 0.995, LD: 2.000: : 200it [00:11, 17.22it/s][A

                                                 [A
Processed 200 valid samples.

==================================================
Node Ep 10 Evaluation Summary:
  - Accuracy:              0.9950
  - Logit Difference:      2.0000
  - KL Divergence:         0.0220
  - Exact Match:           0.9950
==================================================

Node pruning:   2%|2         | 10/500 [02:35<2:27:06, 18.01s/it, KL=0.117, L=21.856, LR=3.00e-02, Sp=31.126, T=0.109]
Node pruning:   2%|2         | 10/500 [02:50<2:27:06, 18.01s/it, KL=0.147, L=23.340, LR=3.00e-02, Sp=33.242, T=0.089]
Node pruning:   2%|2         | 11/500 [02:50<2:17:41, 16.90s/it, KL=0.147, L=23.340, LR=3.00e-02, Sp=33.242, T=0.089]
Node pruning:   2%|2         | 11/500 [03:04<2:17:41, 16.90s/it, KL=0.137, L=24.881, LR=3.00e-02, Sp=35.415, T=0.163]
Node pruning:   2%|2         | 12/500 [03:04<2:10:55, 16.10s/it, KL=0.137, L=24.881, LR=3.00e-02, Sp=35.415, T=0.163]
Node pruning:   2%|2         | 12/500 [03:18<2:10:55, 16.10s/it, KL=0.149, L=26.375, LR=3.00e-02, Sp=37.538, T=0.178]
Node pruning:   3%|2         | 13/500 [03:18<2:06:31, 15.59s/it, KL=0.149, L=26.375, LR=3.00e-02, Sp=37.538, T=0.178]
Node pruning:   3%|2         | 13/500 [03:33<2:06:31, 15.59s/it, KL=0.207, L=27.814, LR=2.99e-02, Sp=39.541, T=0.242]
Node pruning:   3%|2         | 14/500 [03:33<2:03:30, 15.25s/it, KL=0.207, L=27.814, LR=2.99e-02, Sp=39.541, T=0.242]
Node pruning:   3%|2         | 14/500 [03:47<2:03:30, 15.25s/it, KL=0.157, L=29.058, LR=2.99e-02, Sp=41.331, T=0.266]
Node pruning:   3%|3         | 15/500 [03:47<2:01:01, 14.97s/it, KL=0.157, L=29.058, LR=2.99e-02, Sp=41.331, T=0.266]
Node pruning:   3%|3         | 15/500 [04:02<2:01:01, 14.97s/it, KL=0.124, L=30.143, LR=2.99e-02, Sp=42.945, T=0.146]
Node pruning:   3%|3         | 16/500 [04:02<1:59:30, 14.81s/it, KL=0.124, L=30.143, LR=2.99e-02, Sp=42.945, T=0.146]
Node pruning:   3%|3         | 16/500 [04:16<1:59:30, 14.81s/it, KL=0.136, L=31.107, LR=2.99e-02, Sp=44.301, T=0.186]
Node pruning:   3%|3         | 17/500 [04:16<1:58:15, 14.69s/it, KL=0.136, L=31.107, LR=2.99e-02, Sp=44.301, T=0.186]
Node pruning:   3%|3         | 17/500 [04:30<1:58:15, 14.69s/it, KL=0.144, L=31.794, LR=2.99e-02, Sp=45.269, T=0.211]
Node pruning:   4%|3         | 18/500 [04:30<1:57:05, 14.58s/it, KL=0.144, L=31.794, LR=2.99e-02, Sp=45.269, T=0.211]
Node pruning:   4%|3         | 18/500 [04:45<1:57:05, 14.58s/it, KL=0.111, L=32.117, LR=2.99e-02, Sp=45.782, T=0.121]
Node pruning:   4%|3         | 19/500 [04:45<1:56:26, 14.52s/it, KL=0.111, L=32.117, LR=2.99e-02, Sp=45.782, T=0.121]
Node pruning:   4%|3         | 19/500 [04:59<1:56:26, 14.52s/it, KL=0.132, L=32.411, LR=2.99e-02, Sp=46.184, T=0.142]
==================================================
  EVALUATING: Node Ep 20
==================================================


Evaluating Node Ep 20:   0%|          | 0/20 [00:00<?, ?it/s][A

Evaluating Node Ep 20:  50%|#####     | 10/20 [00:00<00:00, 17.67it/s][A

Acc: 1.000, LD: 1.800:  50%|#####     | 10/20 [00:00<00:00, 17.67it/s][A

Acc: 1.000, LD: 1.800: 100%|##########| 20/20 [00:01<00:00, 17.52it/s][A

Acc: 0.900, LD: 1.656: 100%|##########| 20/20 [00:01<00:00, 17.52it/s][A

Acc: 0.900, LD: 1.656: : 30it [00:01, 17.48it/s]                      [A

Acc: 0.867, LD: 1.617: : 30it [00:01, 17.48it/s][A

Acc: 0.867, LD: 1.617: : 40it [00:02, 17.55it/s][A

Acc: 0.900, LD: 1.591: : 40it [00:02, 17.55it/s][A

Acc: 0.900, LD: 1.591: : 50it [00:02, 17.58it/s][A

Acc: 0.900, LD: 1.500: : 50it [00:02, 17.58it/s][A

Acc: 0.900, LD: 1.500: : 60it [00:03, 16.57it/s][A

Acc: 0.900, LD: 1.523: : 60it [00:03, 16.57it/s][A

Acc: 0.900, LD: 1.523: : 70it [00:04, 16.90it/s][A

Acc: 0.914, LD: 1.559: : 70it [00:04, 16.90it/s][A

Acc: 0.914, LD: 1.559: : 80it [00:04, 17.13it/s][A

Acc: 0.912, LD: 1.583: : 80it [00:04, 17.13it/s][A

Acc: 0.912, LD: 1.583: : 90it [00:05, 17.27it/s][A

Acc: 0.911, LD: 1.589: : 90it [00:05, 17.27it/s][A

Acc: 0.911, LD: 1.589: : 100it [00:05, 17.38it/s][A

Acc: 0.920, LD: 1.577: : 100it [00:05, 17.38it/s][A

Acc: 0.920, LD: 1.577: : 110it [00:06, 17.46it/s][A

Acc: 0.918, LD: 1.551: : 110it [00:06, 17.46it/s][A

Acc: 0.918, LD: 1.551: : 120it [00:06, 17.50it/s][A

Acc: 0.925, LD: 1.544: : 120it [00:06, 17.50it/s][A

Acc: 0.925, LD: 1.544: : 130it [00:07, 17.53it/s][A

Acc: 0.923, LD: 1.546: : 130it [00:07, 17.53it/s][A

Acc: 0.923, LD: 1.546: : 140it [00:08, 17.55it/s][A

Acc: 0.907, LD: 1.521: : 140it [00:08, 17.55it/s][A

Acc: 0.907, LD: 1.521: : 150it [00:08, 17.58it/s][A

Acc: 0.893, LD: 1.486: : 150it [00:08, 17.58it/s][A

Acc: 0.893, LD: 1.486: : 160it [00:09, 16.75it/s][A

Acc: 0.894, LD: 1.492: : 160it [00:09, 16.75it/s][A

Acc: 0.894, LD: 1.492: : 170it [00:09, 17.00it/s][A

Acc: 0.900, LD: 1.497: : 170it [00:09, 17.00it/s][A

Acc: 0.900, LD: 1.497: : 180it [00:10, 17.18it/s][A

Acc: 0.906, LD: 1.503: : 180it [00:10, 17.18it/s][A

Acc: 0.906, LD: 1.503: : 190it [00:10, 17.27it/s][A

Acc: 0.900, LD: 1.482: : 190it [00:10, 17.27it/s][A

Acc: 0.900, LD: 1.482: : 200it [00:11, 17.35it/s][A

Acc: 0.905, LD: 1.501: : 200it [00:11, 17.35it/s][A

                                                 [A
Processed 200 valid samples.

==================================================
Node Ep 20 Evaluation Summary:
  - Accuracy:              0.9050
  - Logit Difference:      1.5012
  - KL Divergence:         0.0933
  - Exact Match:           0.9100
==================================================

Node pruning:   4%|4         | 20/500 [05:11<2:23:47, 17.97s/it, KL=0.132, L=32.411, LR=2.99e-02, Sp=46.184, T=0.142]
Node pruning:   4%|4         | 20/500 [05:25<2:23:47, 17.97s/it, KL=0.187, L=32.639, LR=2.99e-02, Sp=46.452, T=0.221]
Node pruning:   4%|4         | 21/500 [05:25<2:15:00, 16.91s/it, KL=0.187, L=32.639, LR=2.99e-02, Sp=46.452, T=0.221]
Node pruning:   4%|4         | 21/500 [05:39<2:15:00, 16.91s/it, KL=0.156, L=32.625, LR=2.99e-02, Sp=46.450, T=0.211]
Node pruning:   4%|4         | 22/500 [05:39<2:08:25, 16.12s/it, KL=0.156, L=32.625, LR=2.99e-02, Sp=46.450, T=0.211]
Node pruning:   4%|4         | 22/500 [05:54<2:08:25, 16.12s/it, KL=0.099, L=32.486, LR=2.98e-02, Sp=46.338, T=0.066]
Node pruning:   5%|4         | 23/500 [05:54<2:04:05, 15.61s/it, KL=0.099, L=32.486, LR=2.98e-02, Sp=46.338, T=0.066]
Node pruning:   5%|4         | 23/500 [06:08<2:04:05, 15.61s/it, KL=0.117, L=32.319, LR=2.98e-02, Sp=46.063, T=0.132]
Node pruning:   5%|4         | 24/500 [06:08<2:00:56, 15.24s/it, KL=0.117, L=32.319, LR=2.98e-02, Sp=46.063, T=0.132]
Node pruning:   5%|4         | 24/500 [06:23<2:00:56, 15.24s/it, KL=0.102, L=32.225, LR=2.98e-02, Sp=45.975, T=0.039]
Node pruning:   5%|5         | 25/500 [06:23<1:58:32, 14.97s/it, KL=0.102, L=32.225, LR=2.98e-02, Sp=45.975, T=0.039]
Node pruning:   5%|5         | 25/500 [06:37<1:58:32, 14.97s/it, KL=0.109, L=32.122, LR=2.98e-02, Sp=45.786, T=0.129]
Node pruning:   5%|5         | 26/500 [06:37<1:56:50, 14.79s/it, KL=0.109, L=32.122, LR=2.98e-02, Sp=45.786, T=0.129]
Node pruning:   5%|5         | 26/500 [06:51<1:56:50, 14.79s/it, KL=0.242, L=32.078, LR=2.98e-02, Sp=45.543, T=0.418]
Node pruning:   5%|5         | 27/500 [06:51<1:55:44, 14.68s/it, KL=0.242, L=32.078, LR=2.98e-02, Sp=45.543, T=0.418]
Node pruning:   5%|5         | 27/500 [07:06<1:55:44, 14.68s/it, KL=0.117, L=31.929, LR=2.98e-02, Sp=45.552, T=0.024]
Node pruning:   6%|5         | 28/500 [07:06<1:55:30, 14.68s/it, KL=0.117, L=31.929, LR=2.98e-02, Sp=45.552, T=0.024]
Node pruning:   6%|5         | 28/500 [07:20<1:55:30, 14.68s/it, KL=0.133, L=31.885, LR=2.98e-02, Sp=45.422, T=0.164]
Node pruning:   6%|5         | 29/500 [07:20<1:54:29, 14.58s/it, KL=0.133, L=31.885, LR=2.98e-02, Sp=45.422, T=0.164]
Node pruning:   6%|5         | 29/500 [07:35<1:54:29, 14.58s/it, KL=0.131, L=31.651, LR=2.97e-02, Sp=45.108, T=0.120]
==================================================
  EVALUATING: Node Ep 30
==================================================


Evaluating Node Ep 30:   0%|          | 0/20 [00:00<?, ?it/s][A

Evaluating Node Ep 30:  50%|#####     | 10/20 [00:00<00:00, 17.73it/s][A

Acc: 1.000, LD: 3.575:  50%|#####     | 10/20 [00:00<00:00, 17.73it/s][A

Acc: 1.000, LD: 3.575: 100%|##########| 20/20 [00:01<00:00, 17.58it/s][A

Acc: 1.000, LD: 3.631: 100%|##########| 20/20 [00:01<00:00, 17.58it/s][A

Acc: 1.000, LD: 3.631: : 30it [00:01, 17.58it/s]                      [A

Acc: 1.000, LD: 3.558: : 30it [00:01, 17.58it/s][A

Acc: 1.000, LD: 3.558: : 40it [00:02, 17.63it/s][A

Acc: 1.000, LD: 3.525: : 40it [00:02, 17.63it/s][A

Acc: 1.000, LD: 3.525: : 50it [00:02, 16.51it/s][A

Acc: 1.000, LD: 3.453: : 50it [00:02, 16.51it/s][A

Acc: 1.000, LD: 3.453: : 60it [00:03, 16.91it/s][A

Acc: 1.000, LD: 3.462: : 60it [00:03, 16.91it/s][A

Acc: 1.000, LD: 3.462: : 70it [00:04, 17.06it/s][A

Acc: 1.000, LD: 3.504: : 70it [00:04, 17.06it/s][A

Acc: 1.000, LD: 3.504: : 80it [00:04, 17.19it/s][A

Acc: 1.000, LD: 3.511: : 80it [00:04, 17.19it/s][A

Acc: 1.000, LD: 3.511: : 90it [00:05, 17.33it/s][A

Acc: 1.000, LD: 3.468: : 90it [00:05, 17.33it/s][A

Acc: 1.000, LD: 3.468: : 100it [00:05, 17.43it/s][A

Acc: 1.000, LD: 3.421: : 100it [00:05, 17.43it/s][A

Acc: 1.000, LD: 3.421: : 110it [00:06, 17.50it/s][A

Acc: 1.000, LD: 3.405: : 110it [00:06, 17.50it/s][A

Acc: 1.000, LD: 3.405: : 120it [00:06, 17.54it/s][A

Acc: 1.000, LD: 3.406: : 120it [00:06, 17.54it/s][A

Acc: 1.000, LD: 3.406: : 130it [00:07, 17.58it/s][A

Acc: 1.000, LD: 3.417: : 130it [00:07, 17.58it/s][A

Acc: 1.000, LD: 3.417: : 140it [00:08, 16.67it/s][A

Acc: 1.000, LD: 3.388: : 140it [00:08, 16.67it/s][A

Acc: 1.000, LD: 3.388: : 150it [00:08, 16.96it/s][A

Acc: 1.000, LD: 3.376: : 150it [00:08, 16.96it/s][A

Acc: 1.000, LD: 3.376: : 160it [00:09, 17.16it/s][A

Acc: 1.000, LD: 3.378: : 160it [00:09, 17.16it/s][A

Acc: 1.000, LD: 3.378: : 170it [00:09, 17.30it/s][A

Acc: 1.000, LD: 3.351: : 170it [00:09, 17.30it/s][A

Acc: 1.000, LD: 3.351: : 180it [00:10, 17.41it/s][A

Acc: 1.000, LD: 3.345: : 180it [00:10, 17.41it/s][A

Acc: 1.000, LD: 3.345: : 190it [00:10, 17.48it/s][A

Acc: 1.000, LD: 3.319: : 190it [00:10, 17.48it/s][A

Acc: 1.000, LD: 3.319: : 200it [00:11, 17.50it/s][A

Acc: 1.000, LD: 3.317: : 200it [00:11, 17.50it/s][A

                                                 [A
Processed 200 valid samples.

==================================================
Node Ep 30 Evaluation Summary:
  - Accuracy:              1.0000
  - Logit Difference:      3.3175
  - KL Divergence:         0.1710
  - Exact Match:           1.0000
==================================================

Node pruning:   6%|6         | 30/500 [07:46<2:21:11, 18.02s/it, KL=0.131, L=31.651, LR=2.97e-02, Sp=45.108, T=0.120]
Node pruning:   6%|6         | 30/500 [08:01<2:21:11, 18.02s/it, KL=0.115, L=31.477, LR=2.97e-02, Sp=44.875, T=0.100]
Node pruning:   6%|6         | 31/500 [08:01<2:12:21, 16.93s/it, KL=0.115, L=31.477, LR=2.97e-02, Sp=44.875, T=0.100]
Node pruning:   6%|6         | 31/500 [08:15<2:12:21, 16.93s/it, KL=0.099, L=31.416, LR=2.97e-02, Sp=44.820, T=0.041]
Node pruning:   6%|6         | 32/500 [08:15<2:06:13, 16.18s/it, KL=0.099, L=31.416, LR=2.97e-02, Sp=44.820, T=0.041]
Node pruning:   6%|6         | 32/500 [08:30<2:06:13, 16.18s/it, KL=0.167, L=31.539, LR=2.97e-02, Sp=44.917, T=0.155]
Node pruning:   7%|6         | 33/500 [08:30<2:01:35, 15.62s/it, KL=0.167, L=31.539, LR=2.97e-02, Sp=44.917, T=0.155]
Node pruning:   7%|6         | 33/500 [08:44<2:01:35, 15.62s/it, KL=0.105, L=31.548, LR=2.97e-02, Sp=44.996, T=0.066]
Node pruning:   7%|6         | 34/500 [08:44<1:58:40, 15.28s/it, KL=0.105, L=31.548, LR=2.97e-02, Sp=44.996, T=0.066]
Node pruning:   7%|6         | 34/500 [08:58<1:58:40, 15.28s/it, KL=0.101, L=31.533, LR=2.96e-02, Sp=44.994, T=0.024]
Node pruning:   7%|7         | 35/500 [08:58<1:56:27, 15.03s/it, KL=0.101, L=31.533, LR=2.96e-02, Sp=44.994, T=0.024]
Node pruning:   7%|7         | 35/500 [09:13<1:56:27, 15.03s/it, KL=0.106, L=31.437, LR=2.96e-02, Sp=44.844, T=0.047]
Node pruning:   7%|7         | 36/500 [09:13<1:54:25, 14.80s/it, KL=0.106, L=31.437, LR=2.96e-02, Sp=44.844, T=0.047]
Node pruning:   7%|7         | 36/500 [09:27<1:54:25, 14.80s/it, KL=0.184, L=31.213, LR=2.96e-02, Sp=44.388, T=0.288]
Node pruning:   7%|7         | 37/500 [09:27<1:53:17, 14.68s/it, KL=0.184, L=31.213, LR=2.96e-02, Sp=44.388, T=0.288]
Node pruning:   7%|7         | 37/500 [09:42<1:53:17, 14.68s/it, KL=0.137, L=30.705, LR=2.96e-02, Sp=43.748, T=0.134]
Node pruning:   8%|7         | 38/500 [09:42<1:52:22, 14.59s/it, KL=0.137, L=30.705, LR=2.96e-02, Sp=43.748, T=0.134]
Node pruning:   8%|7         | 38/500 [09:56<1:52:22, 14.59s/it, KL=0.147, L=30.271, LR=2.96e-02, Sp=43.106, T=0.175]
Node pruning:   8%|7         | 39/500 [09:56<1:51:36, 14.53s/it, KL=0.147, L=30.271, LR=2.96e-02, Sp=43.106, T=0.175]
Node pruning:   8%|7         | 39/500 [10:10<1:51:36, 14.53s/it, KL=0.185, L=29.970, LR=2.95e-02, Sp=42.633, T=0.239]
==================================================
  EVALUATING: Node Ep 40
==================================================


Evaluating Node Ep 40:   0%|          | 0/20 [00:00<?, ?it/s][A

Evaluating Node Ep 40:  50%|#####     | 10/20 [00:00<00:00, 17.70it/s][A

Acc: 1.000, LD: 4.500:  50%|#####     | 10/20 [00:00<00:00, 17.70it/s][A

Acc: 1.000, LD: 4.500: 100%|##########| 20/20 [00:01<00:00, 17.64it/s][A

Acc: 1.000, LD: 4.231: 100%|##########| 20/20 [00:01<00:00, 17.64it/s][A

Acc: 1.000, LD: 4.231: : 30it [00:01, 17.58it/s]                      [A

Acc: 1.000, LD: 4.088: : 30it [00:01, 17.58it/s][A

Acc: 1.000, LD: 4.088: : 40it [00:02, 17.58it/s][A

Acc: 1.000, LD: 3.938: : 40it [00:02, 17.58it/s][A

Acc: 1.000, LD: 3.938: : 50it [00:02, 16.80it/s][A

Acc: 1.000, LD: 3.920: : 50it [00:02, 16.80it/s][A

Acc: 1.000, LD: 3.920: : 60it [00:03, 17.08it/s][A

Acc: 1.000, LD: 3.831: : 60it [00:03, 17.08it/s][A

Acc: 1.000, LD: 3.831: : 70it [00:04, 17.27it/s][A

Acc: 1.000, LD: 3.823: : 70it [00:04, 17.27it/s][A

Acc: 1.000, LD: 3.823: : 80it [00:04, 17.39it/s][A

Acc: 1.000, LD: 3.773: : 80it [00:04, 17.39it/s][A

Acc: 1.000, LD: 3.773: : 90it [00:05, 17.48it/s][A

Acc: 1.000, LD: 3.754: : 90it [00:05, 17.48it/s][A

Acc: 1.000, LD: 3.754: : 100it [00:05, 17.54it/s][A

Acc: 1.000, LD: 3.800: : 100it [00:05, 17.54it/s][A

Acc: 1.000, LD: 3.800: : 110it [00:06, 17.57it/s][A

Acc: 1.000, LD: 3.807: : 110it [00:06, 17.57it/s][A

Acc: 1.000, LD: 3.807: : 120it [00:06, 17.59it/s][A

Acc: 1.000, LD: 3.775: : 120it [00:06, 17.59it/s][A

Acc: 1.000, LD: 3.775: : 130it [00:07, 17.62it/s][A

Acc: 1.000, LD: 3.760: : 130it [00:07, 17.62it/s][A

Acc: 1.000, LD: 3.760: : 140it [00:08, 16.72it/s][A

Acc: 1.000, LD: 3.721: : 140it [00:08, 16.72it/s][A

Acc: 1.000, LD: 3.721: : 150it [00:08, 16.99it/s][A

Acc: 1.000, LD: 3.671: : 150it [00:08, 16.99it/s][A

Acc: 1.000, LD: 3.671: : 160it [00:09, 17.18it/s][A

Acc: 1.000, LD: 3.668: : 160it [00:09, 17.18it/s][A

Acc: 1.000, LD: 3.668: : 170it [00:09, 17.32it/s][A

Acc: 1.000, LD: 3.617: : 170it [00:09, 17.32it/s][A

Acc: 1.000, LD: 3.617: : 180it [00:10, 17.43it/s][A

Acc: 1.000, LD: 3.650: : 180it [00:10, 17.43it/s][A

Acc: 1.000, LD: 3.650: : 190it [00:10, 17.50it/s][A

Acc: 1.000, LD: 3.638: : 190it [00:10, 17.50it/s][A

Acc: 1.000, LD: 3.638: : 200it [00:11, 17.55it/s][A

Acc: 1.000, LD: 3.645: : 200it [00:11, 17.55it/s][A

                                                 [A
Processed 200 valid samples.

==================================================
Node Ep 40 Evaluation Summary:
  - Accuracy:              1.0000
  - Logit Difference:      3.6450
  - KL Divergence:         0.2504
  - Exact Match:           1.0000
==================================================

Node pruning:   8%|8         | 40/500 [10:22<2:17:29, 17.93s/it, KL=0.185, L=29.970, LR=2.95e-02, Sp=42.633, T=0.239]
Node pruning:   8%|8         | 40/500 [10:36<2:17:29, 17.93s/it, KL=0.170, L=29.618, LR=2.95e-02, Sp=42.146, T=0.217]
Node pruning:   8%|8         | 41/500 [10:36<2:08:58, 16.86s/it, KL=0.170, L=29.618, LR=2.95e-02, Sp=42.146, T=0.217]
Node pruning:   8%|8         | 41/500 [10:51<2:08:58, 16.86s/it, KL=0.166, L=29.140, LR=2.95e-02, Sp=41.447, T=0.259]
Node pruning:   8%|8         | 42/500 [10:51<2:03:00, 16.11s/it, KL=0.166, L=29.140, LR=2.95e-02, Sp=41.447, T=0.259]
Node pruning:   8%|8         | 42/500 [11:05<2:03:00, 16.11s/it, KL=0.167, L=28.515, LR=2.95e-02, Sp=40.591, T=0.173]
Node pruning:   9%|8         | 43/500 [11:05<1:58:34, 15.57s/it, KL=0.167, L=28.515, LR=2.95e-02, Sp=40.591, T=0.173]
Node pruning:   9%|8         | 43/500 [11:19<1:58:34, 15.57s/it, KL=0.228, L=28.026, LR=2.94e-02, Sp=39.839, T=0.236]
Node pruning:   9%|8         | 44/500 [11:19<1:55:39, 15.22s/it, KL=0.228, L=28.026, LR=2.94e-02, Sp=39.839, T=0.236]
Node pruning:   9%|8         | 44/500 [11:34<1:55:39, 15.22s/it, KL=0.287, L=27.536, LR=2.94e-02, Sp=39.042, T=0.404]
Node pruning:   9%|9         | 45/500 [11:34<1:53:28, 14.96s/it, KL=0.287, L=27.536, LR=2.94e-02, Sp=39.042, T=0.404]
Node pruning:   9%|9         | 45/500 [11:50<1:53:28, 14.96s/it, KL=0.182, L=26.702, LR=2.94e-02, Sp=37.965, T=0.240]
Node pruning:   9%|9         | 46/500 [11:50<1:57:09, 15.48s/it, KL=0.182, L=26.702, LR=2.94e-02, Sp=37.965, T=0.240]
Node pruning:   9%|9         | 46/500 [12:05<1:57:09, 15.48s/it, KL=0.179, L=25.950, LR=2.94e-02, Sp=36.897, T=0.230]
Node pruning:   9%|9         | 47/500 [12:05<1:54:34, 15.18s/it, KL=0.179, L=25.950, LR=2.94e-02, Sp=36.897, T=0.230]
Node pruning:   9%|9         | 47/500 [12:19<1:54:34, 15.18s/it, KL=0.229, L=25.225, LR=2.93e-02, Sp=35.781, T=0.368]
Node pruning:  10%|9         | 48/500 [12:19<1:52:38, 14.95s/it, KL=0.229, L=25.225, LR=2.93e-02, Sp=35.781, T=0.368]
Node pruning:  10%|9         | 48/500 [12:34<1:52:38, 14.95s/it, KL=0.192, L=24.408, LR=2.93e-02, Sp=34.676, T=0.260]
Node pruning:  10%|9         | 49/500 [12:34<1:51:13, 14.80s/it, KL=0.192, L=24.408, LR=2.93e-02, Sp=34.676, T=0.260]
Node pruning:  10%|9         | 49/500 [12:48<1:51:13, 14.80s/it, KL=0.216, L=23.820, LR=2.93e-02, Sp=33.804, T=0.307]
==================================================
  EVALUATING: Node Ep 50
==================================================


Evaluating Node Ep 50:   0%|          | 0/20 [00:00<?, ?it/s][A

Evaluating Node Ep 50:  50%|#####     | 10/20 [00:00<00:00, 17.77it/s][A

Acc: 1.000, LD: 3.688:  50%|#####     | 10/20 [00:00<00:00, 17.77it/s][A

Acc: 1.000, LD: 3.688: 100%|##########| 20/20 [00:01<00:00, 15.97it/s][A

Acc: 1.000, LD: 3.481: 100%|##########| 20/20 [00:01<00:00, 15.97it/s][A

Acc: 1.000, LD: 3.481: : 30it [00:01, 16.65it/s]                      [A

Acc: 1.000, LD: 3.392: : 30it [00:01, 16.65it/s][A

Acc: 1.000, LD: 3.392: : 40it [00:02, 17.02it/s][A

Acc: 1.000, LD: 3.278: : 40it [00:02, 17.02it/s][A

Acc: 1.000, LD: 3.278: : 50it [00:02, 17.25it/s][A

Acc: 1.000, LD: 3.263: : 50it [00:02, 17.25it/s][A

Acc: 1.000, LD: 3.263: : 60it [00:03, 17.39it/s][A

Acc: 1.000, LD: 3.190: : 60it [00:03, 17.39it/s][A

Acc: 1.000, LD: 3.190: : 70it [00:04, 17.45it/s][A

Acc: 1.000, LD: 3.180: : 70it [00:04, 17.45it/s][A

Acc: 1.000, LD: 3.180: : 80it [00:04, 17.50it/s][A

Acc: 1.000, LD: 3.091: : 80it [00:04, 17.50it/s][A

Acc: 1.000, LD: 3.091: : 90it [00:05, 17.56it/s][A

Acc: 1.000, LD: 3.083: : 90it [00:05, 17.56it/s][A

Acc: 1.000, LD: 3.083: : 100it [00:05, 17.59it/s][A

Acc: 1.000, LD: 3.134: : 100it [00:05, 17.59it/s][A

Acc: 1.000, LD: 3.134: : 110it [00:06, 17.62it/s][A

Acc: 1.000, LD: 3.127: : 110it [00:06, 17.62it/s][A

Acc: 1.000, LD: 3.127: : 120it [00:07, 16.25it/s][A

Acc: 1.000, LD: 3.103: : 120it [00:07, 16.25it/s][A

Acc: 1.000, LD: 3.103: : 130it [00:07, 16.55it/s][A

Acc: 1.000, LD: 3.090: : 130it [00:07, 16.55it/s][A

Acc: 1.000, LD: 3.090: : 140it [00:08, 16.88it/s][A

Acc: 1.000, LD: 3.058: : 140it [00:08, 16.88it/s][A

Acc: 1.000, LD: 3.058: : 150it [00:08, 17.11it/s][A

Acc: 1.000, LD: 3.015: : 150it [00:08, 17.11it/s][A

Acc: 1.000, LD: 3.015: : 160it [00:09, 17.26it/s][A

Acc: 1.000, LD: 3.011: : 160it [00:09, 17.26it/s][A

Acc: 1.000, LD: 3.011: : 170it [00:09, 17.39it/s][A

Acc: 1.000, LD: 2.969: : 170it [00:09, 17.39it/s][A

Acc: 1.000, LD: 2.969: : 180it [00:10, 17.47it/s][A

Acc: 1.000, LD: 2.997: : 180it [00:10, 17.47it/s][A

Acc: 1.000, LD: 2.997: : 190it [00:11, 17.53it/s][A

Acc: 1.000, LD: 2.984: : 190it [00:11, 17.53it/s][A

Acc: 1.000, LD: 2.984: : 200it [00:11, 17.45it/s][A

Acc: 1.000, LD: 2.992: : 200it [00:11, 17.45it/s][A

                                                 [A
Processed 200 valid samples.

==================================================
Node Ep 50 Evaluation Summary:
  - Accuracy:              1.0000
  - Logit Difference:      2.9919
  - KL Divergence:         0.1749
  - Exact Match:           1.0000
==================================================

Node pruning:  10%|#         | 50/500 [13:00<2:16:07, 18.15s/it, KL=0.216, L=23.820, LR=2.93e-02, Sp=33.804, T=0.307]
Node pruning:  10%|#         | 50/500 [13:14<2:16:07, 18.15s/it, KL=0.233, L=23.058, LR=2.92e-02, Sp=32.689, T=0.352]
Node pruning:  10%|#         | 51/500 [13:14<2:07:20, 17.02s/it, KL=0.233, L=23.058, LR=2.92e-02, Sp=32.689, T=0.352]
Node pruning:  10%|#         | 51/500 [13:28<2:07:20, 17.02s/it, KL=0.191, L=22.028, LR=2.92e-02, Sp=31.266, T=0.282]
Node pruning:  10%|#         | 52/500 [13:28<2:01:12, 16.23s/it, KL=0.191, L=22.028, LR=2.92e-02, Sp=31.266, T=0.282]
Node pruning:  10%|#         | 52/500 [13:43<2:01:12, 16.23s/it, KL=0.268, L=21.062, LR=2.92e-02, Sp=29.763, T=0.494]
Node pruning:  11%|#         | 53/500 [13:43<1:56:49, 15.68s/it, KL=0.268, L=21.062, LR=2.92e-02, Sp=29.763, T=0.494]
Node pruning:  11%|#         | 53/500 [13:57<1:56:49, 15.68s/it, KL=0.366, L=20.105, LR=2.91e-02, Sp=28.265, T=0.701]
Node pruning:  11%|#         | 54/500 [13:57<1:53:31, 15.27s/it, KL=0.366, L=20.105, LR=2.91e-02, Sp=28.265, T=0.701]
Node pruning:  11%|#         | 54/500 [14:11<1:53:31, 15.27s/it, KL=0.266, L=19.168, LR=2.91e-02, Sp=27.079, T=0.441]
Node pruning:  11%|#1        | 55/500 [14:11<1:51:19, 15.01s/it, KL=0.266, L=19.168, LR=2.91e-02, Sp=27.079, T=0.441]
Node pruning:  11%|#1        | 55/500 [14:26<1:51:19, 15.01s/it, KL=0.271, L=18.461, LR=2.91e-02, Sp=26.067, T=0.440]
Node pruning:  11%|#1        | 56/500 [14:26<1:49:50, 14.84s/it, KL=0.271, L=18.461, LR=2.91e-02, Sp=26.067, T=0.440]
Node pruning:  11%|#1        | 56/500 [14:40<1:49:50, 14.84s/it, KL=0.222, L=17.761, LR=2.91e-02, Sp=25.156, T=0.285]
Node pruning:  11%|#1        | 57/500 [14:40<1:48:28, 14.69s/it, KL=0.222, L=17.761, LR=2.91e-02, Sp=25.156, T=0.285]
Node pruning:  11%|#1        | 57/500 [14:55<1:48:28, 14.69s/it, KL=0.221, L=17.187, LR=2.90e-02, Sp=24.326, T=0.306]
Node pruning:  12%|#1        | 58/500 [14:55<1:47:35, 14.60s/it, KL=0.221, L=17.187, LR=2.90e-02, Sp=24.326, T=0.306]
Node pruning:  12%|#1        | 58/500 [15:09<1:47:35, 14.60s/it, KL=0.242, L=16.683, LR=2.90e-02, Sp=23.570, T=0.370]
Node pruning:  12%|#1        | 59/500 [15:09<1:46:49, 14.53s/it, KL=0.242, L=16.683, LR=2.90e-02, Sp=23.570, T=0.370]
Node pruning:  12%|#1        | 59/500 [15:23<1:46:49, 14.53s/it, KL=0.191, L=16.142, LR=2.90e-02, Sp=22.884, T=0.218]
==================================================
  EVALUATING: Node Ep 60
==================================================


Evaluating Node Ep 60:   0%|          | 0/20 [00:00<?, ?it/s][A

Evaluating Node Ep 60:  50%|#####     | 10/20 [00:00<00:00, 17.78it/s][A

Acc: 0.900, LD: 2.950:  50%|#####     | 10/20 [00:00<00:00, 17.78it/s][A

Acc: 0.900, LD: 2.950: 100%|##########| 20/20 [00:01<00:00, 16.26it/s][A

Acc: 0.950, LD: 2.906: 100%|##########| 20/20 [00:01<00:00, 16.26it/s][A

Acc: 0.950, LD: 2.906: : 30it [00:01, 16.77it/s]                      [A

Acc: 0.967, LD: 2.671: : 30it [00:01, 16.77it/s][A

Acc: 0.967, LD: 2.671: : 40it [00:02, 17.06it/s][A

Acc: 0.950, LD: 2.600: : 40it [00:02, 17.06it/s][A

Acc: 0.950, LD: 2.600: : 50it [00:02, 17.26it/s][A

Acc: 0.940, LD: 2.535: : 50it [00:02, 17.26it/s][A

Acc: 0.940, LD: 2.535: : 60it [00:03, 17.39it/s][A

Acc: 0.950, LD: 2.450: : 60it [00:03, 17.39it/s][A

Acc: 0.950, LD: 2.450: : 70it [00:04, 17.48it/s][A

Acc: 0.943, LD: 2.366: : 70it [00:04, 17.48it/s][A

Acc: 0.943, LD: 2.366: : 80it [00:04, 17.54it/s][A

Acc: 0.925, LD: 2.222: : 80it [00:04, 17.54it/s][A

Acc: 0.925, LD: 2.222: : 90it [00:05, 17.57it/s][A

Acc: 0.922, LD: 2.169: : 90it [00:05, 17.57it/s][A

Acc: 0.922, LD: 2.169: : 100it [00:05, 17.60it/s][A

Acc: 0.930, LD: 2.254: : 100it [00:05, 17.60it/s][A

Acc: 0.930, LD: 2.254: : 110it [00:06, 16.67it/s][A

Acc: 0.936, LD: 2.274: : 110it [00:06, 16.67it/s][A

Acc: 0.936, LD: 2.274: : 120it [00:06, 16.96it/s][A

Acc: 0.925, LD: 2.226: : 120it [00:06, 16.96it/s][A

Acc: 0.925, LD: 2.226: : 130it [00:07, 17.16it/s][A

Acc: 0.915, LD: 2.217: : 130it [00:07, 17.16it/s][A

Acc: 0.915, LD: 2.217: : 140it [00:08, 17.31it/s][A

Acc: 0.921, LD: 2.174: : 140it [00:08, 17.31it/s][A

Acc: 0.921, LD: 2.174: : 150it [00:08, 17.39it/s][A

Acc: 0.920, LD: 2.146: : 150it [00:08, 17.39it/s][A

Acc: 0.920, LD: 2.146: : 160it [00:09, 17.47it/s][A

Acc: 0.919, LD: 2.145: : 160it [00:09, 17.47it/s][A

Acc: 0.919, LD: 2.145: : 170it [00:09, 17.52it/s][A

Acc: 0.912, LD: 2.085: : 170it [00:09, 17.52it/s][A

Acc: 0.912, LD: 2.085: : 180it [00:10, 17.56it/s][A

Acc: 0.906, LD: 2.109: : 180it [00:10, 17.56it/s][A

Acc: 0.906, LD: 2.109: : 190it [00:10, 17.58it/s][A

Acc: 0.905, LD: 2.091: : 190it [00:10, 17.58it/s][A

Acc: 0.905, LD: 2.091: : 200it [00:11, 16.70it/s][A

Acc: 0.905, LD: 2.078: : 200it [00:11, 16.70it/s][A

                                                 [A
Processed 200 valid samples.

==================================================
Node Ep 60 Evaluation Summary:
  - Accuracy:              0.9050
  - Logit Difference:      2.0781
  - KL Divergence:         0.2338
  - Exact Match:           0.9050
==================================================

Node pruning:  12%|#2        | 60/500 [15:35<2:11:46, 17.97s/it, KL=0.191, L=16.142, LR=2.90e-02, Sp=22.884, T=0.218]
Node pruning:  12%|#2        | 60/500 [15:49<2:11:46, 17.97s/it, KL=0.340, L=15.841, LR=2.89e-02, Sp=22.248, T=0.553]
Node pruning:  12%|#2        | 61/500 [15:49<2:03:18, 16.85s/it, KL=0.340, L=15.841, LR=2.89e-02, Sp=22.248, T=0.553]
Node pruning:  12%|#2        | 61/500 [16:04<2:03:18, 16.85s/it, KL=0.233, L=15.332, LR=2.89e-02, Sp=21.666, T=0.319]
Node pruning:  12%|#2        | 62/500 [16:04<1:57:52, 16.15s/it, KL=0.233, L=15.332, LR=2.89e-02, Sp=21.666, T=0.319]
Node pruning:  12%|#2        | 62/500 [16:18<1:57:52, 16.15s/it, KL=0.261, L=14.989, LR=2.88e-02, Sp=21.136, T=0.384]
Node pruning:  13%|#2        | 63/500 [16:18<1:53:51, 15.63s/it, KL=0.261, L=14.989, LR=2.88e-02, Sp=21.136, T=0.384]
Node pruning:  13%|#2        | 63/500 [16:33<1:53:51, 15.63s/it, KL=0.236, L=14.630, LR=2.88e-02, Sp=20.652, T=0.341]
Node pruning:  13%|#2        | 64/500 [16:33<1:50:51, 15.26s/it, KL=0.236, L=14.630, LR=2.88e-02, Sp=20.652, T=0.341]
Node pruning:  13%|#2        | 64/500 [16:47<1:50:51, 15.26s/it, KL=0.291, L=14.368, LR=2.88e-02, Sp=20.204, T=0.459]
Node pruning:  13%|#3        | 65/500 [16:47<1:48:50, 15.01s/it, KL=0.291, L=14.368, LR=2.88e-02, Sp=20.204, T=0.459]
Node pruning:  13%|#3        | 65/500 [17:02<1:48:50, 15.01s/it, KL=0.259, L=14.047, LR=2.87e-02, Sp=19.784, T=0.400]
Node pruning:  13%|#3        | 66/500 [17:02<1:47:25, 14.85s/it, KL=0.259, L=14.047, LR=2.87e-02, Sp=19.784, T=0.400]
Node pruning:  13%|#3        | 66/500 [17:16<1:47:25, 14.85s/it, KL=0.195, L=13.708, LR=2.87e-02, Sp=19.395, T=0.244]
Node pruning:  13%|#3        | 67/500 [17:16<1:45:52, 14.67s/it, KL=0.195, L=13.708, LR=2.87e-02, Sp=19.395, T=0.244]
Node pruning:  13%|#3        | 67/500 [17:30<1:45:52, 14.67s/it, KL=0.255, L=13.527, LR=2.87e-02, Sp=19.038, T=0.414]
Node pruning:  14%|#3        | 68/500 [17:30<1:44:56, 14.58s/it, KL=0.255, L=13.527, LR=2.87e-02, Sp=19.038, T=0.414]
Node pruning:  14%|#3        | 68/500 [17:45<1:44:56, 14.58s/it, KL=0.269, L=13.311, LR=2.86e-02, Sp=18.716, T=0.430]
Node pruning:  14%|#3        | 69/500 [17:45<1:44:39, 14.57s/it, KL=0.269, L=13.311, LR=2.86e-02, Sp=18.716, T=0.430]
Node pruning:  14%|#3        | 69/500 [17:59<1:44:39, 14.57s/it, KL=0.177, L=13.007, LR=2.86e-02, Sp=18.419, T=0.203]
==================================================
  EVALUATING: Node Ep 70
==================================================


Evaluating Node Ep 70:   0%|          | 0/20 [00:00<?, ?it/s][A

Evaluating Node Ep 70:  50%|#####     | 10/20 [00:00<00:00, 14.90it/s][A

Acc: 0.900, LD: 2.962:  50%|#####     | 10/20 [00:00<00:00, 14.90it/s][A

Acc: 0.900, LD: 2.962: 100%|##########| 20/20 [00:01<00:00, 16.35it/s][A

Acc: 0.950, LD: 2.825: 100%|##########| 20/20 [00:01<00:00, 16.35it/s][A

Acc: 0.950, LD: 2.825: : 30it [00:01, 16.86it/s]                      [A

Acc: 0.967, LD: 2.629: : 30it [00:01, 16.86it/s][A

Acc: 0.967, LD: 2.629: : 40it [00:02, 17.13it/s][A

Acc: 0.950, LD: 2.544: : 40it [00:02, 17.13it/s][A

Acc: 0.950, LD: 2.544: : 50it [00:02, 17.28it/s][A

Acc: 0.940, LD: 2.482: : 50it [00:02, 17.28it/s][A

Acc: 0.940, LD: 2.482: : 60it [00:03, 17.37it/s][A

Acc: 0.950, LD: 2.396: : 60it [00:03, 17.37it/s][A

Acc: 0.950, LD: 2.396: : 70it [00:04, 17.43it/s][A

Acc: 0.943, LD: 2.318: : 70it [00:04, 17.43it/s][A

Acc: 0.943, LD: 2.318: : 80it [00:04, 17.46it/s][A

Acc: 0.925, LD: 2.184: : 80it [00:04, 17.46it/s][A

Acc: 0.925, LD: 2.184: : 90it [00:05, 17.49it/s][A

Acc: 0.922, LD: 2.139: : 90it [00:05, 17.49it/s][A

Acc: 0.922, LD: 2.139: : 100it [00:05, 16.14it/s][A

Acc: 0.930, LD: 2.224: : 100it [00:05, 16.14it/s][A

Acc: 0.930, LD: 2.224: : 110it [00:06, 16.54it/s][A

Acc: 0.936, LD: 2.247: : 110it [00:06, 16.54it/s][A

Acc: 0.936, LD: 2.247: : 120it [00:07, 16.78it/s][A

Acc: 0.925, LD: 2.206: : 120it [00:07, 16.78it/s][A

Acc: 0.925, LD: 2.206: : 130it [00:07, 17.04it/s][A

Acc: 0.923, LD: 2.202: : 130it [00:07, 17.04it/s][A

Acc: 0.923, LD: 2.202: : 140it [00:08, 17.22it/s][A

Acc: 0.929, LD: 2.159: : 140it [00:08, 17.22it/s][A

Acc: 0.929, LD: 2.159: : 150it [00:08, 17.36it/s][A

Acc: 0.927, LD: 2.126: : 150it [00:08, 17.36it/s][A

Acc: 0.927, LD: 2.126: : 160it [00:09, 17.44it/s][A

Acc: 0.925, LD: 2.122: : 160it [00:09, 17.44it/s][A

Acc: 0.925, LD: 2.122: : 170it [00:09, 17.51it/s][A

Acc: 0.918, LD: 2.064: : 170it [00:09, 17.51it/s][A

Acc: 0.918, LD: 2.064: : 180it [00:10, 17.55it/s][A

Acc: 0.917, LD: 2.091: : 180it [00:10, 17.55it/s][A

Acc: 0.917, LD: 2.091: : 190it [00:11, 16.60it/s][A

Acc: 0.916, LD: 2.076: : 190it [00:11, 16.60it/s][A

Acc: 0.916, LD: 2.076: : 200it [00:11, 16.88it/s][A

Acc: 0.915, LD: 2.067: : 200it [00:11, 16.88it/s][A

                                                 [A
Processed 200 valid samples.

==================================================
Node Ep 70 Evaluation Summary:
  - Accuracy:              0.9150
  - Logit Difference:      2.0675
  - KL Divergence:         0.2187
  - Exact Match:           0.9150
==================================================

Node pruning:  14%|#4        | 70/500 [18:11<2:09:05, 18.01s/it, KL=0.177, L=13.007, LR=2.86e-02, Sp=18.419, T=0.203]
Node pruning:  14%|#4        | 70/500 [18:25<2:09:05, 18.01s/it, KL=0.210, L=12.848, LR=2.85e-02, Sp=18.136, T=0.298]
Node pruning:  14%|#4        | 71/500 [18:25<2:00:42, 16.88s/it, KL=0.210, L=12.848, LR=2.85e-02, Sp=18.136, T=0.298]
Node pruning:  14%|#4        | 71/500 [18:39<2:00:42, 16.88s/it, KL=0.229, L=12.679, LR=2.85e-02, Sp=17.875, T=0.326]
Node pruning:  14%|#4        | 72/500 [18:39<1:55:15, 16.16s/it, KL=0.229, L=12.679, LR=2.85e-02, Sp=17.875, T=0.326]
Node pruning:  14%|#4        | 72/500 [18:54<1:55:15, 16.16s/it, KL=0.210, L=12.498, LR=2.85e-02, Sp=17.636, T=0.298]
Node pruning:  15%|#4        | 73/500 [18:54<1:51:23, 15.65s/it, KL=0.210, L=12.498, LR=2.85e-02, Sp=17.636, T=0.298]
Node pruning:  15%|#4        | 73/500 [19:08<1:51:23, 15.65s/it, KL=0.278, L=12.411, LR=2.84e-02, Sp=17.412, T=0.462]
Node pruning:  15%|#4        | 74/500 [19:08<1:48:20, 15.26s/it, KL=0.278, L=12.411, LR=2.84e-02, Sp=17.412, T=0.462]
Node pruning:  15%|#4        | 74/500 [19:23<1:48:20, 15.26s/it, KL=0.229, L=12.217, LR=2.84e-02, Sp=17.207, T=0.344]
Node pruning:  15%|#5        | 75/500 [19:23<1:46:18, 15.01s/it, KL=0.229, L=12.217, LR=2.84e-02, Sp=17.207, T=0.344]
Node pruning:  15%|#5        | 75/500 [19:37<1:46:18, 15.01s/it, KL=0.177, L=12.036, LR=2.83e-02, Sp=17.021, T=0.225]
Node pruning:  15%|#5        | 76/500 [19:37<1:44:49, 14.83s/it, KL=0.177, L=12.036, LR=2.83e-02, Sp=17.021, T=0.225]
Node pruning:  15%|#5        | 76/500 [19:51<1:44:49, 14.83s/it, KL=0.171, L=11.912, LR=2.83e-02, Sp=16.849, T=0.220]
Node pruning:  15%|#5        | 77/500 [19:51<1:43:29, 14.68s/it, KL=0.171, L=11.912, LR=2.83e-02, Sp=16.849, T=0.220]
Node pruning:  15%|#5        | 77/500 [20:06<1:43:29, 14.68s/it, KL=0.182, L=11.813, LR=2.82e-02, Sp=16.691, T=0.248]
Node pruning:  16%|#5        | 78/500 [20:06<1:42:36, 14.59s/it, KL=0.182, L=11.813, LR=2.82e-02, Sp=16.691, T=0.248]
Node pruning:  16%|#5        | 78/500 [20:20<1:42:36, 14.59s/it, KL=0.225, L=11.752, LR=2.82e-02, Sp=16.546, T=0.340]
Node pruning:  16%|#5        | 79/500 [20:20<1:41:56, 14.53s/it, KL=0.225, L=11.752, LR=2.82e-02, Sp=16.546, T=0.340]
Node pruning:  16%|#5        | 79/500 [20:34<1:41:56, 14.53s/it, KL=0.244, L=11.677, LR=2.82e-02, Sp=16.410, T=0.391]
==================================================
  EVALUATING: Node Ep 80
==================================================


Evaluating Node Ep 80:   0%|          | 0/20 [00:00<?, ?it/s][A

Evaluating Node Ep 80:  50%|#####     | 10/20 [00:00<00:00, 15.10it/s][A

Acc: 0.900, LD: 2.862:  50%|#####     | 10/20 [00:00<00:00, 15.10it/s][A

Acc: 0.900, LD: 2.862: 100%|##########| 20/20 [00:01<00:00, 16.51it/s][A

Acc: 0.950, LD: 2.638: 100%|##########| 20/20 [00:01<00:00, 16.51it/s][A

Acc: 0.950, LD: 2.638: : 30it [00:01, 16.84it/s]                      [A

Acc: 0.967, LD: 2.471: : 30it [00:01, 16.84it/s][A

Acc: 0.967, LD: 2.471: : 40it [00:02, 17.11it/s][A

Acc: 0.950, LD: 2.369: : 40it [00:02, 17.11it/s][A

Acc: 0.950, LD: 2.369: : 50it [00:02, 17.30it/s][A

Acc: 0.940, LD: 2.315: : 50it [00:02, 17.30it/s][A

Acc: 0.940, LD: 2.315: : 60it [00:03, 17.43it/s][A

Acc: 0.950, LD: 2.221: : 60it [00:03, 17.43it/s][A

Acc: 0.950, LD: 2.221: : 70it [00:04, 17.51it/s][A

Acc: 0.943, LD: 2.154: : 70it [00:04, 17.51it/s][A

Acc: 0.943, LD: 2.154: : 80it [00:04, 17.57it/s][A

Acc: 0.925, LD: 2.031: : 80it [00:04, 17.57it/s][A

Acc: 0.925, LD: 2.031: : 90it [00:05, 17.60it/s][A

Acc: 0.922, LD: 1.992: : 90it [00:05, 17.60it/s][A

Acc: 0.922, LD: 1.992: : 100it [00:05, 16.48it/s][A

Acc: 0.930, LD: 2.080: : 100it [00:05, 16.48it/s][A

Acc: 0.930, LD: 2.080: : 110it [00:06, 16.84it/s][A

Acc: 0.936, LD: 2.100: : 110it [00:06, 16.84it/s][A

Acc: 0.936, LD: 2.100: : 120it [00:07, 17.09it/s][A

Acc: 0.925, LD: 2.065: : 120it [00:07, 17.09it/s][A

Acc: 0.925, LD: 2.065: : 130it [00:07, 17.26it/s][A

Acc: 0.915, LD: 2.066: : 130it [00:07, 17.26it/s][A

Acc: 0.915, LD: 2.066: : 140it [00:08, 17.38it/s][A

Acc: 0.921, LD: 2.021: : 140it [00:08, 17.38it/s][A

Acc: 0.921, LD: 2.021: : 150it [00:08, 17.47it/s][A

Acc: 0.920, LD: 1.982: : 150it [00:08, 17.47it/s][A

Acc: 0.920, LD: 1.982: : 160it [00:09, 17.52it/s][A

Acc: 0.919, LD: 1.980: : 160it [00:09, 17.52it/s][A

Acc: 0.919, LD: 1.980: : 170it [00:09, 17.57it/s][A

Acc: 0.912, LD: 1.925: : 170it [00:09, 17.57it/s][A

Acc: 0.912, LD: 1.925: : 180it [00:10, 17.60it/s][A

Acc: 0.911, LD: 1.953: : 180it [00:10, 17.60it/s][A

Acc: 0.911, LD: 1.953: : 190it [00:11, 16.70it/s][A

Acc: 0.911, LD: 1.939: : 190it [00:11, 16.70it/s][A

Acc: 0.911, LD: 1.939: : 200it [00:11, 16.97it/s][A

Acc: 0.915, LD: 1.934: : 200it [00:11, 16.97it/s][A

                                                 [A
Processed 200 valid samples.

==================================================
Node Ep 80 Evaluation Summary:
  - Accuracy:              0.9150
  - Logit Difference:      1.9338
  - KL Divergence:         0.2042
  - Exact Match:           0.9150
==================================================

Node pruning:  16%|#6        | 80/500 [20:46<2:05:46, 17.97s/it, KL=0.244, L=11.677, LR=2.82e-02, Sp=16.410, T=0.391]
Node pruning:  16%|#6        | 80/500 [21:00<2:05:46, 17.97s/it, KL=0.236, L=11.572, LR=2.81e-02, Sp=16.278, T=0.354]
Node pruning:  16%|#6        | 81/500 [21:00<1:57:37, 16.84s/it, KL=0.236, L=11.572, LR=2.81e-02, Sp=16.278, T=0.354]
Node pruning:  16%|#6        | 81/500 [21:15<1:57:37, 16.84s/it, KL=0.162, L=11.410, LR=2.81e-02, Sp=16.148, T=0.192]
Node pruning:  16%|#6        | 82/500 [21:15<1:52:11, 16.10s/it, KL=0.162, L=11.410, LR=2.81e-02, Sp=16.148, T=0.192]
Node pruning:  16%|#6        | 82/500 [21:29<1:52:11, 16.10s/it, KL=0.195, L=11.364, LR=2.80e-02, Sp=16.031, T=0.278]
Node pruning:  17%|#6        | 83/500 [21:29<1:48:24, 15.60s/it, KL=0.195, L=11.364, LR=2.80e-02, Sp=16.031, T=0.278]
Node pruning:  17%|#6        | 83/500 [21:43<1:48:24, 15.60s/it, KL=0.261, L=11.351, LR=2.80e-02, Sp=15.925, T=0.419]
Node pruning:  17%|#6        | 84/500 [21:43<1:45:22, 15.20s/it, KL=0.261, L=11.351, LR=2.80e-02, Sp=15.925, T=0.419]
Node pruning:  17%|#6        | 84/500 [21:58<1:45:22, 15.20s/it, KL=0.210, L=11.238, LR=2.79e-02, Sp=15.822, T=0.333]
Node pruning:  17%|#7        | 85/500 [21:58<1:43:21, 14.94s/it, KL=0.210, L=11.238, LR=2.79e-02, Sp=15.822, T=0.333]
Node pruning:  17%|#7        | 85/500 [22:12<1:43:21, 14.94s/it, KL=0.284, L=11.249, LR=2.79e-02, Sp=15.725, T=0.520]
Node pruning:  17%|#7        | 86/500 [22:12<1:41:54, 14.77s/it, KL=0.284, L=11.249, LR=2.79e-02, Sp=15.725, T=0.520]
Node pruning:  17%|#7        | 86/500 [22:26<1:41:54, 14.77s/it, KL=0.187, L=11.087, LR=2.78e-02, Sp=15.644, T=0.266]
Node pruning:  17%|#7        | 87/500 [22:26<1:40:42, 14.63s/it, KL=0.187, L=11.087, LR=2.78e-02, Sp=15.644, T=0.266]
Node pruning:  17%|#7        | 87/500 [22:41<1:40:42, 14.63s/it, KL=0.227, L=11.076, LR=2.78e-02, Sp=15.568, T=0.366]
Node pruning:  18%|#7        | 88/500 [22:41<1:39:54, 14.55s/it, KL=0.227, L=11.076, LR=2.78e-02, Sp=15.568, T=0.366]
Node pruning:  18%|#7        | 88/500 [22:55<1:39:54, 14.55s/it, KL=0.204, L=11.002, LR=2.77e-02, Sp=15.496, T=0.309]
Node pruning:  18%|#7        | 89/500 [22:55<1:39:19, 14.50s/it, KL=0.204, L=11.002, LR=2.77e-02, Sp=15.496, T=0.309]
Node pruning:  18%|#7        | 89/500 [23:09<1:39:19, 14.50s/it, KL=0.157, L=10.899, LR=2.77e-02, Sp=15.426, T=0.178]
==================================================
  EVALUATING: Node Ep 90
==================================================


Evaluating Node Ep 90:   0%|          | 0/20 [00:00<?, ?it/s][A

Evaluating Node Ep 90:  50%|#####     | 10/20 [00:00<00:00, 17.74it/s][A

Acc: 0.900, LD: 2.750:  50%|#####     | 10/20 [00:00<00:00, 17.74it/s][A

Acc: 0.900, LD: 2.750: 100%|##########| 20/20 [00:01<00:00, 16.36it/s][A

Acc: 0.950, LD: 2.513: 100%|##########| 20/20 [00:01<00:00, 16.36it/s][A

Acc: 0.950, LD: 2.513: : 30it [00:01, 16.85it/s]                      [A

Acc: 0.967, LD: 2.354: : 30it [00:01, 16.85it/s][A

Acc: 0.967, LD: 2.354: : 40it [00:02, 17.15it/s][A

Acc: 0.950, LD: 2.253: : 40it [00:02, 17.15it/s][A

Acc: 0.950, LD: 2.253: : 50it [00:02, 17.33it/s][A

Acc: 0.940, LD: 2.192: : 50it [00:02, 17.33it/s][A

Acc: 0.940, LD: 2.192: : 60it [00:03, 17.44it/s][A

Acc: 0.950, LD: 2.104: : 60it [00:03, 17.44it/s][A

Acc: 0.950, LD: 2.104: : 70it [00:04, 17.48it/s][A

Acc: 0.943, LD: 2.045: : 70it [00:04, 17.48it/s][A

Acc: 0.943, LD: 2.045: : 80it [00:04, 17.53it/s][A

Acc: 0.925, LD: 1.931: : 80it [00:04, 17.53it/s][A

Acc: 0.925, LD: 1.931: : 90it [00:05, 17.57it/s][A

Acc: 0.911, LD: 1.893: : 90it [00:05, 17.57it/s][A

Acc: 0.911, LD: 1.893: : 100it [00:05, 17.60it/s][A

Acc: 0.920, LD: 1.978: : 100it [00:05, 17.60it/s][A

Acc: 0.920, LD: 1.978: : 110it [00:06, 16.66it/s][A

Acc: 0.927, LD: 1.994: : 110it [00:06, 16.66it/s][A

Acc: 0.927, LD: 1.994: : 120it [00:07, 16.85it/s][A

Acc: 0.917, LD: 1.960: : 120it [00:07, 16.85it/s][A

Acc: 0.917, LD: 1.960: : 130it [00:07, 17.07it/s][A

Acc: 0.908, LD: 1.965: : 130it [00:07, 17.07it/s][A

Acc: 0.908, LD: 1.965: : 140it [00:08, 17.23it/s][A

Acc: 0.914, LD: 1.921: : 140it [00:08, 17.23it/s][A

Acc: 0.914, LD: 1.921: : 150it [00:08, 17.36it/s][A

Acc: 0.913, LD: 1.883: : 150it [00:08, 17.36it/s][A

Acc: 0.913, LD: 1.883: : 160it [00:09, 17.44it/s][A

Acc: 0.912, LD: 1.884: : 160it [00:09, 17.44it/s][A

Acc: 0.912, LD: 1.884: : 170it [00:09, 17.40it/s][A

Acc: 0.906, LD: 1.829: : 170it [00:09, 17.40it/s][A

Acc: 0.906, LD: 1.829: : 180it [00:10, 17.46it/s][A

Acc: 0.906, LD: 1.854: : 180it [00:10, 17.46it/s][A

Acc: 0.906, LD: 1.854: : 190it [00:10, 17.53it/s][A

Acc: 0.905, LD: 1.841: : 190it [00:10, 17.53it/s][A

Acc: 0.905, LD: 1.841: : 200it [00:11, 17.53it/s][A

Acc: 0.905, LD: 1.835: : 200it [00:11, 17.53it/s][A

                                                 [A
Processed 200 valid samples.

==================================================
Node Ep 90 Evaluation Summary:
  - Accuracy:              0.9050
  - Logit Difference:      1.8350
  - KL Divergence:         0.1954
  - Exact Match:           0.9050
==================================================

Node pruning:  18%|#8        | 90/500 [23:21<2:02:20, 17.90s/it, KL=0.157, L=10.899, LR=2.77e-02, Sp=15.426, T=0.178]
Node pruning:  18%|#8        | 90/500 [23:35<2:02:20, 17.90s/it, KL=0.179, L=10.875, LR=2.76e-02, Sp=15.356, T=0.239]
Node pruning:  18%|#8        | 91/500 [23:35<1:54:48, 16.84s/it, KL=0.179, L=10.875, LR=2.76e-02, Sp=15.356, T=0.239]
Node pruning:  18%|#8        | 91/500 [23:50<1:54:48, 16.84s/it, KL=0.172, L=10.816, LR=2.76e-02, Sp=15.282, T=0.222]
Node pruning:  18%|#8        | 92/500 [23:50<1:49:30, 16.10s/it, KL=0.172, L=10.816, LR=2.76e-02, Sp=15.282, T=0.222]
Node pruning:  18%|#8        | 92/500 [24:04<1:49:30, 16.10s/it, KL=0.163, L=10.763, LR=2.75e-02, Sp=15.216, T=0.210]
Node pruning:  19%|#8        | 93/500 [24:04<1:45:52, 15.61s/it, KL=0.163, L=10.763, LR=2.75e-02, Sp=15.216, T=0.210]
Node pruning:  19%|#8        | 93/500 [24:19<1:45:52, 15.61s/it, KL=0.211, L=10.776, LR=2.75e-02, Sp=15.158, T=0.341]
Node pruning:  19%|#8        | 94/500 [24:19<1:42:52, 15.20s/it, KL=0.211, L=10.776, LR=2.75e-02, Sp=15.158, T=0.341]
Node pruning:  19%|#8        | 94/500 [24:33<1:42:52, 15.20s/it, KL=0.221, L=10.739, LR=2.74e-02, Sp=15.107, T=0.326]
Node pruning:  19%|#9        | 95/500 [24:33<1:40:58, 14.96s/it, KL=0.221, L=10.739, LR=2.74e-02, Sp=15.107, T=0.326]
Node pruning:  19%|#9        | 95/500 [24:47<1:40:58, 14.96s/it, KL=0.202, L=10.693, LR=2.74e-02, Sp=15.057, T=0.308]
Node pruning:  19%|#9        | 96/500 [24:47<1:39:46, 14.82s/it, KL=0.202, L=10.693, LR=2.74e-02, Sp=15.057, T=0.308]
Node pruning:  19%|#9        | 96/500 [25:02<1:39:46, 14.82s/it, KL=0.193, L=10.653, LR=2.73e-02, Sp=15.007, T=0.302]
Node pruning:  19%|#9        | 97/500 [25:02<1:38:24, 14.65s/it, KL=0.193, L=10.653, LR=2.73e-02, Sp=15.007, T=0.302]
Node pruning:  19%|#9        | 97/500 [25:16<1:38:24, 14.65s/it, KL=0.226, L=10.653, LR=2.73e-02, Sp=14.963, T=0.371]
Node pruning:  20%|#9        | 98/500 [25:16<1:37:34, 14.56s/it, KL=0.226, L=10.653, LR=2.73e-02, Sp=14.963, T=0.371]
Node pruning:  20%|#9        | 98/500 [25:31<1:37:34, 14.56s/it, KL=0.205, L=10.602, LR=2.72e-02, Sp=14.924, T=0.313]
Node pruning:  20%|#9        | 99/500 [25:31<1:37:33, 14.60s/it, KL=0.205, L=10.602, LR=2.72e-02, Sp=14.924, T=0.313]
Node pruning:  20%|#9        | 99/500 [25:45<1:37:33, 14.60s/it, KL=0.168, L=10.536, LR=2.71e-02, Sp=14.887, T=0.216]
==================================================
  EVALUATING: Node Ep 100
==================================================


Evaluating Node Ep 100:   0%|          | 0/20 [00:00<?, ?it/s][A

Evaluating Node Ep 100:  50%|#####     | 10/20 [00:00<00:00, 14.23it/s][A

Acc: 0.900, LD: 2.625:  50%|#####     | 10/20 [00:00<00:00, 14.23it/s] [A

Acc: 0.900, LD: 2.625: 100%|##########| 20/20 [00:01<00:00, 16.08it/s][A

Acc: 0.950, LD: 2.431: 100%|##########| 20/20 [00:01<00:00, 16.08it/s][A

Acc: 0.950, LD: 2.431: : 30it [00:01, 16.56it/s]                      [A

Acc: 0.967, LD: 2.288: : 30it [00:01, 16.56it/s][A

Acc: 0.967, LD: 2.288: : 40it [00:02, 16.96it/s][A

Acc: 0.950, LD: 2.200: : 40it [00:02, 16.96it/s][A

Acc: 0.950, LD: 2.200: : 50it [00:02, 17.21it/s][A

Acc: 0.940, LD: 2.143: : 50it [00:02, 17.21it/s][A

Acc: 0.940, LD: 2.143: : 60it [00:03, 17.36it/s][A

Acc: 0.950, LD: 2.048: : 60it [00:03, 17.36it/s][A

Acc: 0.950, LD: 2.048: : 70it [00:04, 17.45it/s][A

Acc: 0.943, LD: 1.989: : 70it [00:04, 17.45it/s][A

Acc: 0.943, LD: 1.989: : 80it [00:04, 17.51it/s][A

Acc: 0.925, LD: 1.878: : 80it [00:04, 17.51it/s][A

Acc: 0.925, LD: 1.878: : 90it [00:05, 17.56it/s][A

Acc: 0.911, LD: 1.840: : 90it [00:05, 17.56it/s][A

Acc: 0.911, LD: 1.840: : 100it [00:05, 17.58it/s][A

Acc: 0.920, LD: 1.923: : 100it [00:05, 17.58it/s][A

Acc: 0.920, LD: 1.923: : 110it [00:06, 16.85it/s][A

Acc: 0.927, LD: 1.941: : 110it [00:06, 16.85it/s][A

Acc: 0.927, LD: 1.941: : 120it [00:07, 17.08it/s][A

Acc: 0.917, LD: 1.909: : 120it [00:07, 17.08it/s][A

Acc: 0.917, LD: 1.909: : 130it [00:07, 17.25it/s][A

Acc: 0.908, LD: 1.913: : 130it [00:07, 17.25it/s][A

Acc: 0.908, LD: 1.913: : 140it [00:08, 17.36it/s][A

Acc: 0.914, LD: 1.867: : 140it [00:08, 17.36it/s][A

Acc: 0.914, LD: 1.867: : 150it [00:08, 17.44it/s][A

Acc: 0.913, LD: 1.831: : 150it [00:08, 17.44it/s][A

Acc: 0.913, LD: 1.831: : 160it [00:09, 17.49it/s][A

Acc: 0.912, LD: 1.830: : 160it [00:09, 17.49it/s][A

Acc: 0.912, LD: 1.830: : 170it [00:09, 17.54it/s][A

Acc: 0.906, LD: 1.777: : 170it [00:09, 17.54it/s][A

Acc: 0.906, LD: 1.777: : 180it [00:10, 17.57it/s][A

Acc: 0.900, LD: 1.801: : 180it [00:10, 17.57it/s][A

Acc: 0.900, LD: 1.801: : 190it [00:11, 17.59it/s][A

Acc: 0.900, LD: 1.785: : 190it [00:11, 17.59it/s][A

Acc: 0.900, LD: 1.785: : 200it [00:11, 16.66it/s][A

Acc: 0.900, LD: 1.779: : 200it [00:11, 16.66it/s][A

                                                 [A
Processed 200 valid samples.

==================================================
Node Ep 100 Evaluation Summary:
  - Accuracy:              0.9000
  - Logit Difference:      1.7788
  - KL Divergence:         0.1896
  - Exact Match:           0.9000
==================================================

Node pruning:  20%|##        | 100/500 [25:57<2:00:02, 18.01s/it, KL=0.168, L=10.536, LR=2.71e-02, Sp=14.887, T=0.216]
Node pruning:  20%|##        | 100/500 [26:11<2:00:02, 18.01s/it, KL=0.277, L=10.605, LR=2.71e-02, Sp=14.850, T=0.423]
Node pruning:  20%|##        | 101/500 [26:11<1:52:22, 16.90s/it, KL=0.277, L=10.605, LR=2.71e-02, Sp=14.850, T=0.423]
Node pruning:  20%|##        | 101/500 [26:25<1:52:22, 16.90s/it, KL=0.272, L=10.602, LR=2.70e-02, Sp=14.815, T=0.498]
Node pruning:  20%|##        | 102/500 [26:25<1:47:14, 16.17s/it, KL=0.272, L=10.602, LR=2.70e-02, Sp=14.815, T=0.498]
Node pruning:  20%|##        | 102/500 [26:40<1:47:14, 16.17s/it, KL=0.280, L=10.572, LR=2.70e-02, Sp=14.781, T=0.469]
Node pruning:  21%|##        | 103/500 [26:40<1:43:26, 15.63s/it, KL=0.280, L=10.572, LR=2.70e-02, Sp=14.781, T=0.469]
Node pruning:  21%|##        | 103/500 [26:54<1:43:26, 15.63s/it, KL=0.217, L=10.484, LR=2.69e-02, Sp=14.745, T=0.326]
Node pruning:  21%|##        | 104/500 [26:54<1:40:33, 15.24s/it, KL=0.217, L=10.484, LR=2.69e-02, Sp=14.745, T=0.326]
Node pruning:  21%|##        | 104/500 [27:09<1:40:33, 15.24s/it, KL=0.290, L=10.521, LR=2.69e-02, Sp=14.711, T=0.455]
Node pruning:  21%|##1       | 105/500 [27:09<1:38:36, 14.98s/it, KL=0.290, L=10.521, LR=2.69e-02, Sp=14.711, T=0.455]
Node pruning:  21%|##1       | 105/500 [27:23<1:38:36, 14.98s/it, KL=0.282, L=10.497, LR=2.68e-02, Sp=14.681, T=0.453]
Node pruning:  21%|##1       | 106/500 [27:23<1:37:12, 14.80s/it, KL=0.282, L=10.497, LR=2.68e-02, Sp=14.681, T=0.453]
Node pruning:  21%|##1       | 106/500 [27:37<1:37:12, 14.80s/it, KL=0.219, L=10.424, LR=2.67e-02, Sp=14.653, T=0.337]
Node pruning:  21%|##1       | 107/500 [27:37<1:35:51, 14.63s/it, KL=0.219, L=10.424, LR=2.67e-02, Sp=14.653, T=0.337]
Node pruning:  21%|##1       | 107/500 [27:51<1:35:51, 14.63s/it, KL=0.235, L=10.420, LR=2.67e-02, Sp=14.627, T=0.369]
Node pruning:  22%|##1       | 108/500 [27:51<1:35:03, 14.55s/it, KL=0.235, L=10.420, LR=2.67e-02, Sp=14.627, T=0.369]
Node pruning:  22%|##1       | 108/500 [28:06<1:35:03, 14.55s/it, KL=0.211, L=10.381, LR=2.66e-02, Sp=14.602, T=0.320]
Node pruning:  22%|##1       | 109/500 [28:06<1:34:25, 14.49s/it, KL=0.211, L=10.381, LR=2.66e-02, Sp=14.602, T=0.320]
Node pruning:  22%|##1       | 109/500 [28:20<1:34:25, 14.49s/it, KL=0.172, L=10.323, LR=2.66e-02, Sp=14.578, T=0.224]
==================================================
  EVALUATING: Node Ep 110
==================================================


Evaluating Node Ep 110:   0%|          | 0/20 [00:00<?, ?it/s][A

Evaluating Node Ep 110:  50%|#####     | 10/20 [00:00<00:00, 17.76it/s][A

Acc: 0.900, LD: 2.600:  50%|#####     | 10/20 [00:00<00:00, 17.76it/s] [A

Acc: 0.900, LD: 2.600: 100%|##########| 20/20 [00:01<00:00, 15.92it/s][A

Acc: 0.950, LD: 2.388: 100%|##########| 20/20 [00:01<00:00, 15.92it/s][A

Acc: 0.950, LD: 2.388: : 30it [00:01, 16.65it/s]                      [A

Acc: 0.967, LD: 2.242: : 30it [00:01, 16.65it/s][A

Acc: 0.967, LD: 2.242: : 40it [00:02, 16.99it/s][A

Acc: 0.950, LD: 2.144: : 40it [00:02, 16.99it/s][A

Acc: 0.950, LD: 2.144: : 50it [00:02, 17.16it/s][A

Acc: 0.940, LD: 2.083: : 50it [00:02, 17.16it/s][A

Acc: 0.940, LD: 2.083: : 60it [00:03, 17.34it/s][A

Acc: 0.950, LD: 1.990: : 60it [00:03, 17.34it/s][A

Acc: 0.950, LD: 1.990: : 70it [00:04, 17.45it/s][A

Acc: 0.943, LD: 1.934: : 70it [00:04, 17.45it/s][A

Acc: 0.943, LD: 1.934: : 80it [00:04, 17.54it/s][A

Acc: 0.925, LD: 1.823: : 80it [00:04, 17.54it/s][A

Acc: 0.925, LD: 1.823: : 90it [00:05, 17.59it/s][A

Acc: 0.911, LD: 1.788: : 90it [00:05, 17.59it/s][A

Acc: 0.911, LD: 1.788: : 100it [00:05, 17.63it/s][A

Acc: 0.920, LD: 1.864: : 100it [00:05, 17.63it/s][A

Acc: 0.920, LD: 1.864: : 110it [00:06, 16.67it/s][A

Acc: 0.918, LD: 1.881: : 110it [00:06, 16.67it/s][A

Acc: 0.918, LD: 1.881: : 120it [00:07, 16.94it/s][A

Acc: 0.908, LD: 1.848: : 120it [00:07, 16.94it/s][A

Acc: 0.908, LD: 1.848: : 130it [00:07, 17.15it/s][A

Acc: 0.900, LD: 1.852: : 130it [00:07, 17.15it/s][A

Acc: 0.900, LD: 1.852: : 140it [00:08, 17.31it/s][A

Acc: 0.907, LD: 1.809: : 140it [00:08, 17.31it/s][A

Acc: 0.907, LD: 1.809: : 150it [00:08, 17.42it/s][A

Acc: 0.907, LD: 1.773: : 150it [00:08, 17.42it/s][A

Acc: 0.907, LD: 1.773: : 160it [00:09, 17.50it/s][A

Acc: 0.906, LD: 1.774: : 160it [00:09, 17.50it/s][A

Acc: 0.906, LD: 1.774: : 170it [00:09, 17.56it/s][A

Acc: 0.900, LD: 1.722: : 170it [00:09, 17.56it/s][A

Acc: 0.900, LD: 1.722: : 180it [00:10, 17.60it/s][A

Acc: 0.894, LD: 1.747: : 180it [00:10, 17.60it/s][A

Acc: 0.894, LD: 1.747: : 190it [00:10, 17.62it/s][A

Acc: 0.895, LD: 1.731: : 190it [00:10, 17.62it/s][A

Acc: 0.895, LD: 1.731: : 200it [00:11, 17.63it/s][A

Acc: 0.895, LD: 1.724: : 200it [00:11, 17.63it/s][A

                                                 [A
Processed 200 valid samples.

==================================================
Node Ep 110 Evaluation Summary:
  - Accuracy:              0.8950
  - Logit Difference:      1.7244
  - KL Divergence:         0.1880
  - Exact Match:           0.9000
==================================================

Node pruning:  22%|##2       | 110/500 [28:32<1:56:15, 17.89s/it, KL=0.172, L=10.323, LR=2.66e-02, Sp=14.578, T=0.224]
Node pruning:  22%|##2       | 110/500 [28:46<1:56:15, 17.89s/it, KL=0.216, L=10.347, LR=2.65e-02, Sp=14.553, T=0.315]
Node pruning:  22%|##2       | 111/500 [28:46<1:49:03, 16.82s/it, KL=0.216, L=10.347, LR=2.65e-02, Sp=14.553, T=0.315]
Node pruning:  22%|##2       | 111/500 [29:00<1:49:03, 16.82s/it, KL=0.163, L=10.284, LR=2.64e-02, Sp=14.529, T=0.216]
Node pruning:  22%|##2       | 112/500 [29:00<1:44:09, 16.11s/it, KL=0.163, L=10.284, LR=2.64e-02, Sp=14.529, T=0.216]
Node pruning:  22%|##2       | 112/500 [29:15<1:44:09, 16.11s/it, KL=0.215, L=10.315, LR=2.64e-02, Sp=14.506, T=0.323]
Node pruning:  23%|##2       | 113/500 [29:15<1:40:31, 15.58s/it, KL=0.215, L=10.315, LR=2.64e-02, Sp=14.506, T=0.323]
Node pruning:  23%|##2       | 113/500 [29:29<1:40:31, 15.58s/it, KL=0.170, L=10.258, LR=2.63e-02, Sp=14.484, T=0.226]
Node pruning:  23%|##2       | 114/500 [29:29<1:37:47, 15.20s/it, KL=0.170, L=10.258, LR=2.63e-02, Sp=14.484, T=0.226]
Node pruning:  23%|##2       | 114/500 [29:45<1:37:47, 15.20s/it, KL=0.211, L=10.291, LR=2.63e-02, Sp=14.465, T=0.341]
Node pruning:  23%|##3       | 115/500 [29:45<1:39:05, 15.44s/it, KL=0.211, L=10.291, LR=2.63e-02, Sp=14.465, T=0.341]
Node pruning:  23%|##3       | 115/500 [30:00<1:39:05, 15.44s/it, KL=0.216, L=10.278, LR=2.62e-02, Sp=14.446, T=0.337]
Node pruning:  23%|##3       | 116/500 [30:00<1:36:55, 15.14s/it, KL=0.216, L=10.278, LR=2.62e-02, Sp=14.446, T=0.337]
Node pruning:  23%|##3       | 116/500 [30:14<1:36:55, 15.14s/it, KL=0.228, L=10.287, LR=2.61e-02, Sp=14.428, T=0.396]
Node pruning:  23%|##3       | 117/500 [30:14<1:35:01, 14.89s/it, KL=0.228, L=10.287, LR=2.61e-02, Sp=14.428, T=0.396]
Node pruning:  23%|##3       | 117/500 [30:28<1:35:01, 14.89s/it, KL=0.211, L=10.250, LR=2.61e-02, Sp=14.411, T=0.330]
Node pruning:  24%|##3       | 118/500 [30:28<1:33:48, 14.74s/it, KL=0.211, L=10.250, LR=2.61e-02, Sp=14.411, T=0.330]
Node pruning:  24%|##3       | 118/500 [30:43<1:33:48, 14.74s/it, KL=0.194, L=10.220, LR=2.60e-02, Sp=14.392, T=0.293]
Node pruning:  24%|##3       | 119/500 [30:43<1:33:01, 14.65s/it, KL=0.194, L=10.220, LR=2.60e-02, Sp=14.392, T=0.293]
Node pruning:  24%|##3       | 119/500 [30:57<1:33:01, 14.65s/it, KL=0.170, L=10.178, LR=2.59e-02, Sp=14.370, T=0.226]
==================================================
  EVALUATING: Node Ep 120
==================================================


Evaluating Node Ep 120:   0%|          | 0/20 [00:00<?, ?it/s][A

Evaluating Node Ep 120:  50%|#####     | 10/20 [00:00<00:00, 17.73it/s][A

Acc: 0.900, LD: 2.500:  50%|#####     | 10/20 [00:00<00:00, 17.73it/s] [A

Acc: 0.900, LD: 2.500: 100%|##########| 20/20 [00:01<00:00, 17.61it/s][A

Acc: 0.950, LD: 2.281: 100%|##########| 20/20 [00:01<00:00, 17.61it/s][A

Acc: 0.950, LD: 2.281: : 30it [00:01, 17.60it/s]                      [A

Acc: 0.967, LD: 2.142: : 30it [00:01, 17.60it/s][A

Acc: 0.967, LD: 2.142: : 40it [00:02, 17.64it/s][A

Acc: 0.950, LD: 2.047: : 40it [00:02, 17.64it/s][A

Acc: 0.950, LD: 2.047: : 50it [00:02, 17.62it/s][A

Acc: 0.940, LD: 1.990: : 50it [00:02, 17.62it/s][A

Acc: 0.940, LD: 1.990: : 60it [00:03, 17.66it/s][A

Acc: 0.950, LD: 1.900: : 60it [00:03, 17.66it/s][A

Acc: 0.950, LD: 1.900: : 70it [00:03, 17.66it/s][A

Acc: 0.943, LD: 1.854: : 70it [00:03, 17.66it/s][A

Acc: 0.943, LD: 1.854: : 80it [00:04, 17.68it/s][A

Acc: 0.925, LD: 1.745: : 80it [00:04, 17.68it/s][A

Acc: 0.925, LD: 1.745: : 90it [00:05, 16.62it/s][A

Acc: 0.911, LD: 1.712: : 90it [00:05, 16.62it/s][A

Acc: 0.911, LD: 1.712: : 100it [00:05, 16.89it/s][A

Acc: 0.920, LD: 1.794: : 100it [00:05, 16.89it/s][A

Acc: 0.920, LD: 1.794: : 110it [00:06, 17.11it/s][A

Acc: 0.918, LD: 1.812: : 110it [00:06, 17.11it/s][A

Acc: 0.918, LD: 1.812: : 120it [00:06, 17.27it/s][A

Acc: 0.908, LD: 1.782: : 120it [00:06, 17.27it/s][A

Acc: 0.908, LD: 1.782: : 130it [00:07, 17.40it/s][A

Acc: 0.900, LD: 1.788: : 130it [00:07, 17.40it/s][A

Acc: 0.900, LD: 1.788: : 140it [00:08, 17.49it/s][A

Acc: 0.907, LD: 1.743: : 140it [00:08, 17.49it/s][A

Acc: 0.907, LD: 1.743: : 150it [00:08, 17.55it/s][A

Acc: 0.900, LD: 1.705: : 150it [00:08, 17.55it/s][A

Acc: 0.900, LD: 1.705: : 160it [00:09, 17.59it/s][A

Acc: 0.900, LD: 1.705: : 160it [00:09, 17.59it/s][A

Acc: 0.900, LD: 1.705: : 170it [00:09, 17.61it/s][A

Acc: 0.894, LD: 1.653: : 170it [00:09, 17.61it/s][A

Acc: 0.894, LD: 1.653: : 180it [00:10, 17.63it/s][A

Acc: 0.889, LD: 1.677: : 180it [00:10, 17.63it/s][A

Acc: 0.889, LD: 1.677: : 190it [00:10, 16.94it/s][A

Acc: 0.889, LD: 1.663: : 190it [00:10, 16.94it/s][A

Acc: 0.889, LD: 1.663: : 200it [00:11, 17.16it/s][A

Acc: 0.890, LD: 1.657: : 200it [00:11, 17.16it/s][A

                                                 [A
Processed 200 valid samples.

==================================================
Node Ep 120 Evaluation Summary:
  - Accuracy:              0.8900
  - Logit Difference:      1.6575
  - KL Divergence:         0.1845
  - Exact Match:           0.8950
==================================================

Node pruning:  24%|##4       | 120/500 [31:09<1:54:22, 18.06s/it, KL=0.170, L=10.178, LR=2.59e-02, Sp=14.370, T=0.226]
Node pruning:  24%|##4       | 120/500 [31:23<1:54:22, 18.06s/it, KL=0.174, L=10.167, LR=2.59e-02, Sp=14.346, T=0.239]
Node pruning:  24%|##4       | 121/500 [31:23<1:46:57, 16.93s/it, KL=0.174, L=10.167, LR=2.59e-02, Sp=14.346, T=0.239]
Node pruning:  24%|##4       | 121/500 [31:37<1:46:57, 16.93s/it, KL=0.230, L=10.205, LR=2.58e-02, Sp=14.327, T=0.357]
Node pruning:  24%|##4       | 122/500 [31:37<1:41:55, 16.18s/it, KL=0.230, L=10.205, LR=2.58e-02, Sp=14.327, T=0.357]
Node pruning:  24%|##4       | 122/500 [31:52<1:41:55, 16.18s/it, KL=0.186, L=10.150, LR=2.58e-02, Sp=14.310, T=0.259]
Node pruning:  25%|##4       | 123/500 [31:52<1:38:26, 15.67s/it, KL=0.186, L=10.150, LR=2.58e-02, Sp=14.310, T=0.259]
Node pruning:  25%|##4       | 123/500 [32:06<1:38:26, 15.67s/it, KL=0.246, L=10.209, LR=2.57e-02, Sp=14.295, T=0.429]
Node pruning:  25%|##4       | 124/500 [32:06<1:35:32, 15.25s/it, KL=0.246, L=10.209, LR=2.57e-02, Sp=14.295, T=0.429]
Node pruning:  25%|##4       | 124/500 [32:21<1:35:32, 15.25s/it, KL=0.212, L=10.167, LR=2.56e-02, Sp=14.284, T=0.348]
Node pruning:  25%|##5       | 125/500 [32:21<1:33:43, 15.00s/it, KL=0.212, L=10.167, LR=2.56e-02, Sp=14.284, T=0.348]
Node pruning:  25%|##5       | 125/500 [32:35<1:33:43, 15.00s/it, KL=0.203, L=10.148, LR=2.56e-02, Sp=14.273, T=0.322]
Node pruning:  25%|##5       | 126/500 [32:35<1:32:23, 14.82s/it, KL=0.203, L=10.148, LR=2.56e-02, Sp=14.273, T=0.322]
Node pruning:  25%|##5       | 126/500 [32:49<1:32:23, 14.82s/it, KL=0.184, L=10.119, LR=2.55e-02, Sp=14.262, T=0.267]
Node pruning:  25%|##5       | 127/500 [32:49<1:31:05, 14.65s/it, KL=0.184, L=10.119, LR=2.55e-02, Sp=14.262, T=0.267]
Node pruning:  25%|##5       | 127/500 [33:04<1:31:05, 14.65s/it, KL=0.209, L=10.135, LR=2.54e-02, Sp=14.250, T=0.322]
Node pruning:  26%|##5       | 128/500 [33:04<1:30:16, 14.56s/it, KL=0.209, L=10.135, LR=2.54e-02, Sp=14.250, T=0.322]
Node pruning:  26%|##5       | 128/500 [33:18<1:30:16, 14.56s/it, KL=0.154, L=10.071, LR=2.54e-02, Sp=14.239, T=0.191]
Node pruning:  26%|##5       | 129/500 [33:18<1:29:38, 14.50s/it, KL=0.154, L=10.071, LR=2.54e-02, Sp=14.239, T=0.191]
Node pruning:  26%|##5       | 129/500 [33:32<1:29:38, 14.50s/it, KL=0.222, L=10.131, LR=2.53e-02, Sp=14.227, T=0.351]
==================================================
  EVALUATING: Node Ep 130
==================================================


Evaluating Node Ep 130:   0%|          | 0/20 [00:00<?, ?it/s][A

Evaluating Node Ep 130:  50%|#####     | 10/20 [00:00<00:00, 17.74it/s][A

Acc: 0.900, LD: 2.450:  50%|#####     | 10/20 [00:00<00:00, 17.74it/s] [A

Acc: 0.900, LD: 2.450: 100%|##########| 20/20 [00:01<00:00, 17.59it/s][A

Acc: 0.950, LD: 2.212: 100%|##########| 20/20 [00:01<00:00, 17.59it/s][A

Acc: 0.950, LD: 2.212: : 30it [00:01, 17.57it/s]                      [A

Acc: 0.967, LD: 2.083: : 30it [00:01, 17.57it/s][A

Acc: 0.967, LD: 2.083: : 40it [00:02, 17.63it/s][A

Acc: 0.950, LD: 1.988: : 40it [00:02, 17.63it/s][A

Acc: 0.950, LD: 1.988: : 50it [00:02, 17.62it/s][A

Acc: 0.940, LD: 1.927: : 50it [00:02, 17.62it/s][A

Acc: 0.940, LD: 1.927: : 60it [00:03, 17.65it/s][A

Acc: 0.950, LD: 1.835: : 60it [00:03, 17.65it/s][A

Acc: 0.950, LD: 1.835: : 70it [00:03, 17.67it/s][A

Acc: 0.943, LD: 1.788: : 70it [00:03, 17.67it/s][A

Acc: 0.943, LD: 1.788: : 80it [00:04, 17.68it/s][A

Acc: 0.925, LD: 1.688: : 80it [00:04, 17.68it/s][A

Acc: 0.925, LD: 1.688: : 90it [00:05, 16.75it/s][A

Acc: 0.911, LD: 1.657: : 90it [00:05, 16.75it/s][A

Acc: 0.911, LD: 1.657: : 100it [00:05, 17.03it/s][A

Acc: 0.920, LD: 1.731: : 100it [00:05, 17.03it/s][A

Acc: 0.920, LD: 1.731: : 110it [00:06, 17.23it/s][A

Acc: 0.918, LD: 1.747: : 110it [00:06, 17.23it/s][A

Acc: 0.918, LD: 1.747: : 120it [00:06, 17.36it/s][A

Acc: 0.908, LD: 1.720: : 120it [00:06, 17.36it/s][A

Acc: 0.908, LD: 1.720: : 130it [00:07, 17.45it/s][A

Acc: 0.900, LD: 1.726: : 130it [00:07, 17.45it/s][A

Acc: 0.900, LD: 1.726: : 140it [00:08, 17.53it/s][A

Acc: 0.907, LD: 1.681: : 140it [00:08, 17.53it/s][A

Acc: 0.907, LD: 1.681: : 150it [00:08, 17.58it/s][A

Acc: 0.900, LD: 1.642: : 150it [00:08, 17.58it/s][A

Acc: 0.900, LD: 1.642: : 160it [00:09, 17.62it/s][A

Acc: 0.900, LD: 1.643: : 160it [00:09, 17.62it/s][A

Acc: 0.900, LD: 1.643: : 170it [00:09, 17.64it/s][A

Acc: 0.894, LD: 1.592: : 170it [00:09, 17.64it/s][A

Acc: 0.894, LD: 1.592: : 180it [00:10, 17.66it/s][A

Acc: 0.889, LD: 1.614: : 180it [00:10, 17.66it/s][A

Acc: 0.889, LD: 1.614: : 190it [00:10, 16.98it/s][A

Acc: 0.889, LD: 1.602: : 190it [00:10, 16.98it/s][A

Acc: 0.889, LD: 1.602: : 200it [00:11, 17.14it/s][A

Acc: 0.890, LD: 1.598: : 200it [00:11, 17.14it/s][A

                                                 [A
Processed 200 valid samples.

==================================================
Node Ep 130 Evaluation Summary:
  - Accuracy:              0.8900
  - Logit Difference:      1.5981
  - KL Divergence:         0.1812
  - Exact Match:           0.8950
==================================================

Node pruning:  26%|##6       | 130/500 [33:44<1:50:41, 17.95s/it, KL=0.222, L=10.131, LR=2.53e-02, Sp=14.227, T=0.351]
Node pruning:  26%|##6       | 130/500 [33:58<1:50:41, 17.95s/it, KL=0.283, L=10.184, LR=2.52e-02, Sp=14.217, T=0.491]
Node pruning:  26%|##6       | 131/500 [33:58<1:43:29, 16.83s/it, KL=0.283, L=10.184, LR=2.52e-02, Sp=14.217, T=0.491]
Node pruning:  26%|##6       | 131/500 [34:12<1:43:29, 16.83s/it, KL=0.216, L=10.112, LR=2.51e-02, Sp=14.208, T=0.341]
Node pruning:  26%|##6       | 132/500 [34:12<1:38:38, 16.08s/it, KL=0.216, L=10.112, LR=2.51e-02, Sp=14.208, T=0.341]
Node pruning:  26%|##6       | 132/500 [34:27<1:38:38, 16.08s/it, KL=0.173, L=10.062, LR=2.51e-02, Sp=14.198, T=0.240]
Node pruning:  27%|##6       | 133/500 [34:27<1:35:16, 15.58s/it, KL=0.173, L=10.062, LR=2.51e-02, Sp=14.198, T=0.240]
Node pruning:  27%|##6       | 133/500 [34:41<1:35:16, 15.58s/it, KL=0.225, L=10.106, LR=2.50e-02, Sp=14.188, T=0.355]
Node pruning:  27%|##6       | 134/500 [34:41<1:32:39, 15.19s/it, KL=0.225, L=10.106, LR=2.50e-02, Sp=14.188, T=0.355]
Node pruning:  27%|##6       | 134/500 [34:56<1:32:39, 15.19s/it, KL=0.168, L=10.046, LR=2.49e-02, Sp=14.178, T=0.235]
Node pruning:  27%|##7       | 135/500 [34:56<1:30:54, 14.94s/it, KL=0.168, L=10.046, LR=2.49e-02, Sp=14.178, T=0.235]
Node pruning:  27%|##7       | 135/500 [35:10<1:30:54, 14.94s/it, KL=0.251, L=10.118, LR=2.49e-02, Sp=14.169, T=0.415]
Node pruning:  27%|##7       | 136/500 [35:10<1:29:37, 14.77s/it, KL=0.251, L=10.118, LR=2.49e-02, Sp=14.169, T=0.415]
Node pruning:  27%|##7       | 136/500 [35:24<1:29:37, 14.77s/it, KL=0.201, L=10.067, LR=2.48e-02, Sp=14.162, T=0.313]
Node pruning:  27%|##7       | 137/500 [35:24<1:28:54, 14.70s/it, KL=0.201, L=10.067, LR=2.48e-02, Sp=14.162, T=0.313]
Node pruning:  27%|##7       | 137/500 [35:39<1:28:54, 14.70s/it, KL=0.187, L=10.049, LR=2.47e-02, Sp=14.154, T=0.284]
Node pruning:  28%|##7       | 138/500 [35:39<1:28:06, 14.60s/it, KL=0.187, L=10.049, LR=2.47e-02, Sp=14.154, T=0.284]
Node pruning:  28%|##7       | 138/500 [35:53<1:28:06, 14.60s/it, KL=0.267, L=10.121, LR=2.47e-02, Sp=14.146, T=0.464]
Node pruning:  28%|##7       | 139/500 [35:53<1:27:38, 14.57s/it, KL=0.267, L=10.121, LR=2.47e-02, Sp=14.146, T=0.464]
Node pruning:  28%|##7       | 139/500 [36:08<1:27:38, 14.57s/it, KL=0.157, L=10.005, LR=2.46e-02, Sp=14.138, T=0.203]
==================================================
  EVALUATING: Node Ep 140
==================================================


Evaluating Node Ep 140:   0%|          | 0/20 [00:00<?, ?it/s][A

Evaluating Node Ep 140:  50%|#####     | 10/20 [00:00<00:00, 17.53it/s][A

Acc: 0.900, LD: 2.425:  50%|#####     | 10/20 [00:00<00:00, 17.53it/s] [A

Acc: 0.900, LD: 2.425: 100%|##########| 20/20 [00:01<00:00, 17.43it/s][A

Acc: 0.950, LD: 2.194: 100%|##########| 20/20 [00:01<00:00, 17.43it/s][A

Acc: 0.950, LD: 2.194: : 30it [00:01, 17.43it/s]                      [A

Acc: 0.967, LD: 2.067: : 30it [00:01, 17.43it/s][A

Acc: 0.967, LD: 2.067: : 40it [00:02, 17.43it/s][A

Acc: 0.950, LD: 1.962: : 40it [00:02, 17.43it/s][A

Acc: 0.950, LD: 1.962: : 50it [00:02, 17.45it/s][A

Acc: 0.940, LD: 1.905: : 50it [00:02, 17.45it/s][A

Acc: 0.940, LD: 1.905: : 60it [00:03, 17.44it/s][A

Acc: 0.950, LD: 1.808: : 60it [00:03, 17.44it/s][A

Acc: 0.950, LD: 1.808: : 70it [00:04, 17.47it/s][A

Acc: 0.943, LD: 1.757: : 70it [00:04, 17.47it/s][A

Acc: 0.943, LD: 1.757: : 80it [00:04, 17.49it/s][A

Acc: 0.925, LD: 1.658: : 80it [00:04, 17.49it/s][A

Acc: 0.925, LD: 1.658: : 90it [00:05, 16.59it/s][A

Acc: 0.911, LD: 1.631: : 90it [00:05, 16.59it/s][A

Acc: 0.911, LD: 1.631: : 100it [00:05, 16.86it/s][A

Acc: 0.920, LD: 1.709: : 100it [00:05, 16.86it/s][A

Acc: 0.920, LD: 1.709: : 110it [00:06, 17.06it/s][A

Acc: 0.918, LD: 1.725: : 110it [00:06, 17.06it/s][A

Acc: 0.918, LD: 1.725: : 120it [00:06, 17.18it/s][A

Acc: 0.908, LD: 1.698: : 120it [00:06, 17.18it/s][A

Acc: 0.908, LD: 1.698: : 130it [00:07, 17.27it/s][A

Acc: 0.900, LD: 1.706: : 130it [00:07, 17.27it/s][A

Acc: 0.900, LD: 1.706: : 140it [00:08, 17.34it/s][A

Acc: 0.907, LD: 1.662: : 140it [00:08, 17.34it/s][A

Acc: 0.907, LD: 1.662: : 150it [00:08, 17.39it/s][A

Acc: 0.900, LD: 1.623: : 150it [00:08, 17.39it/s][A

Acc: 0.900, LD: 1.623: : 160it [00:09, 17.42it/s][A

Acc: 0.900, LD: 1.625: : 160it [00:09, 17.42it/s][A

Acc: 0.900, LD: 1.625: : 170it [00:09, 17.45it/s][A

Acc: 0.894, LD: 1.574: : 170it [00:09, 17.45it/s][A

Acc: 0.894, LD: 1.574: : 180it [00:10, 16.39it/s][A

Acc: 0.889, LD: 1.597: : 180it [00:10, 16.39it/s][A

Acc: 0.889, LD: 1.597: : 190it [00:11, 16.33it/s][A

Acc: 0.889, LD: 1.583: : 190it [00:11, 16.33it/s][A

Acc: 0.889, LD: 1.583: : 200it [00:11, 16.39it/s][A

Acc: 0.890, LD: 1.579: : 200it [00:11, 16.39it/s][A

                                                 [A
Processed 200 valid samples.

==================================================
Node Ep 140 Evaluation Summary:
  - Accuracy:              0.8900
  - Logit Difference:      1.5794
  - KL Divergence:         0.1817
  - Exact Match:           0.8950
==================================================

Node pruning:  28%|##8       | 140/500 [36:19<1:48:18, 18.05s/it, KL=0.157, L=10.005, LR=2.46e-02, Sp=14.138, T=0.203]
Node pruning:  28%|##8       | 140/500 [36:34<1:48:18, 18.05s/it, KL=0.166, L=10.011, LR=2.45e-02, Sp=14.130, T=0.233]
Node pruning:  28%|##8       | 141/500 [36:34<1:41:20, 16.94s/it, KL=0.166, L=10.011, LR=2.45e-02, Sp=14.130, T=0.233]
Node pruning:  28%|##8       | 141/500 [36:48<1:41:20, 16.94s/it, KL=0.175, L=10.012, LR=2.44e-02, Sp=14.121, T=0.249]
Node pruning:  28%|##8       | 142/500 [36:48<1:36:34, 16.18s/it, KL=0.175, L=10.012, LR=2.44e-02, Sp=14.121, T=0.249]
Node pruning:  28%|##8       | 142/500 [37:03<1:36:34, 16.18s/it, KL=0.209, L=10.035, LR=2.44e-02, Sp=14.113, T=0.313]
Node pruning:  29%|##8       | 143/500 [37:03<1:33:17, 15.68s/it, KL=0.209, L=10.035, LR=2.44e-02, Sp=14.113, T=0.313]
Node pruning:  29%|##8       | 143/500 [37:17<1:33:17, 15.68s/it, KL=0.204, L=10.029, LR=2.43e-02, Sp=14.105, T=0.313]
Node pruning:  29%|##8       | 144/500 [37:17<1:30:57, 15.33s/it, KL=0.204, L=10.029, LR=2.43e-02, Sp=14.105, T=0.313]
Node pruning:  29%|##8       | 144/500 [37:32<1:30:57, 15.33s/it, KL=0.181, L=9.996, LR=2.42e-02, Sp=14.097, T=0.244] 
Node pruning:  29%|##9       | 145/500 [37:32<1:29:00, 15.04s/it, KL=0.181, L=9.996, LR=2.42e-02, Sp=14.097, T=0.244]
Node pruning:  29%|##9       | 145/500 [37:46<1:29:00, 15.04s/it, KL=0.234, L=10.050, LR=2.41e-02, Sp=14.090, T=0.390]
Node pruning:  29%|##9       | 146/500 [37:46<1:27:43, 14.87s/it, KL=0.234, L=10.050, LR=2.41e-02, Sp=14.090, T=0.390]
Node pruning:  29%|##9       | 146/500 [38:01<1:27:43, 14.87s/it, KL=0.202, L=10.011, LR=2.41e-02, Sp=14.084, T=0.305]
Node pruning:  29%|##9       | 147/500 [38:01<1:26:43, 14.74s/it, KL=0.202, L=10.011, LR=2.41e-02, Sp=14.084, T=0.305]
Node pruning:  29%|##9       | 147/500 [38:15<1:26:43, 14.74s/it, KL=0.206, L=10.014, LR=2.40e-02, Sp=14.077, T=0.326]
Node pruning:  30%|##9       | 148/500 [38:15<1:25:45, 14.62s/it, KL=0.206, L=10.014, LR=2.40e-02, Sp=14.077, T=0.326]
Node pruning:  30%|##9       | 148/500 [38:29<1:25:45, 14.62s/it, KL=0.183, L=9.980, LR=2.39e-02, Sp=14.071, T=0.251] 
Node pruning:  30%|##9       | 149/500 [38:29<1:25:12, 14.57s/it, KL=0.183, L=9.980, LR=2.39e-02, Sp=14.071, T=0.251]
Node pruning:  30%|##9       | 149/500 [38:44<1:25:12, 14.57s/it, KL=0.185, L=9.976, LR=2.38e-02, Sp=14.064, T=0.254]
==================================================
  EVALUATING: Node Ep 150
==================================================


Evaluating Node Ep 150:   0%|          | 0/20 [00:00<?, ?it/s][A

Evaluating Node Ep 150:  50%|#####     | 10/20 [00:00<00:00, 17.58it/s][A

Acc: 0.900, LD: 2.400:  50%|#####     | 10/20 [00:00<00:00, 17.58it/s] [A

Acc: 0.900, LD: 2.400: 100%|##########| 20/20 [00:01<00:00, 17.53it/s][A

Acc: 0.950, LD: 2.163: 100%|##########| 20/20 [00:01<00:00, 17.53it/s][A

Acc: 0.950, LD: 2.163: : 30it [00:01, 17.42it/s]                      [A

Acc: 0.967, LD: 2.046: : 30it [00:01, 17.42it/s][A

Acc: 0.967, LD: 2.046: : 40it [00:02, 17.43it/s][A

Acc: 0.950, LD: 1.944: : 40it [00:02, 17.43it/s][A

Acc: 0.950, LD: 1.944: : 50it [00:02, 17.45it/s][A

Acc: 0.940, LD: 1.887: : 50it [00:02, 17.45it/s][A

Acc: 0.940, LD: 1.887: : 60it [00:03, 17.47it/s][A

Acc: 0.950, LD: 1.798: : 60it [00:03, 17.47it/s][A

Acc: 0.950, LD: 1.798: : 70it [00:04, 16.49it/s][A

Acc: 0.943, LD: 1.748: : 70it [00:04, 16.49it/s][A

Acc: 0.943, LD: 1.748: : 80it [00:04, 16.82it/s][A

Acc: 0.925, LD: 1.648: : 80it [00:04, 16.82it/s][A

Acc: 0.925, LD: 1.648: : 90it [00:05, 17.02it/s][A

Acc: 0.911, LD: 1.619: : 90it [00:05, 17.02it/s][A

Acc: 0.911, LD: 1.619: : 100it [00:05, 17.14it/s][A

Acc: 0.920, LD: 1.696: : 100it [00:05, 17.14it/s][A

Acc: 0.920, LD: 1.696: : 110it [00:06, 17.24it/s][A

Acc: 0.918, LD: 1.710: : 110it [00:06, 17.24it/s][A

Acc: 0.918, LD: 1.710: : 120it [00:06, 17.32it/s][A

Acc: 0.908, LD: 1.686: : 120it [00:06, 17.32it/s][A

Acc: 0.908, LD: 1.686: : 130it [00:07, 17.36it/s][A

Acc: 0.900, LD: 1.694: : 130it [00:07, 17.36it/s][A

Acc: 0.900, LD: 1.694: : 140it [00:08, 17.40it/s][A

Acc: 0.907, LD: 1.650: : 140it [00:08, 17.40it/s][A

Acc: 0.907, LD: 1.650: : 150it [00:08, 17.42it/s][A

Acc: 0.900, LD: 1.610: : 150it [00:08, 17.42it/s][A

Acc: 0.900, LD: 1.610: : 160it [00:09, 16.26it/s][A

Acc: 0.900, LD: 1.613: : 160it [00:09, 16.26it/s][A

Acc: 0.900, LD: 1.613: : 170it [00:09, 16.61it/s][A

Acc: 0.894, LD: 1.562: : 170it [00:09, 16.61it/s][A

Acc: 0.894, LD: 1.562: : 180it [00:10, 16.85it/s][A

Acc: 0.889, LD: 1.585: : 180it [00:10, 16.85it/s][A

Acc: 0.889, LD: 1.585: : 190it [00:11, 16.96it/s][A

Acc: 0.884, LD: 1.572: : 190it [00:11, 16.96it/s][A

Acc: 0.884, LD: 1.572: : 200it [00:11, 17.10it/s][A

Acc: 0.885, LD: 1.569: : 200it [00:11, 17.10it/s][A

                                                 [A
Processed 200 valid samples.

==================================================
Node Ep 150 Evaluation Summary:
  - Accuracy:              0.8850
  - Logit Difference:      1.5694
  - KL Divergence:         0.1799
  - Exact Match:           0.8850
==================================================

Node pruning:  30%|###       | 150/500 [38:55<1:45:11, 18.03s/it, KL=0.185, L=9.976, LR=2.38e-02, Sp=14.064, T=0.254]
Node pruning:  30%|###       | 150/500 [39:12<1:45:11, 18.03s/it, KL=0.320, L=10.109, LR=2.38e-02, Sp=14.057, T=0.576]
Node pruning:  30%|###       | 151/500 [39:12<1:42:02, 17.54s/it, KL=0.320, L=10.109, LR=2.38e-02, Sp=14.057, T=0.576]
Node pruning:  30%|###       | 151/500 [39:27<1:42:02, 17.54s/it, KL=0.192, L=9.976, LR=2.37e-02, Sp=14.053, T=0.272] 
Node pruning:  30%|###       | 152/500 [39:27<1:36:52, 16.70s/it, KL=0.192, L=9.976, LR=2.37e-02, Sp=14.053, T=0.272]
Node pruning:  30%|###       | 152/500 [39:41<1:36:52, 16.70s/it, KL=0.217, L=10.001, LR=2.36e-02, Sp=14.047, T=0.344]
Node pruning:  31%|###       | 153/500 [39:41<1:32:32, 16.00s/it, KL=0.217, L=10.001, LR=2.36e-02, Sp=14.047, T=0.344]
Node pruning:  31%|###       | 153/500 [39:55<1:32:32, 16.00s/it, KL=0.229, L=10.006, LR=2.35e-02, Sp=14.041, T=0.361]
Node pruning:  31%|###       | 154/500 [39:55<1:29:43, 15.56s/it, KL=0.229, L=10.006, LR=2.35e-02, Sp=14.041, T=0.361]
Node pruning:  31%|###       | 154/500 [40:10<1:29:43, 15.56s/it, KL=0.226, L=10.005, LR=2.35e-02, Sp=14.036, T=0.372]
Node pruning:  31%|###1      | 155/500 [40:10<1:27:31, 15.22s/it, KL=0.226, L=10.005, LR=2.35e-02, Sp=14.036, T=0.372]
Node pruning:  31%|###1      | 155/500 [40:24<1:27:31, 15.22s/it, KL=0.230, L=10.002, LR=2.34e-02, Sp=14.031, T=0.371]
Node pruning:  31%|###1      | 156/500 [40:24<1:26:01, 15.00s/it, KL=0.230, L=10.002, LR=2.34e-02, Sp=14.031, T=0.371]
Node pruning:  31%|###1      | 156/500 [40:39<1:26:01, 15.00s/it, KL=0.230, L=9.999, LR=2.33e-02, Sp=14.025, T=0.373] 
Node pruning:  31%|###1      | 157/500 [40:39<1:24:38, 14.81s/it, KL=0.230, L=9.999, LR=2.33e-02, Sp=14.025, T=0.373]
Node pruning:  31%|###1      | 157/500 [40:53<1:24:38, 14.81s/it, KL=0.214, L=9.975, LR=2.32e-02, Sp=14.021, T=0.323]
Node pruning:  32%|###1      | 158/500 [40:53<1:23:58, 14.73s/it, KL=0.214, L=9.975, LR=2.32e-02, Sp=14.021, T=0.323]
Node pruning:  32%|###1      | 158/500 [41:08<1:23:58, 14.73s/it, KL=0.212, L=9.973, LR=2.31e-02, Sp=14.015, T=0.331]
Node pruning:  32%|###1      | 159/500 [41:08<1:23:16, 14.65s/it, KL=0.212, L=9.973, LR=2.31e-02, Sp=14.015, T=0.331]
Node pruning:  32%|###1      | 159/500 [41:22<1:23:16, 14.65s/it, KL=0.203, L=9.965, LR=2.31e-02, Sp=14.010, T=0.324]
==================================================
  EVALUATING: Node Ep 160
==================================================


Evaluating Node Ep 160:   0%|          | 0/20 [00:00<?, ?it/s][A

Evaluating Node Ep 160:  50%|#####     | 10/20 [00:00<00:00, 17.65it/s][A

Acc: 0.900, LD: 2.362:  50%|#####     | 10/20 [00:00<00:00, 17.65it/s] [A

Acc: 0.900, LD: 2.362: 100%|##########| 20/20 [00:01<00:00, 15.47it/s][A

Acc: 0.950, LD: 2.144: 100%|##########| 20/20 [00:01<00:00, 15.47it/s][A

Acc: 0.950, LD: 2.144: : 30it [00:01, 16.37it/s]                      [A

Acc: 0.967, LD: 2.029: : 30it [00:01, 16.37it/s][A

Acc: 0.967, LD: 2.029: : 40it [00:02, 16.73it/s][A

Acc: 0.950, LD: 1.928: : 40it [00:02, 16.73it/s][A

Acc: 0.950, LD: 1.928: : 50it [00:02, 16.95it/s][A

Acc: 0.940, LD: 1.875: : 50it [00:02, 16.95it/s][A

Acc: 0.940, LD: 1.875: : 60it [00:03, 17.14it/s][A

Acc: 0.950, LD: 1.785: : 60it [00:03, 17.14it/s][A

Acc: 0.950, LD: 1.785: : 70it [00:04, 17.26it/s][A

Acc: 0.943, LD: 1.736: : 70it [00:04, 17.26it/s][A

Acc: 0.943, LD: 1.736: : 80it [00:04, 17.25it/s][A

Acc: 0.925, LD: 1.637: : 80it [00:04, 17.25it/s][A

Acc: 0.925, LD: 1.637: : 90it [00:05, 17.33it/s][A

Acc: 0.911, LD: 1.608: : 90it [00:05, 17.33it/s][A

Acc: 0.911, LD: 1.608: : 100it [00:05, 17.40it/s][A

Acc: 0.920, LD: 1.684: : 100it [00:05, 17.40it/s][A

Acc: 0.920, LD: 1.684: : 110it [00:06, 16.52it/s][A

Acc: 0.918, LD: 1.697: : 110it [00:06, 16.52it/s][A

Acc: 0.918, LD: 1.697: : 120it [00:07, 16.82it/s][A

Acc: 0.908, LD: 1.674: : 120it [00:07, 16.82it/s][A

Acc: 0.908, LD: 1.674: : 130it [00:07, 17.03it/s][A

Acc: 0.900, LD: 1.683: : 130it [00:07, 17.03it/s][A

Acc: 0.900, LD: 1.683: : 140it [00:08, 17.15it/s][A

Acc: 0.907, LD: 1.638: : 140it [00:08, 17.15it/s][A

Acc: 0.907, LD: 1.638: : 150it [00:08, 17.25it/s][A

Acc: 0.900, LD: 1.598: : 150it [00:08, 17.25it/s][A

Acc: 0.900, LD: 1.598: : 160it [00:09, 17.33it/s][A

Acc: 0.900, LD: 1.602: : 160it [00:09, 17.33it/s][A

Acc: 0.900, LD: 1.602: : 170it [00:09, 17.34it/s][A

Acc: 0.894, LD: 1.550: : 170it [00:09, 17.34it/s][A

Acc: 0.894, LD: 1.550: : 180it [00:10, 17.39it/s][A

Acc: 0.889, LD: 1.572: : 180it [00:10, 17.39it/s][A

Acc: 0.889, LD: 1.572: : 190it [00:11, 17.44it/s][A

Acc: 0.889, LD: 1.560: : 190it [00:11, 17.44it/s][A

Acc: 0.889, LD: 1.560: : 200it [00:11, 16.49it/s][A

Acc: 0.890, LD: 1.558: : 200it [00:11, 16.49it/s][A

                                                 [A
Processed 200 valid samples.

==================================================
Node Ep 160 Evaluation Summary:
  - Accuracy:              0.8900
  - Logit Difference:      1.5581
  - KL Divergence:         0.1797
  - Exact Match:           0.8900
==================================================

Node pruning:  32%|###2      | 160/500 [41:34<1:42:33, 18.10s/it, KL=0.203, L=9.965, LR=2.31e-02, Sp=14.010, T=0.324]
Node pruning:  32%|###2      | 160/500 [41:48<1:42:33, 18.10s/it, KL=0.166, L=9.922, LR=2.30e-02, Sp=14.005, T=0.226]
Node pruning:  32%|###2      | 161/500 [41:48<1:36:03, 17.00s/it, KL=0.166, L=9.922, LR=2.30e-02, Sp=14.005, T=0.226]
Node pruning:  32%|###2      | 161/500 [42:03<1:36:03, 17.00s/it, KL=0.251, L=10.003, LR=2.29e-02, Sp=14.001, T=0.422]
Node pruning:  32%|###2      | 162/500 [42:03<1:31:28, 16.24s/it, KL=0.251, L=10.003, LR=2.29e-02, Sp=14.001, T=0.422]
Node pruning:  32%|###2      | 162/500 [42:17<1:31:28, 16.24s/it, KL=0.239, L=9.987, LR=2.28e-02, Sp=13.998, T=0.390] 
Node pruning:  33%|###2      | 163/500 [42:17<1:28:17, 15.72s/it, KL=0.239, L=9.987, LR=2.28e-02, Sp=13.998, T=0.390]
Node pruning:  33%|###2      | 163/500 [42:32<1:28:17, 15.72s/it, KL=0.163, L=9.911, LR=2.27e-02, Sp=13.994, T=0.222]
Node pruning:  33%|###2      | 164/500 [42:32<1:25:46, 15.32s/it, KL=0.163, L=9.911, LR=2.27e-02, Sp=13.994, T=0.222]
Node pruning:  33%|###2      | 164/500 [42:46<1:25:46, 15.32s/it, KL=0.208, L=9.954, LR=2.27e-02, Sp=13.990, T=0.329]
Node pruning:  33%|###3      | 165/500 [42:46<1:24:01, 15.05s/it, KL=0.208, L=9.954, LR=2.27e-02, Sp=13.990, T=0.329]
Node pruning:  33%|###3      | 165/500 [43:01<1:24:01, 15.05s/it, KL=0.226, L=9.963, LR=2.26e-02, Sp=13.985, T=0.352]
Node pruning:  33%|###3      | 166/500 [43:01<1:22:51, 14.88s/it, KL=0.226, L=9.963, LR=2.26e-02, Sp=13.985, T=0.352]
Node pruning:  33%|###3      | 166/500 [43:15<1:22:51, 14.88s/it, KL=0.171, L=9.909, LR=2.25e-02, Sp=13.981, T=0.238]
Node pruning:  33%|###3      | 167/500 [43:15<1:21:42, 14.72s/it, KL=0.171, L=9.909, LR=2.25e-02, Sp=13.981, T=0.238]
Node pruning:  33%|###3      | 167/500 [43:29<1:21:42, 14.72s/it, KL=0.236, L=9.969, LR=2.24e-02, Sp=13.977, T=0.379]
Node pruning:  34%|###3      | 168/500 [43:29<1:21:01, 14.64s/it, KL=0.236, L=9.969, LR=2.24e-02, Sp=13.977, T=0.379]
Node pruning:  34%|###3      | 168/500 [43:44<1:21:01, 14.64s/it, KL=0.179, L=9.910, LR=2.23e-02, Sp=13.973, T=0.250]
Node pruning:  34%|###3      | 169/500 [43:44<1:20:27, 14.59s/it, KL=0.179, L=9.910, LR=2.23e-02, Sp=13.973, T=0.250]
Node pruning:  34%|###3      | 169/500 [43:58<1:20:27, 14.59s/it, KL=0.160, L=9.890, LR=2.23e-02, Sp=13.968, T=0.214]
==================================================
  EVALUATING: Node Ep 170
==================================================


Evaluating Node Ep 170:   0%|          | 0/20 [00:00<?, ?it/s][A

Evaluating Node Ep 170:  50%|#####     | 10/20 [00:00<00:00, 14.87it/s][A

Acc: 0.900, LD: 2.375:  50%|#####     | 10/20 [00:00<00:00, 14.87it/s] [A

Acc: 0.900, LD: 2.375: 100%|##########| 20/20 [00:01<00:00, 16.36it/s][A

Acc: 0.950, LD: 2.138: 100%|##########| 20/20 [00:01<00:00, 16.36it/s][A

Acc: 0.950, LD: 2.138: : 30it [00:01, 16.86it/s]                      [A

Acc: 0.967, LD: 2.017: : 30it [00:01, 16.86it/s][A

Acc: 0.967, LD: 2.017: : 40it [00:02, 17.12it/s][A

Acc: 0.950, LD: 1.916: : 40it [00:02, 17.12it/s][A

Acc: 0.950, LD: 1.916: : 50it [00:02, 17.27it/s][A

Acc: 0.940, LD: 1.860: : 50it [00:02, 17.27it/s][A

Acc: 0.940, LD: 1.860: : 60it [00:03, 17.37it/s][A

Acc: 0.950, LD: 1.771: : 60it [00:03, 17.37it/s][A

Acc: 0.950, LD: 1.771: : 70it [00:04, 17.44it/s][A

Acc: 0.943, LD: 1.723: : 70it [00:04, 17.44it/s][A

Acc: 0.943, LD: 1.723: : 80it [00:04, 17.48it/s][A

Acc: 0.925, LD: 1.625: : 80it [00:04, 17.48it/s][A

Acc: 0.925, LD: 1.625: : 90it [00:05, 17.39it/s][A

Acc: 0.911, LD: 1.596: : 90it [00:05, 17.39it/s][A

Acc: 0.911, LD: 1.596: : 100it [00:05, 16.37it/s][A

Acc: 0.920, LD: 1.671: : 100it [00:05, 16.37it/s][A

Acc: 0.920, LD: 1.671: : 110it [00:06, 16.72it/s][A

Acc: 0.918, LD: 1.685: : 110it [00:06, 16.72it/s][A

Acc: 0.918, LD: 1.685: : 120it [00:07, 16.95it/s][A

Acc: 0.908, LD: 1.663: : 120it [00:07, 16.95it/s][A

Acc: 0.908, LD: 1.663: : 130it [00:07, 17.13it/s][A

Acc: 0.900, LD: 1.670: : 130it [00:07, 17.13it/s][A

Acc: 0.900, LD: 1.670: : 140it [00:08, 17.25it/s][A

Acc: 0.907, LD: 1.625: : 140it [00:08, 17.25it/s][A

Acc: 0.907, LD: 1.625: : 150it [00:08, 17.33it/s][A

Acc: 0.900, LD: 1.585: : 150it [00:08, 17.33it/s][A

Acc: 0.900, LD: 1.585: : 160it [00:09, 17.40it/s][A

Acc: 0.900, LD: 1.589: : 160it [00:09, 17.40it/s][A

Acc: 0.900, LD: 1.589: : 170it [00:09, 17.44it/s][A

Acc: 0.894, LD: 1.539: : 170it [00:09, 17.44it/s][A

Acc: 0.894, LD: 1.539: : 180it [00:10, 17.47it/s][A

Acc: 0.889, LD: 1.560: : 180it [00:10, 17.47it/s][A

Acc: 0.889, LD: 1.560: : 190it [00:11, 16.55it/s][A

Acc: 0.884, LD: 1.547: : 190it [00:11, 16.55it/s][A

Acc: 0.884, LD: 1.547: : 200it [00:11, 16.75it/s][A

Acc: 0.885, LD: 1.545: : 200it [00:11, 16.75it/s][A

                                                 [A
Processed 200 valid samples.

==================================================
Node Ep 170 Evaluation Summary:
  - Accuracy:              0.8850
  - Logit Difference:      1.5450
  - KL Divergence:         0.1813
  - Exact Match:           0.8850
==================================================

Node pruning:  34%|###4      | 170/500 [44:10<1:39:22, 18.07s/it, KL=0.160, L=9.890, LR=2.23e-02, Sp=13.968, T=0.214]
Node pruning:  34%|###4      | 170/500 [44:24<1:39:22, 18.07s/it, KL=0.173, L=9.901, LR=2.22e-02, Sp=13.964, T=0.247]
Node pruning:  34%|###4      | 171/500 [44:24<1:32:55, 16.95s/it, KL=0.173, L=9.901, LR=2.22e-02, Sp=13.964, T=0.247]
Node pruning:  34%|###4      | 171/500 [44:39<1:32:55, 16.95s/it, KL=0.197, L=9.918, LR=2.21e-02, Sp=13.960, T=0.289]
Node pruning:  34%|###4      | 172/500 [44:39<1:28:38, 16.21s/it, KL=0.197, L=9.918, LR=2.21e-02, Sp=13.960, T=0.289]
Node pruning:  34%|###4      | 172/500 [44:53<1:28:38, 16.21s/it, KL=0.192, L=9.915, LR=2.20e-02, Sp=13.956, T=0.294]
Node pruning:  35%|###4      | 173/500 [44:53<1:25:33, 15.70s/it, KL=0.192, L=9.915, LR=2.20e-02, Sp=13.956, T=0.294]
Node pruning:  35%|###4      | 173/500 [45:08<1:25:33, 15.70s/it, KL=0.170, L=9.889, LR=2.19e-02, Sp=13.952, T=0.239]
Node pruning:  35%|###4      | 174/500 [45:08<1:23:02, 15.28s/it, KL=0.170, L=9.889, LR=2.19e-02, Sp=13.952, T=0.239]
Node pruning:  35%|###4      | 174/500 [45:22<1:23:02, 15.28s/it, KL=0.166, L=9.883, LR=2.18e-02, Sp=13.948, T=0.231]
Node pruning:  35%|###5      | 175/500 [45:22<1:21:24, 15.03s/it, KL=0.166, L=9.883, LR=2.18e-02, Sp=13.948, T=0.231]
Node pruning:  35%|###5      | 175/500 [45:37<1:21:24, 15.03s/it, KL=0.247, L=9.956, LR=2.18e-02, Sp=13.945, T=0.400]
Node pruning:  35%|###5      | 176/500 [45:37<1:20:10, 14.85s/it, KL=0.247, L=9.956, LR=2.18e-02, Sp=13.945, T=0.400]
Node pruning:  35%|###5      | 176/500 [45:51<1:20:10, 14.85s/it, KL=0.176, L=9.888, LR=2.17e-02, Sp=13.942, T=0.254]
Node pruning:  35%|###5      | 177/500 [45:51<1:19:00, 14.68s/it, KL=0.176, L=9.888, LR=2.17e-02, Sp=13.942, T=0.254]
Node pruning:  35%|###5      | 177/500 [46:05<1:19:00, 14.68s/it, KL=0.157, L=9.865, LR=2.16e-02, Sp=13.938, T=0.205]
Node pruning:  36%|###5      | 178/500 [46:05<1:18:17, 14.59s/it, KL=0.157, L=9.865, LR=2.16e-02, Sp=13.938, T=0.205]
Node pruning:  36%|###5      | 178/500 [46:20<1:18:17, 14.59s/it, KL=0.182, L=9.886, LR=2.15e-02, Sp=13.934, T=0.260]
Node pruning:  36%|###5      | 179/500 [46:20<1:17:49, 14.55s/it, KL=0.182, L=9.886, LR=2.15e-02, Sp=13.934, T=0.260]
Node pruning:  36%|###5      | 179/500 [46:34<1:17:49, 14.55s/it, KL=0.154, L=9.856, LR=2.14e-02, Sp=13.930, T=0.195]
==================================================
  EVALUATING: Node Ep 180
==================================================


Evaluating Node Ep 180:   0%|          | 0/20 [00:00<?, ?it/s][A

Evaluating Node Ep 180:  50%|#####     | 10/20 [00:00<00:00, 15.32it/s][A

Acc: 0.900, LD: 2.375:  50%|#####     | 10/20 [00:00<00:00, 15.32it/s] [A

Acc: 0.900, LD: 2.375: 100%|##########| 20/20 [00:01<00:00, 16.54it/s][A

Acc: 0.950, LD: 2.131: 100%|##########| 20/20 [00:01<00:00, 16.54it/s][A

Acc: 0.950, LD: 2.131: : 30it [00:01, 16.96it/s]                      [A

Acc: 0.967, LD: 2.008: : 30it [00:01, 16.96it/s][A

Acc: 0.967, LD: 2.008: : 40it [00:02, 17.17it/s][A

Acc: 0.950, LD: 1.913: : 40it [00:02, 17.17it/s][A

Acc: 0.950, LD: 1.913: : 50it [00:02, 17.30it/s][A

Acc: 0.940, LD: 1.855: : 50it [00:02, 17.30it/s][A

Acc: 0.940, LD: 1.855: : 60it [00:03, 17.37it/s][A

Acc: 0.950, LD: 1.767: : 60it [00:03, 17.37it/s][A

Acc: 0.950, LD: 1.767: : 70it [00:04, 17.42it/s][A

Acc: 0.943, LD: 1.720: : 70it [00:04, 17.42it/s][A

Acc: 0.943, LD: 1.720: : 80it [00:04, 17.45it/s][A

Acc: 0.925, LD: 1.619: : 80it [00:04, 17.45it/s][A

Acc: 0.925, LD: 1.619: : 90it [00:05, 17.46it/s][A

Acc: 0.911, LD: 1.589: : 90it [00:05, 17.46it/s][A

Acc: 0.911, LD: 1.589: : 100it [00:05, 16.56it/s][A

Acc: 0.920, LD: 1.663: : 100it [00:05, 16.56it/s][A

Acc: 0.920, LD: 1.663: : 110it [00:06, 16.85it/s][A

Acc: 0.918, LD: 1.676: : 110it [00:06, 16.85it/s][A

Acc: 0.918, LD: 1.676: : 120it [00:07, 17.03it/s][A

Acc: 0.908, LD: 1.653: : 120it [00:07, 17.03it/s][A

Acc: 0.908, LD: 1.653: : 130it [00:07, 17.17it/s][A

Acc: 0.900, LD: 1.662: : 130it [00:07, 17.17it/s][A

Acc: 0.900, LD: 1.662: : 140it [00:08, 17.26it/s][A

Acc: 0.907, LD: 1.617: : 140it [00:08, 17.26it/s][A

Acc: 0.907, LD: 1.617: : 150it [00:08, 17.34it/s][A

Acc: 0.900, LD: 1.577: : 150it [00:08, 17.34it/s][A

Acc: 0.900, LD: 1.577: : 160it [00:09, 17.38it/s][A

Acc: 0.900, LD: 1.582: : 160it [00:09, 17.38it/s][A

Acc: 0.900, LD: 1.582: : 170it [00:09, 17.41it/s][A

Acc: 0.894, LD: 1.532: : 170it [00:09, 17.41it/s][A

Acc: 0.894, LD: 1.532: : 180it [00:10, 17.44it/s][A

Acc: 0.889, LD: 1.552: : 180it [00:10, 17.44it/s][A

Acc: 0.889, LD: 1.552: : 190it [00:11, 16.44it/s][A

Acc: 0.884, LD: 1.538: : 190it [00:11, 16.44it/s][A

Acc: 0.884, LD: 1.538: : 200it [00:11, 16.70it/s][A

Acc: 0.885, LD: 1.536: : 200it [00:11, 16.70it/s][A

                                                 [A
Processed 200 valid samples.

==================================================
Node Ep 180 Evaluation Summary:
  - Accuracy:              0.8850
  - Logit Difference:      1.5356
  - KL Divergence:         0.1806
  - Exact Match:           0.8850
==================================================

Node pruning:  36%|###6      | 180/500 [46:46<1:35:58, 18.00s/it, KL=0.154, L=9.856, LR=2.14e-02, Sp=13.930, T=0.195]
Node pruning:  36%|###6      | 180/500 [47:00<1:35:58, 18.00s/it, KL=0.173, L=9.870, LR=2.13e-02, Sp=13.927, T=0.232]
Node pruning:  36%|###6      | 181/500 [47:00<1:29:49, 16.89s/it, KL=0.173, L=9.870, LR=2.13e-02, Sp=13.927, T=0.232]
Node pruning:  36%|###6      | 181/500 [47:15<1:29:49, 16.89s/it, KL=0.170, L=9.870, LR=2.12e-02, Sp=13.923, T=0.244]
Node pruning:  36%|###6      | 182/500 [47:15<1:25:39, 16.16s/it, KL=0.170, L=9.870, LR=2.12e-02, Sp=13.923, T=0.244]
Node pruning:  36%|###6      | 182/500 [47:29<1:25:39, 16.16s/it, KL=0.167, L=9.861, LR=2.12e-02, Sp=13.919, T=0.223]
Node pruning:  37%|###6      | 183/500 [47:29<1:22:46, 15.67s/it, KL=0.167, L=9.861, LR=2.12e-02, Sp=13.919, T=0.223]
Node pruning:  37%|###6      | 183/500 [47:43<1:22:46, 15.67s/it, KL=0.152, L=9.844, LR=2.11e-02, Sp=13.916, T=0.192]
Node pruning:  37%|###6      | 184/500 [47:43<1:20:21, 15.26s/it, KL=0.152, L=9.844, LR=2.11e-02, Sp=13.916, T=0.192]
Node pruning:  37%|###6      | 184/500 [47:58<1:20:21, 15.26s/it, KL=0.229, L=9.918, LR=2.10e-02, Sp=13.913, T=0.369]
Node pruning:  37%|###7      | 185/500 [47:58<1:18:48, 15.01s/it, KL=0.229, L=9.918, LR=2.10e-02, Sp=13.913, T=0.369]
Node pruning:  37%|###7      | 185/500 [48:12<1:18:48, 15.01s/it, KL=0.164, L=9.854, LR=2.09e-02, Sp=13.909, T=0.228]
Node pruning:  37%|###7      | 186/500 [48:12<1:17:35, 14.83s/it, KL=0.164, L=9.854, LR=2.09e-02, Sp=13.909, T=0.228]
Node pruning:  37%|###7      | 186/500 [48:26<1:17:35, 14.83s/it, KL=0.152, L=9.837, LR=2.08e-02, Sp=13.906, T=0.191]
Node pruning:  37%|###7      | 187/500 [48:26<1:16:33, 14.68s/it, KL=0.152, L=9.837, LR=2.08e-02, Sp=13.906, T=0.191]
Node pruning:  37%|###7      | 187/500 [48:41<1:16:33, 14.68s/it, KL=0.203, L=9.882, LR=2.07e-02, Sp=13.902, T=0.301]
Node pruning:  38%|###7      | 188/500 [48:41<1:15:59, 14.61s/it, KL=0.203, L=9.882, LR=2.07e-02, Sp=13.902, T=0.301]
Node pruning:  38%|###7      | 188/500 [48:57<1:15:59, 14.61s/it, KL=0.219, L=9.898, LR=2.06e-02, Sp=13.899, T=0.345]
Node pruning:  38%|###7      | 189/500 [48:57<1:18:43, 15.19s/it, KL=0.219, L=9.898, LR=2.06e-02, Sp=13.899, T=0.345]
Node pruning:  38%|###7      | 189/500 [49:12<1:18:43, 15.19s/it, KL=0.182, L=9.861, LR=2.06e-02, Sp=13.897, T=0.260]
==================================================
  EVALUATING: Node Ep 190
==================================================


Evaluating Node Ep 190:   0%|          | 0/20 [00:00<?, ?it/s][A

Evaluating Node Ep 190:  50%|#####     | 10/20 [00:00<00:00, 17.61it/s][A

Acc: 0.900, LD: 2.375:  50%|#####     | 10/20 [00:00<00:00, 17.61it/s] [A

Acc: 0.900, LD: 2.375: 100%|##########| 20/20 [00:01<00:00, 17.55it/s][A

Acc: 0.950, LD: 2.119: 100%|##########| 20/20 [00:01<00:00, 17.55it/s][A

Acc: 0.950, LD: 2.119: : 30it [00:01, 17.44it/s]                      [A

Acc: 0.967, LD: 1.992: : 30it [00:01, 17.44it/s][A

Acc: 0.967, LD: 1.992: : 40it [00:02, 17.44it/s][A

Acc: 0.950, LD: 1.891: : 40it [00:02, 17.44it/s][A

Acc: 0.950, LD: 1.891: : 50it [00:02, 17.46it/s][A

Acc: 0.940, LD: 1.835: : 50it [00:02, 17.46it/s][A

Acc: 0.940, LD: 1.835: : 60it [00:03, 16.43it/s][A

Acc: 0.950, LD: 1.750: : 60it [00:03, 16.43it/s][A

Acc: 0.950, LD: 1.750: : 70it [00:04, 16.65it/s][A

Acc: 0.943, LD: 1.704: : 70it [00:04, 16.65it/s][A

Acc: 0.943, LD: 1.704: : 80it [00:04, 16.87it/s][A

Acc: 0.925, LD: 1.608: : 80it [00:04, 16.87it/s][A

Acc: 0.925, LD: 1.608: : 90it [00:05, 17.06it/s][A

Acc: 0.911, LD: 1.579: : 90it [00:05, 17.06it/s][A

Acc: 0.911, LD: 1.579: : 100it [00:05, 17.19it/s][A

Acc: 0.920, LD: 1.650: : 100it [00:05, 17.19it/s][A

Acc: 0.920, LD: 1.650: : 110it [00:06, 17.28it/s][A

Acc: 0.918, LD: 1.663: : 110it [00:06, 17.28it/s][A

Acc: 0.918, LD: 1.663: : 120it [00:06, 17.35it/s][A

Acc: 0.908, LD: 1.641: : 120it [00:06, 17.35it/s][A

Acc: 0.908, LD: 1.641: : 130it [00:07, 17.40it/s][A

Acc: 0.900, LD: 1.650: : 130it [00:07, 17.40it/s][A

Acc: 0.900, LD: 1.650: : 140it [00:08, 17.42it/s][A

Acc: 0.907, LD: 1.604: : 140it [00:08, 17.42it/s][A

Acc: 0.907, LD: 1.604: : 150it [00:08, 16.75it/s][A

Acc: 0.900, LD: 1.564: : 150it [00:08, 16.75it/s][A

Acc: 0.900, LD: 1.564: : 160it [00:09, 16.95it/s][A

Acc: 0.900, LD: 1.566: : 160it [00:09, 16.95it/s][A

Acc: 0.900, LD: 1.566: : 170it [00:09, 17.11it/s][A

Acc: 0.894, LD: 1.518: : 170it [00:09, 17.11it/s][A

Acc: 0.894, LD: 1.518: : 180it [00:10, 17.21it/s][A

Acc: 0.889, LD: 1.538: : 180it [00:10, 17.21it/s][A

Acc: 0.889, LD: 1.538: : 190it [00:11, 17.24it/s][A

Acc: 0.889, LD: 1.526: : 190it [00:11, 17.24it/s][A

Acc: 0.889, LD: 1.526: : 200it [00:11, 17.24it/s][A

Acc: 0.890, LD: 1.522: : 200it [00:11, 17.24it/s][A

                                                 [A
Processed 200 valid samples.

==================================================
Node Ep 190 Evaluation Summary:
  - Accuracy:              0.8900
  - Logit Difference:      1.5225
  - KL Divergence:         0.1791
  - Exact Match:           0.8900
==================================================

Node pruning:  38%|###8      | 190/500 [49:24<1:35:30, 18.48s/it, KL=0.182, L=9.861, LR=2.06e-02, Sp=13.897, T=0.260]
Node pruning:  38%|###8      | 190/500 [49:38<1:35:30, 18.48s/it, KL=0.252, L=9.926, LR=2.05e-02, Sp=13.895, T=0.413]
Node pruning:  38%|###8      | 191/500 [49:38<1:29:05, 17.30s/it, KL=0.252, L=9.926, LR=2.05e-02, Sp=13.895, T=0.413]
Node pruning:  38%|###8      | 191/500 [49:53<1:29:05, 17.30s/it, KL=0.175, L=9.856, LR=2.04e-02, Sp=13.892, T=0.263]
Node pruning:  38%|###8      | 192/500 [49:53<1:24:34, 16.47s/it, KL=0.175, L=9.856, LR=2.04e-02, Sp=13.892, T=0.263]
Node pruning:  38%|###8      | 192/500 [50:07<1:24:34, 16.47s/it, KL=0.183, L=9.854, LR=2.03e-02, Sp=13.889, T=0.256]
Node pruning:  39%|###8      | 193/500 [50:07<1:21:04, 15.85s/it, KL=0.183, L=9.854, LR=2.03e-02, Sp=13.889, T=0.256]
Node pruning:  39%|###8      | 193/500 [50:22<1:21:04, 15.85s/it, KL=0.186, L=9.860, LR=2.02e-02, Sp=13.886, T=0.281]
Node pruning:  39%|###8      | 194/500 [50:22<1:18:41, 15.43s/it, KL=0.186, L=9.860, LR=2.02e-02, Sp=13.886, T=0.281]
Node pruning:  39%|###8      | 194/500 [50:36<1:18:41, 15.43s/it, KL=0.191, L=9.859, LR=2.01e-02, Sp=13.883, T=0.280]
Node pruning:  39%|###9      | 195/500 [50:36<1:16:54, 15.13s/it, KL=0.191, L=9.859, LR=2.01e-02, Sp=13.883, T=0.280]
Node pruning:  39%|###9      | 195/500 [50:50<1:16:54, 15.13s/it, KL=0.174, L=9.842, LR=2.00e-02, Sp=13.880, T=0.247]
Node pruning:  39%|###9      | 196/500 [50:50<1:15:23, 14.88s/it, KL=0.174, L=9.842, LR=2.00e-02, Sp=13.880, T=0.247]
Node pruning:  39%|###9      | 196/500 [51:05<1:15:23, 14.88s/it, KL=0.162, L=9.828, LR=1.99e-02, Sp=13.876, T=0.220]
Node pruning:  39%|###9      | 197/500 [51:05<1:14:25, 14.74s/it, KL=0.162, L=9.828, LR=1.99e-02, Sp=13.876, T=0.220]
Node pruning:  39%|###9      | 197/500 [51:19<1:14:25, 14.74s/it, KL=0.236, L=9.903, LR=1.98e-02, Sp=13.873, T=0.403]
Node pruning:  40%|###9      | 198/500 [51:19<1:13:42, 14.64s/it, KL=0.236, L=9.903, LR=1.98e-02, Sp=13.873, T=0.403]
Node pruning:  40%|###9      | 198/500 [51:33<1:13:42, 14.64s/it, KL=0.164, L=9.825, LR=1.98e-02, Sp=13.871, T=0.219]
Node pruning:  40%|###9      | 199/500 [51:33<1:12:59, 14.55s/it, KL=0.164, L=9.825, LR=1.98e-02, Sp=13.871, T=0.219]
Node pruning:  40%|###9      | 199/500 [51:48<1:12:59, 14.55s/it, KL=0.202, L=9.863, LR=1.97e-02, Sp=13.869, T=0.314]
==================================================
  EVALUATING: Node Ep 200
==================================================


Evaluating Node Ep 200:   0%|          | 0/20 [00:00<?, ?it/s][A

Evaluating Node Ep 200:  50%|#####     | 10/20 [00:00<00:00, 17.61it/s][A

Acc: 0.900, LD: 2.337:  50%|#####     | 10/20 [00:00<00:00, 17.61it/s] [A

Acc: 0.900, LD: 2.337: 100%|##########| 20/20 [00:01<00:00, 17.50it/s][A

Acc: 0.950, LD: 2.081: 100%|##########| 20/20 [00:01<00:00, 17.50it/s][A

Acc: 0.950, LD: 2.081: : 30it [00:01, 17.48it/s]                      [A

Acc: 0.967, LD: 1.962: : 30it [00:01, 17.48it/s][A

Acc: 0.967, LD: 1.962: : 40it [00:02, 17.49it/s][A

Acc: 0.950, LD: 1.866: : 40it [00:02, 17.49it/s][A

Acc: 0.950, LD: 1.866: : 50it [00:02, 16.73it/s][A

Acc: 0.940, LD: 1.815: : 50it [00:02, 16.73it/s][A

Acc: 0.940, LD: 1.815: : 60it [00:03, 16.98it/s][A

Acc: 0.950, LD: 1.729: : 60it [00:03, 16.98it/s][A

Acc: 0.950, LD: 1.729: : 70it [00:04, 17.13it/s][A

Acc: 0.943, LD: 1.682: : 70it [00:04, 17.13it/s][A

Acc: 0.943, LD: 1.682: : 80it [00:04, 17.25it/s][A

Acc: 0.925, LD: 1.587: : 80it [00:04, 17.25it/s][A

Acc: 0.925, LD: 1.587: : 90it [00:05, 17.33it/s][A

Acc: 0.911, LD: 1.560: : 90it [00:05, 17.33it/s][A

Acc: 0.911, LD: 1.560: : 100it [00:05, 17.39it/s][A

Acc: 0.920, LD: 1.630: : 100it [00:05, 17.39it/s][A

Acc: 0.920, LD: 1.630: : 110it [00:06, 17.43it/s][A

Acc: 0.909, LD: 1.643: : 110it [00:06, 17.43it/s][A

Acc: 0.909, LD: 1.643: : 120it [00:06, 17.45it/s][A

Acc: 0.900, LD: 1.621: : 120it [00:06, 17.45it/s][A

Acc: 0.900, LD: 1.621: : 130it [00:07, 17.46it/s][A

Acc: 0.892, LD: 1.630: : 130it [00:07, 17.46it/s][A

Acc: 0.892, LD: 1.630: : 140it [00:08, 16.54it/s][A

Acc: 0.900, LD: 1.585: : 140it [00:08, 16.54it/s][A

Acc: 0.900, LD: 1.585: : 150it [00:08, 16.82it/s][A

Acc: 0.893, LD: 1.547: : 150it [00:08, 16.82it/s][A

Acc: 0.893, LD: 1.547: : 160it [00:09, 17.00it/s][A

Acc: 0.894, LD: 1.549: : 160it [00:09, 17.00it/s][A

Acc: 0.894, LD: 1.549: : 170it [00:09, 17.15it/s][A

Acc: 0.888, LD: 1.499: : 170it [00:09, 17.15it/s][A

Acc: 0.888, LD: 1.499: : 180it [00:10, 17.26it/s][A

Acc: 0.883, LD: 1.519: : 180it [00:10, 17.26it/s][A

Acc: 0.883, LD: 1.519: : 190it [00:11, 17.23it/s][A

Acc: 0.884, LD: 1.506: : 190it [00:11, 17.23it/s][A

Acc: 0.884, LD: 1.506: : 200it [00:11, 17.23it/s][A

Acc: 0.885, LD: 1.503: : 200it [00:11, 17.23it/s][A

                                                 [A
Processed 200 valid samples.

==================================================
Node Ep 200 Evaluation Summary:
  - Accuracy:              0.8850
  - Logit Difference:      1.5031
  - KL Divergence:         0.1777
  - Exact Match:           0.8850
==================================================

Node pruning:  40%|####      | 200/500 [52:00<1:29:59, 18.00s/it, KL=0.202, L=9.863, LR=1.97e-02, Sp=13.869, T=0.314]
Node pruning:  40%|####      | 200/500 [52:14<1:29:59, 18.00s/it, KL=0.207, L=9.863, LR=1.96e-02, Sp=13.867, T=0.314]
Node pruning:  40%|####      | 201/500 [52:14<1:24:25, 16.94s/it, KL=0.207, L=9.863, LR=1.96e-02, Sp=13.867, T=0.314]
Node pruning:  40%|####      | 201/500 [52:28<1:24:25, 16.94s/it, KL=0.156, L=9.814, LR=1.95e-02, Sp=13.864, T=0.206]
Node pruning:  40%|####      | 202/500 [52:28<1:20:23, 16.19s/it, KL=0.156, L=9.814, LR=1.95e-02, Sp=13.864, T=0.206]
Node pruning:  40%|####      | 202/500 [52:43<1:20:23, 16.19s/it, KL=0.193, L=9.849, LR=1.94e-02, Sp=13.861, T=0.295]
Node pruning:  41%|####      | 203/500 [52:43<1:17:24, 15.64s/it, KL=0.193, L=9.849, LR=1.94e-02, Sp=13.861, T=0.295]
Node pruning:  41%|####      | 203/500 [52:57<1:17:24, 15.64s/it, KL=0.194, L=9.845, LR=1.93e-02, Sp=13.859, T=0.286]
Node pruning:  41%|####      | 204/500 [52:57<1:15:23, 15.28s/it, KL=0.194, L=9.845, LR=1.93e-02, Sp=13.859, T=0.286]
Node pruning:  41%|####      | 204/500 [53:12<1:15:23, 15.28s/it, KL=0.182, L=9.833, LR=1.92e-02, Sp=13.856, T=0.264]
Node pruning:  41%|####1     | 205/500 [53:12<1:13:57, 15.04s/it, KL=0.182, L=9.833, LR=1.92e-02, Sp=13.856, T=0.264]
Node pruning:  41%|####1     | 205/500 [53:26<1:13:57, 15.04s/it, KL=0.152, L=9.802, LR=1.91e-02, Sp=13.854, T=0.196]
Node pruning:  41%|####1     | 206/500 [53:26<1:12:41, 14.83s/it, KL=0.152, L=9.802, LR=1.91e-02, Sp=13.854, T=0.196]
Node pruning:  41%|####1     | 206/500 [53:40<1:12:41, 14.83s/it, KL=0.280, L=9.931, LR=1.90e-02, Sp=13.851, T=0.506]
Node pruning:  41%|####1     | 207/500 [53:40<1:11:48, 14.71s/it, KL=0.280, L=9.931, LR=1.90e-02, Sp=13.851, T=0.506]
Node pruning:  41%|####1     | 207/500 [53:55<1:11:48, 14.71s/it, KL=0.171, L=9.820, LR=1.89e-02, Sp=13.849, T=0.249]
Node pruning:  42%|####1     | 208/500 [53:55<1:11:14, 14.64s/it, KL=0.171, L=9.820, LR=1.89e-02, Sp=13.849, T=0.249]
Node pruning:  42%|####1     | 208/500 [54:09<1:11:14, 14.64s/it, KL=0.183, L=9.830, LR=1.89e-02, Sp=13.847, T=0.276]
Node pruning:  42%|####1     | 209/500 [54:09<1:10:30, 14.54s/it, KL=0.183, L=9.830, LR=1.89e-02, Sp=13.847, T=0.276]
Node pruning:  42%|####1     | 209/500 [54:24<1:10:30, 14.54s/it, KL=0.190, L=9.830, LR=1.88e-02, Sp=13.845, T=0.273]
==================================================
  EVALUATING: Node Ep 210
==================================================


Evaluating Node Ep 210:   0%|          | 0/20 [00:00<?, ?it/s][A

Evaluating Node Ep 210:  50%|#####     | 10/20 [00:00<00:00, 17.56it/s][A

Acc: 0.900, LD: 2.312:  50%|#####     | 10/20 [00:00<00:00, 17.56it/s] [A

Acc: 0.900, LD: 2.312: 100%|##########| 20/20 [00:01<00:00, 17.45it/s][A

Acc: 0.950, LD: 2.069: 100%|##########| 20/20 [00:01<00:00, 17.45it/s][A

Acc: 0.950, LD: 2.069: : 30it [00:01, 17.42it/s]                      [A

Acc: 0.967, LD: 1.954: : 30it [00:01, 17.42it/s][A

Acc: 0.967, LD: 1.954: : 40it [00:02, 16.50it/s][A

Acc: 0.950, LD: 1.853: : 40it [00:02, 16.50it/s][A

Acc: 0.950, LD: 1.853: : 50it [00:02, 16.84it/s][A

Acc: 0.940, LD: 1.802: : 50it [00:02, 16.84it/s][A

Acc: 0.940, LD: 1.802: : 60it [00:03, 17.04it/s][A

Acc: 0.950, LD: 1.717: : 60it [00:03, 17.04it/s][A

Acc: 0.950, LD: 1.717: : 70it [00:04, 17.18it/s][A

Acc: 0.943, LD: 1.673: : 70it [00:04, 17.18it/s][A

Acc: 0.943, LD: 1.673: : 80it [00:04, 17.27it/s][A

Acc: 0.925, LD: 1.580: : 80it [00:04, 17.27it/s][A

Acc: 0.925, LD: 1.580: : 90it [00:05, 17.33it/s][A

Acc: 0.911, LD: 1.551: : 90it [00:05, 17.33it/s][A

Acc: 0.911, LD: 1.551: : 100it [00:05, 17.37it/s][A

Acc: 0.920, LD: 1.623: : 100it [00:05, 17.37it/s][A

Acc: 0.920, LD: 1.623: : 110it [00:06, 17.40it/s][A

Acc: 0.918, LD: 1.636: : 110it [00:06, 17.40it/s][A

Acc: 0.918, LD: 1.636: : 120it [00:06, 17.40it/s][A

Acc: 0.908, LD: 1.615: : 120it [00:06, 17.40it/s][A

Acc: 0.908, LD: 1.615: : 130it [00:07, 16.51it/s][A

Acc: 0.900, LD: 1.622: : 130it [00:07, 16.51it/s][A

Acc: 0.900, LD: 1.622: : 140it [00:08, 16.79it/s][A

Acc: 0.907, LD: 1.578: : 140it [00:08, 16.79it/s][A

Acc: 0.907, LD: 1.578: : 150it [00:08, 16.94it/s][A

Acc: 0.900, LD: 1.540: : 150it [00:08, 16.94it/s][A

Acc: 0.900, LD: 1.540: : 160it [00:09, 17.09it/s][A

Acc: 0.900, LD: 1.542: : 160it [00:09, 17.09it/s][A

Acc: 0.900, LD: 1.542: : 170it [00:09, 17.20it/s][A

Acc: 0.894, LD: 1.493: : 170it [00:09, 17.20it/s][A

Acc: 0.894, LD: 1.493: : 180it [00:10, 17.27it/s][A

Acc: 0.889, LD: 1.512: : 180it [00:10, 17.27it/s][A

Acc: 0.889, LD: 1.512: : 190it [00:11, 17.28it/s][A

Acc: 0.884, LD: 1.497: : 190it [00:11, 17.28it/s][A

Acc: 0.884, LD: 1.497: : 200it [00:11, 17.27it/s][A

Acc: 0.885, LD: 1.495: : 200it [00:11, 17.27it/s][A

                                                 [A
Processed 200 valid samples.

==================================================
Node Ep 210 Evaluation Summary:
  - Accuracy:              0.8850
  - Logit Difference:      1.4950
  - KL Divergence:         0.1771
  - Exact Match:           0.8850
==================================================

Node pruning:  42%|####2     | 210/500 [54:35<1:27:01, 18.01s/it, KL=0.190, L=9.830, LR=1.88e-02, Sp=13.845, T=0.273]
Node pruning:  42%|####2     | 210/500 [54:50<1:27:01, 18.01s/it, KL=0.175, L=9.817, LR=1.87e-02, Sp=13.842, T=0.250]
Node pruning:  42%|####2     | 211/500 [54:50<1:21:31, 16.92s/it, KL=0.175, L=9.817, LR=1.87e-02, Sp=13.842, T=0.250]
Node pruning:  42%|####2     | 211/500 [55:04<1:21:31, 16.92s/it, KL=0.246, L=9.883, LR=1.86e-02, Sp=13.840, T=0.403]
Node pruning:  42%|####2     | 212/500 [55:04<1:17:42, 16.19s/it, KL=0.246, L=9.883, LR=1.86e-02, Sp=13.840, T=0.403]
Node pruning:  42%|####2     | 212/500 [55:19<1:17:42, 16.19s/it, KL=0.183, L=9.820, LR=1.85e-02, Sp=13.839, T=0.260]
Node pruning:  43%|####2     | 213/500 [55:19<1:14:46, 15.63s/it, KL=0.183, L=9.820, LR=1.85e-02, Sp=13.839, T=0.260]
Node pruning:  43%|####2     | 213/500 [55:33<1:14:46, 15.63s/it, KL=0.152, L=9.790, LR=1.84e-02, Sp=13.836, T=0.196]
Node pruning:  43%|####2     | 214/500 [55:33<1:12:54, 15.30s/it, KL=0.152, L=9.790, LR=1.84e-02, Sp=13.836, T=0.196]
Node pruning:  43%|####2     | 214/500 [55:48<1:12:54, 15.30s/it, KL=0.172, L=9.810, LR=1.83e-02, Sp=13.833, T=0.250]
Node pruning:  43%|####3     | 215/500 [55:48<1:11:27, 15.04s/it, KL=0.172, L=9.810, LR=1.83e-02, Sp=13.833, T=0.250]
Node pruning:  43%|####3     | 215/500 [56:02<1:11:27, 15.04s/it, KL=0.338, L=9.955, LR=1.82e-02, Sp=13.831, T=0.575]
Node pruning:  43%|####3     | 216/500 [56:02<1:10:11, 14.83s/it, KL=0.338, L=9.955, LR=1.82e-02, Sp=13.831, T=0.575]
Node pruning:  43%|####3     | 216/500 [56:16<1:10:11, 14.83s/it, KL=0.182, L=9.821, LR=1.81e-02, Sp=13.829, T=0.287]
Node pruning:  43%|####3     | 217/500 [56:16<1:09:20, 14.70s/it, KL=0.182, L=9.821, LR=1.81e-02, Sp=13.829, T=0.287]
Node pruning:  43%|####3     | 217/500 [56:31<1:09:20, 14.70s/it, KL=0.227, L=9.852, LR=1.80e-02, Sp=13.827, T=0.350]
Node pruning:  44%|####3     | 218/500 [56:31<1:08:51, 14.65s/it, KL=0.227, L=9.852, LR=1.80e-02, Sp=13.827, T=0.350]
Node pruning:  44%|####3     | 218/500 [56:45<1:08:51, 14.65s/it, KL=0.249, L=9.877, LR=1.79e-02, Sp=13.825, T=0.416]
Node pruning:  44%|####3     | 219/500 [56:45<1:08:21, 14.60s/it, KL=0.249, L=9.877, LR=1.79e-02, Sp=13.825, T=0.416]
Node pruning:  44%|####3     | 219/500 [57:00<1:08:21, 14.60s/it, KL=0.206, L=9.833, LR=1.79e-02, Sp=13.823, T=0.318]
==================================================
  EVALUATING: Node Ep 220
==================================================


Evaluating Node Ep 220:   0%|          | 0/20 [00:00<?, ?it/s][A

Evaluating Node Ep 220:  50%|#####     | 10/20 [00:00<00:00, 17.50it/s][A

Acc: 0.900, LD: 2.312:  50%|#####     | 10/20 [00:00<00:00, 17.50it/s] [A

Acc: 0.900, LD: 2.312: 100%|##########| 20/20 [00:01<00:00, 17.41it/s][A

Acc: 0.950, LD: 2.075: 100%|##########| 20/20 [00:01<00:00, 17.41it/s][A

Acc: 0.950, LD: 2.075: : 30it [00:01, 16.31it/s]                      [A

Acc: 0.967, LD: 1.950: : 30it [00:01, 16.31it/s][A

Acc: 0.967, LD: 1.950: : 40it [00:02, 16.74it/s][A

Acc: 0.950, LD: 1.847: : 40it [00:02, 16.74it/s][A

Acc: 0.950, LD: 1.847: : 50it [00:02, 16.91it/s][A

Acc: 0.940, LD: 1.792: : 50it [00:02, 16.91it/s][A

Acc: 0.940, LD: 1.792: : 60it [00:03, 17.08it/s][A

Acc: 0.950, LD: 1.708: : 60it [00:03, 17.08it/s][A

Acc: 0.950, LD: 1.708: : 70it [00:04, 17.19it/s][A

Acc: 0.943, LD: 1.664: : 70it [00:04, 17.19it/s][A

Acc: 0.943, LD: 1.664: : 80it [00:04, 17.26it/s][A

Acc: 0.925, LD: 1.567: : 80it [00:04, 17.26it/s][A

Acc: 0.925, LD: 1.567: : 90it [00:05, 17.31it/s][A

Acc: 0.911, LD: 1.539: : 90it [00:05, 17.31it/s][A

Acc: 0.911, LD: 1.539: : 100it [00:05, 17.35it/s][A

Acc: 0.920, LD: 1.611: : 100it [00:05, 17.35it/s][A

Acc: 0.920, LD: 1.611: : 110it [00:06, 17.37it/s][A

Acc: 0.918, LD: 1.626: : 110it [00:06, 17.37it/s][A

Acc: 0.918, LD: 1.626: : 120it [00:07, 16.60it/s][A

Acc: 0.908, LD: 1.604: : 120it [00:07, 16.60it/s][A

Acc: 0.908, LD: 1.604: : 130it [00:07, 16.80it/s][A

Acc: 0.900, LD: 1.613: : 130it [00:07, 16.80it/s][A

Acc: 0.900, LD: 1.613: : 140it [00:08, 16.89it/s][A

Acc: 0.900, LD: 1.568: : 140it [00:08, 16.89it/s][A

Acc: 0.900, LD: 1.568: : 150it [00:08, 17.04it/s][A

Acc: 0.893, LD: 1.531: : 150it [00:08, 17.04it/s][A

Acc: 0.893, LD: 1.531: : 160it [00:09, 17.15it/s][A

Acc: 0.894, LD: 1.534: : 160it [00:09, 17.15it/s][A

Acc: 0.894, LD: 1.534: : 170it [00:09, 17.21it/s][A

Acc: 0.888, LD: 1.485: : 170it [00:09, 17.21it/s][A

Acc: 0.888, LD: 1.485: : 180it [00:10, 17.27it/s][A

Acc: 0.883, LD: 1.504: : 180it [00:10, 17.27it/s][A

Acc: 0.883, LD: 1.504: : 190it [00:11, 17.24it/s][A

Acc: 0.879, LD: 1.489: : 190it [00:11, 17.24it/s][A

Acc: 0.879, LD: 1.489: : 200it [00:11, 17.22it/s][A

Acc: 0.880, LD: 1.486: : 200it [00:11, 17.22it/s][A

                                                 [A
Processed 200 valid samples.

==================================================
Node Ep 220 Evaluation Summary:
  - Accuracy:              0.8800
  - Logit Difference:      1.4856
  - KL Divergence:         0.1774
  - Exact Match:           0.8850
==================================================

Node pruning:  44%|####4     | 220/500 [57:11<1:24:09, 18.04s/it, KL=0.206, L=9.833, LR=1.79e-02, Sp=13.823, T=0.318]
Node pruning:  44%|####4     | 220/500 [57:26<1:24:09, 18.04s/it, KL=0.162, L=9.787, LR=1.78e-02, Sp=13.821, T=0.214]
Node pruning:  44%|####4     | 221/500 [57:26<1:18:52, 16.96s/it, KL=0.162, L=9.787, LR=1.78e-02, Sp=13.821, T=0.214]
Node pruning:  44%|####4     | 221/500 [57:40<1:18:52, 16.96s/it, KL=0.219, L=9.842, LR=1.77e-02, Sp=13.818, T=0.344]
Node pruning:  44%|####4     | 222/500 [57:40<1:15:14, 16.24s/it, KL=0.219, L=9.842, LR=1.77e-02, Sp=13.818, T=0.344]
Node pruning:  44%|####4     | 222/500 [57:55<1:15:14, 16.24s/it, KL=0.195, L=9.820, LR=1.76e-02, Sp=13.816, T=0.301]
Node pruning:  45%|####4     | 223/500 [57:55<1:12:30, 15.71s/it, KL=0.195, L=9.820, LR=1.76e-02, Sp=13.816, T=0.301]
Node pruning:  45%|####4     | 223/500 [58:09<1:12:30, 15.71s/it, KL=0.179, L=9.798, LR=1.75e-02, Sp=13.814, T=0.249]
Node pruning:  45%|####4     | 224/500 [58:09<1:10:19, 15.29s/it, KL=0.179, L=9.798, LR=1.75e-02, Sp=13.814, T=0.249]
Node pruning:  45%|####4     | 224/500 [58:24<1:10:19, 15.29s/it, KL=0.197, L=9.813, LR=1.74e-02, Sp=13.811, T=0.285]
Node pruning:  45%|####5     | 225/500 [58:24<1:08:55, 15.04s/it, KL=0.197, L=9.813, LR=1.74e-02, Sp=13.811, T=0.285]
Node pruning:  45%|####5     | 225/500 [58:38<1:08:55, 15.04s/it, KL=0.231, L=9.848, LR=1.73e-02, Sp=13.809, T=0.376]
Node pruning:  45%|####5     | 226/500 [58:38<1:08:00, 14.89s/it, KL=0.231, L=9.848, LR=1.73e-02, Sp=13.809, T=0.376]
Node pruning:  45%|####5     | 226/500 [58:52<1:08:00, 14.89s/it, KL=0.169, L=9.790, LR=1.72e-02, Sp=13.807, T=0.249]
Node pruning:  45%|####5     | 227/500 [58:52<1:06:57, 14.72s/it, KL=0.169, L=9.790, LR=1.72e-02, Sp=13.807, T=0.249]
Node pruning:  45%|####5     | 227/500 [59:07<1:06:57, 14.72s/it, KL=0.173, L=9.793, LR=1.71e-02, Sp=13.805, T=0.257]
Node pruning:  46%|####5     | 228/500 [59:07<1:06:25, 14.65s/it, KL=0.173, L=9.793, LR=1.71e-02, Sp=13.805, T=0.257]
Node pruning:  46%|####5     | 228/500 [59:21<1:06:25, 14.65s/it, KL=0.215, L=9.824, LR=1.70e-02, Sp=13.803, T=0.323]
Node pruning:  46%|####5     | 229/500 [59:21<1:05:57, 14.60s/it, KL=0.215, L=9.824, LR=1.70e-02, Sp=13.803, T=0.323]
Node pruning:  46%|####5     | 229/500 [59:36<1:05:57, 14.60s/it, KL=0.191, L=9.809, LR=1.69e-02, Sp=13.802, T=0.302]
==================================================
  EVALUATING: Node Ep 230
==================================================


Evaluating Node Ep 230:   0%|          | 0/20 [00:00<?, ?it/s][A

Evaluating Node Ep 230:  50%|#####     | 10/20 [00:00<00:00, 14.84it/s][A

Acc: 0.900, LD: 2.263:  50%|#####     | 10/20 [00:00<00:00, 14.84it/s] [A

Acc: 0.900, LD: 2.263: 100%|##########| 20/20 [00:01<00:00, 16.32it/s][A

Acc: 0.950, LD: 2.038: 100%|##########| 20/20 [00:01<00:00, 16.32it/s][A

Acc: 0.950, LD: 2.038: : 30it [00:01, 16.80it/s]                      [A

Acc: 0.967, LD: 1.929: : 30it [00:01, 16.80it/s][A

Acc: 0.967, LD: 1.929: : 40it [00:02, 17.02it/s][A

Acc: 0.950, LD: 1.825: : 40it [00:02, 17.02it/s][A

Acc: 0.950, LD: 1.825: : 50it [00:02, 17.19it/s][A

Acc: 0.940, LD: 1.772: : 50it [00:02, 17.19it/s][A

Acc: 0.940, LD: 1.772: : 60it [00:03, 17.29it/s][A

Acc: 0.950, LD: 1.692: : 60it [00:03, 17.29it/s][A

Acc: 0.950, LD: 1.692: : 70it [00:04, 17.35it/s][A

Acc: 0.943, LD: 1.650: : 70it [00:04, 17.35it/s][A

Acc: 0.943, LD: 1.650: : 80it [00:04, 17.39it/s][A

Acc: 0.925, LD: 1.555: : 80it [00:04, 17.39it/s][A

Acc: 0.925, LD: 1.555: : 90it [00:05, 17.43it/s][A

Acc: 0.911, LD: 1.526: : 90it [00:05, 17.43it/s][A

Acc: 0.911, LD: 1.526: : 100it [00:05, 16.54it/s][A

Acc: 0.920, LD: 1.599: : 100it [00:05, 16.54it/s][A

Acc: 0.920, LD: 1.599: : 110it [00:06, 16.83it/s][A

Acc: 0.918, LD: 1.613: : 110it [00:06, 16.83it/s][A

Acc: 0.918, LD: 1.613: : 120it [00:07, 17.02it/s][A

Acc: 0.908, LD: 1.590: : 120it [00:07, 17.02it/s][A

Acc: 0.908, LD: 1.590: : 130it [00:07, 17.16it/s][A

Acc: 0.900, LD: 1.597: : 130it [00:07, 17.16it/s][A

Acc: 0.900, LD: 1.597: : 140it [00:08, 17.26it/s][A

Acc: 0.900, LD: 1.554: : 140it [00:08, 17.26it/s][A

Acc: 0.900, LD: 1.554: : 150it [00:08, 17.33it/s][A

Acc: 0.893, LD: 1.517: : 150it [00:08, 17.33it/s][A

Acc: 0.893, LD: 1.517: : 160it [00:09, 17.37it/s][A

Acc: 0.894, LD: 1.520: : 160it [00:09, 17.37it/s][A

Acc: 0.894, LD: 1.520: : 170it [00:09, 17.41it/s][A

Acc: 0.888, LD: 1.471: : 170it [00:09, 17.41it/s][A

Acc: 0.888, LD: 1.471: : 180it [00:10, 17.43it/s][A

Acc: 0.883, LD: 1.489: : 180it [00:10, 17.43it/s][A

Acc: 0.883, LD: 1.489: : 190it [00:11, 17.44it/s][A

Acc: 0.879, LD: 1.475: : 190it [00:11, 17.44it/s][A

Acc: 0.879, LD: 1.475: : 200it [00:11, 16.68it/s][A

Acc: 0.880, LD: 1.472: : 200it [00:11, 16.68it/s][A

                                                 [A
Processed 200 valid samples.

==================================================
Node Ep 230 Evaluation Summary:
  - Accuracy:              0.8800
  - Logit Difference:      1.4719
  - KL Divergence:         0.1769
  - Exact Match:           0.8850
==================================================

Node pruning:  46%|####6     | 230/500 [59:48<1:21:19, 18.07s/it, KL=0.191, L=9.809, LR=1.69e-02, Sp=13.802, T=0.302]
Node pruning:  46%|####6     | 230/500 [1:00:02<1:21:19, 18.07s/it, KL=0.338, L=9.935, LR=1.68e-02, Sp=13.800, T=0.581]
Node pruning:  46%|####6     | 231/500 [1:00:02<1:15:55, 16.94s/it, KL=0.338, L=9.935, LR=1.68e-02, Sp=13.800, T=0.581]
Node pruning:  46%|####6     | 231/500 [1:00:16<1:15:55, 16.94s/it, KL=0.170, L=9.782, LR=1.67e-02, Sp=13.799, T=0.239]
Node pruning:  46%|####6     | 232/500 [1:00:16<1:12:19, 16.19s/it, KL=0.170, L=9.782, LR=1.67e-02, Sp=13.799, T=0.239]
Node pruning:  46%|####6     | 232/500 [1:00:31<1:12:19, 16.19s/it, KL=0.201, L=9.810, LR=1.66e-02, Sp=13.797, T=0.305]
Node pruning:  47%|####6     | 233/500 [1:00:31<1:09:48, 15.69s/it, KL=0.201, L=9.810, LR=1.66e-02, Sp=13.797, T=0.305]
Node pruning:  47%|####6     | 233/500 [1:00:45<1:09:48, 15.69s/it, KL=0.166, L=9.775, LR=1.66e-02, Sp=13.795, T=0.229]
Node pruning:  47%|####6     | 234/500 [1:00:45<1:07:47, 15.29s/it, KL=0.166, L=9.775, LR=1.66e-02, Sp=13.795, T=0.229]
Node pruning:  47%|####6     | 234/500 [1:01:00<1:07:47, 15.29s/it, KL=0.190, L=9.799, LR=1.65e-02, Sp=13.793, T=0.288]
Node pruning:  47%|####6     | 235/500 [1:01:00<1:06:25, 15.04s/it, KL=0.190, L=9.799, LR=1.65e-02, Sp=13.793, T=0.288]
Node pruning:  47%|####6     | 235/500 [1:01:14<1:06:25, 15.04s/it, KL=0.228, L=9.832, LR=1.64e-02, Sp=13.791, T=0.365]
Node pruning:  47%|####7     | 236/500 [1:01:14<1:05:21, 14.85s/it, KL=0.228, L=9.832, LR=1.64e-02, Sp=13.791, T=0.365]
Node pruning:  47%|####7     | 236/500 [1:01:28<1:05:21, 14.85s/it, KL=0.180, L=9.786, LR=1.63e-02, Sp=13.789, T=0.265]
Node pruning:  47%|####7     | 237/500 [1:01:28<1:04:28, 14.71s/it, KL=0.180, L=9.786, LR=1.63e-02, Sp=13.789, T=0.265]
Node pruning:  47%|####7     | 237/500 [1:01:43<1:04:28, 14.71s/it, KL=0.164, L=9.769, LR=1.62e-02, Sp=13.788, T=0.228]
Node pruning:  48%|####7     | 238/500 [1:01:43<1:03:52, 14.63s/it, KL=0.164, L=9.769, LR=1.62e-02, Sp=13.788, T=0.228]
Node pruning:  48%|####7     | 238/500 [1:01:57<1:03:52, 14.63s/it, KL=0.241, L=9.845, LR=1.61e-02, Sp=13.786, T=0.408]
Node pruning:  48%|####7     | 239/500 [1:01:57<1:03:25, 14.58s/it, KL=0.241, L=9.845, LR=1.61e-02, Sp=13.786, T=0.408]
Node pruning:  48%|####7     | 239/500 [1:02:12<1:03:25, 14.58s/it, KL=0.210, L=9.813, LR=1.60e-02, Sp=13.785, T=0.337]
==================================================
  EVALUATING: Node Ep 240
==================================================


Evaluating Node Ep 240:   0%|          | 0/20 [00:00<?, ?it/s][A

Evaluating Node Ep 240:  50%|#####     | 10/20 [00:00<00:00, 17.53it/s][A

Acc: 0.900, LD: 2.275:  50%|#####     | 10/20 [00:00<00:00, 17.53it/s] [A

Acc: 0.900, LD: 2.275: 100%|##########| 20/20 [00:01<00:00, 17.48it/s][A

Acc: 0.950, LD: 2.044: 100%|##########| 20/20 [00:01<00:00, 17.48it/s][A

Acc: 0.950, LD: 2.044: : 30it [00:01, 17.33it/s]                      [A

Acc: 0.967, LD: 1.933: : 30it [00:01, 17.33it/s][A

Acc: 0.967, LD: 1.933: : 40it [00:02, 17.34it/s][A

Acc: 0.950, LD: 1.834: : 40it [00:02, 17.34it/s][A

Acc: 0.950, LD: 1.834: : 50it [00:02, 17.38it/s][A

Acc: 0.940, LD: 1.782: : 50it [00:02, 17.38it/s][A

Acc: 0.940, LD: 1.782: : 60it [00:03, 17.39it/s][A

Acc: 0.950, LD: 1.700: : 60it [00:03, 17.39it/s][A

Acc: 0.950, LD: 1.700: : 70it [00:04, 17.39it/s][A

Acc: 0.943, LD: 1.654: : 70it [00:04, 17.39it/s][A

Acc: 0.943, LD: 1.654: : 80it [00:04, 17.39it/s][A

Acc: 0.925, LD: 1.555: : 80it [00:04, 17.39it/s][A

Acc: 0.925, LD: 1.555: : 90it [00:05, 16.47it/s][A

Acc: 0.911, LD: 1.526: : 90it [00:05, 16.47it/s][A

Acc: 0.911, LD: 1.526: : 100it [00:05, 16.76it/s][A

Acc: 0.920, LD: 1.599: : 100it [00:05, 16.76it/s][A

Acc: 0.920, LD: 1.599: : 110it [00:06, 16.95it/s][A

Acc: 0.918, LD: 1.610: : 110it [00:06, 16.95it/s][A

Acc: 0.918, LD: 1.610: : 120it [00:07, 17.04it/s][A

Acc: 0.908, LD: 1.590: : 120it [00:07, 17.04it/s][A

Acc: 0.908, LD: 1.590: : 130it [00:07, 17.02it/s][A

Acc: 0.900, LD: 1.596: : 130it [00:07, 17.02it/s][A

Acc: 0.900, LD: 1.596: : 140it [00:08, 17.04it/s][A

Acc: 0.900, LD: 1.553: : 140it [00:08, 17.04it/s][A

Acc: 0.900, LD: 1.553: : 150it [00:08, 17.15it/s][A

Acc: 0.893, LD: 1.516: : 150it [00:08, 17.15it/s][A

Acc: 0.893, LD: 1.516: : 160it [00:09, 17.22it/s][A

Acc: 0.894, LD: 1.518: : 160it [00:09, 17.22it/s][A

Acc: 0.894, LD: 1.518: : 170it [00:09, 17.27it/s][A

Acc: 0.888, LD: 1.470: : 170it [00:09, 17.27it/s][A

Acc: 0.888, LD: 1.470: : 180it [00:10, 16.34it/s][A

Acc: 0.883, LD: 1.489: : 180it [00:10, 16.34it/s][A

Acc: 0.883, LD: 1.489: : 190it [00:11, 16.59it/s][A

Acc: 0.879, LD: 1.474: : 190it [00:11, 16.59it/s][A

Acc: 0.879, LD: 1.474: : 200it [00:11, 16.74it/s][A

Acc: 0.880, LD: 1.470: : 200it [00:11, 16.74it/s][A

                                                 [A
Processed 200 valid samples.

==================================================
Node Ep 240 Evaluation Summary:
  - Accuracy:              0.8800
  - Logit Difference:      1.4700
  - KL Divergence:         0.1763
  - Exact Match:           0.8850
==================================================

Node pruning:  48%|####8     | 240/500 [1:02:24<1:18:20, 18.08s/it, KL=0.210, L=9.813, LR=1.60e-02, Sp=13.785, T=0.337]
Node pruning:  48%|####8     | 240/500 [1:02:38<1:18:20, 18.08s/it, KL=0.189, L=9.784, LR=1.59e-02, Sp=13.784, T=0.261]
Node pruning:  48%|####8     | 241/500 [1:02:38<1:13:17, 16.98s/it, KL=0.189, L=9.784, LR=1.59e-02, Sp=13.784, T=0.261]
Node pruning:  48%|####8     | 241/500 [1:02:52<1:13:17, 16.98s/it, KL=0.190, L=9.794, LR=1.58e-02, Sp=13.782, T=0.300]
Node pruning:  48%|####8     | 242/500 [1:02:52<1:09:44, 16.22s/it, KL=0.190, L=9.794, LR=1.58e-02, Sp=13.782, T=0.300]
Node pruning:  48%|####8     | 242/500 [1:03:07<1:09:44, 16.22s/it, KL=0.175, L=9.773, LR=1.57e-02, Sp=13.781, T=0.248]
Node pruning:  49%|####8     | 243/500 [1:03:07<1:07:17, 15.71s/it, KL=0.175, L=9.773, LR=1.57e-02, Sp=13.781, T=0.248]
Node pruning:  49%|####8     | 243/500 [1:03:21<1:07:17, 15.71s/it, KL=0.212, L=9.815, LR=1.56e-02, Sp=13.779, T=0.353]
Node pruning:  49%|####8     | 244/500 [1:03:21<1:05:28, 15.35s/it, KL=0.212, L=9.815, LR=1.56e-02, Sp=13.779, T=0.353]
Node pruning:  49%|####8     | 244/500 [1:03:36<1:05:28, 15.35s/it, KL=0.241, L=9.832, LR=1.55e-02, Sp=13.778, T=0.385]
Node pruning:  49%|####9     | 245/500 [1:03:36<1:04:00, 15.06s/it, KL=0.241, L=9.832, LR=1.55e-02, Sp=13.778, T=0.385]
Node pruning:  49%|####9     | 245/500 [1:03:50<1:04:00, 15.06s/it, KL=0.151, L=9.747, LR=1.54e-02, Sp=13.777, T=0.192]
Node pruning:  49%|####9     | 246/500 [1:03:50<1:03:02, 14.89s/it, KL=0.151, L=9.747, LR=1.54e-02, Sp=13.777, T=0.192]
Node pruning:  49%|####9     | 246/500 [1:04:05<1:03:02, 14.89s/it, KL=0.200, L=9.796, LR=1.53e-02, Sp=13.775, T=0.312]
Node pruning:  49%|####9     | 247/500 [1:04:05<1:02:17, 14.77s/it, KL=0.200, L=9.796, LR=1.53e-02, Sp=13.775, T=0.312]
Node pruning:  49%|####9     | 247/500 [1:04:19<1:02:17, 14.77s/it, KL=0.151, L=9.744, LR=1.52e-02, Sp=13.773, T=0.193]
Node pruning:  50%|####9     | 248/500 [1:04:19<1:01:37, 14.67s/it, KL=0.151, L=9.744, LR=1.52e-02, Sp=13.773, T=0.193]
Node pruning:  50%|####9     | 248/500 [1:04:34<1:01:37, 14.67s/it, KL=0.149, L=9.741, LR=1.51e-02, Sp=13.771, T=0.187]
Node pruning:  50%|####9     | 249/500 [1:04:34<1:01:12, 14.63s/it, KL=0.149, L=9.741, LR=1.51e-02, Sp=13.771, T=0.187]
Node pruning:  50%|####9     | 249/500 [1:04:48<1:01:12, 14.63s/it, KL=0.279, L=9.875, LR=1.50e-02, Sp=13.770, T=0.508]
==================================================
  EVALUATING: Node Ep 250
==================================================


Evaluating Node Ep 250:   0%|          | 0/20 [00:00<?, ?it/s][A

Evaluating Node Ep 250:  50%|#####     | 10/20 [00:00<00:00, 17.36it/s][A

Acc: 0.900, LD: 2.263:  50%|#####     | 10/20 [00:00<00:00, 17.36it/s] [A

Acc: 0.900, LD: 2.263: 100%|##########| 20/20 [00:01<00:00, 17.39it/s][A

Acc: 0.950, LD: 2.031: 100%|##########| 20/20 [00:01<00:00, 17.39it/s][A

Acc: 0.950, LD: 2.031: : 30it [00:01, 17.39it/s]                      [A

Acc: 0.967, LD: 1.925: : 30it [00:01, 17.39it/s][A

Acc: 0.967, LD: 1.925: : 40it [00:02, 17.41it/s][A

Acc: 0.950, LD: 1.822: : 40it [00:02, 17.41it/s][A

Acc: 0.950, LD: 1.822: : 50it [00:02, 17.45it/s][A

Acc: 0.940, LD: 1.768: : 50it [00:02, 17.45it/s][A

Acc: 0.940, LD: 1.768: : 60it [00:03, 17.45it/s][A

Acc: 0.950, LD: 1.683: : 60it [00:03, 17.45it/s][A

Acc: 0.950, LD: 1.683: : 70it [00:04, 16.48it/s][A

Acc: 0.943, LD: 1.639: : 70it [00:04, 16.48it/s][A

Acc: 0.943, LD: 1.639: : 80it [00:04, 16.80it/s][A

Acc: 0.925, LD: 1.544: : 80it [00:04, 16.80it/s][A

Acc: 0.925, LD: 1.544: : 90it [00:05, 16.99it/s][A

Acc: 0.911, LD: 1.517: : 90it [00:05, 16.99it/s][A

Acc: 0.911, LD: 1.517: : 100it [00:05, 17.10it/s][A

Acc: 0.920, LD: 1.589: : 100it [00:05, 17.10it/s][A

Acc: 0.920, LD: 1.589: : 110it [00:06, 17.21it/s][A

Acc: 0.909, LD: 1.599: : 110it [00:06, 17.21it/s][A

Acc: 0.909, LD: 1.599: : 120it [00:06, 17.28it/s][A

Acc: 0.900, LD: 1.579: : 120it [00:06, 17.28it/s][A

Acc: 0.900, LD: 1.579: : 130it [00:07, 17.33it/s][A

Acc: 0.892, LD: 1.586: : 130it [00:07, 17.33it/s][A

Acc: 0.892, LD: 1.586: : 140it [00:08, 17.36it/s][A

Acc: 0.893, LD: 1.543: : 140it [00:08, 17.36it/s][A

Acc: 0.893, LD: 1.543: : 150it [00:08, 17.38it/s][A

Acc: 0.887, LD: 1.504: : 150it [00:08, 17.38it/s][A

Acc: 0.887, LD: 1.504: : 160it [00:09, 16.48it/s][A

Acc: 0.887, LD: 1.507: : 160it [00:09, 16.48it/s][A

Acc: 0.887, LD: 1.507: : 170it [00:09, 16.77it/s][A

Acc: 0.882, LD: 1.459: : 170it [00:09, 16.77it/s][A

Acc: 0.882, LD: 1.459: : 180it [00:10, 16.96it/s][A

Acc: 0.878, LD: 1.478: : 180it [00:10, 16.96it/s][A

Acc: 0.878, LD: 1.478: : 190it [00:11, 17.05it/s][A

Acc: 0.868, LD: 1.462: : 190it [00:11, 17.05it/s][A

Acc: 0.868, LD: 1.462: : 200it [00:11, 17.09it/s][A

Acc: 0.870, LD: 1.461: : 200it [00:11, 17.09it/s][A

                                                 [A
Processed 200 valid samples.

==================================================
Node Ep 250 Evaluation Summary:
  - Accuracy:              0.8700
  - Logit Difference:      1.4606
  - KL Divergence:         0.1772
  - Exact Match:           0.8750
==================================================

Node pruning:  50%|#####     | 250/500 [1:05:00<1:15:29, 18.12s/it, KL=0.279, L=9.875, LR=1.50e-02, Sp=13.770, T=0.508]
Node pruning:  50%|#####     | 250/500 [1:05:15<1:15:29, 18.12s/it, KL=0.249, L=9.838, LR=1.50e-02, Sp=13.770, T=0.415]
Node pruning:  50%|#####     | 251/500 [1:05:15<1:10:38, 17.02s/it, KL=0.249, L=9.838, LR=1.50e-02, Sp=13.770, T=0.415]
Node pruning:  50%|#####     | 251/500 [1:05:29<1:10:38, 17.02s/it, KL=0.190, L=9.781, LR=1.49e-02, Sp=13.769, T=0.285]
Node pruning:  50%|#####     | 252/500 [1:05:29<1:07:08, 16.24s/it, KL=0.190, L=9.781, LR=1.49e-02, Sp=13.769, T=0.285]
Node pruning:  50%|#####     | 252/500 [1:05:43<1:07:08, 16.24s/it, KL=0.299, L=9.888, LR=1.48e-02, Sp=13.768, T=0.537]
Node pruning:  51%|#####     | 253/500 [1:05:43<1:04:41, 15.72s/it, KL=0.299, L=9.888, LR=1.48e-02, Sp=13.768, T=0.537]
Node pruning:  51%|#####     | 253/500 [1:05:58<1:04:41, 15.72s/it, KL=0.214, L=9.802, LR=1.47e-02, Sp=13.766, T=0.337]
Node pruning:  51%|#####     | 254/500 [1:05:58<1:02:48, 15.32s/it, KL=0.214, L=9.802, LR=1.47e-02, Sp=13.766, T=0.337]
Node pruning:  51%|#####     | 254/500 [1:06:12<1:02:48, 15.32s/it, KL=0.186, L=9.775, LR=1.46e-02, Sp=13.765, T=0.280]
Node pruning:  51%|#####1    | 255/500 [1:06:12<1:01:19, 15.02s/it, KL=0.186, L=9.775, LR=1.46e-02, Sp=13.765, T=0.280]
Node pruning:  51%|#####1    | 255/500 [1:06:27<1:01:19, 15.02s/it, KL=0.225, L=9.813, LR=1.45e-02, Sp=13.764, T=0.369]
Node pruning:  51%|#####1    | 256/500 [1:06:27<1:00:19, 14.83s/it, KL=0.225, L=9.813, LR=1.45e-02, Sp=13.764, T=0.369]
Node pruning:  51%|#####1    | 256/500 [1:06:41<1:00:19, 14.83s/it, KL=0.171, L=9.763, LR=1.44e-02, Sp=13.764, T=0.257]
Node pruning:  51%|#####1    | 257/500 [1:06:41<59:31, 14.70s/it, KL=0.171, L=9.763, LR=1.44e-02, Sp=13.764, T=0.257]  
Node pruning:  51%|#####1    | 257/500 [1:06:55<59:31, 14.70s/it, KL=0.169, L=9.756, LR=1.43e-02, Sp=13.762, T=0.237]
Node pruning:  52%|#####1    | 258/500 [1:06:55<58:59, 14.63s/it, KL=0.169, L=9.756, LR=1.43e-02, Sp=13.762, T=0.237]
Node pruning:  52%|#####1    | 258/500 [1:07:10<58:59, 14.63s/it, KL=0.197, L=9.779, LR=1.42e-02, Sp=13.761, T=0.290]
Node pruning:  52%|#####1    | 259/500 [1:07:10<58:21, 14.53s/it, KL=0.197, L=9.779, LR=1.42e-02, Sp=13.761, T=0.290]
Node pruning:  52%|#####1    | 259/500 [1:07:24<58:21, 14.53s/it, KL=0.154, L=9.739, LR=1.41e-02, Sp=13.760, T=0.203]
==================================================
  EVALUATING: Node Ep 260
==================================================


Evaluating Node Ep 260:   0%|          | 0/20 [00:00<?, ?it/s][A

Evaluating Node Ep 260:  50%|#####     | 10/20 [00:00<00:00, 17.75it/s][A

Acc: 0.900, LD: 2.237:  50%|#####     | 10/20 [00:00<00:00, 17.75it/s] [A

Acc: 0.900, LD: 2.237: 100%|##########| 20/20 [00:01<00:00, 17.73it/s][A

Acc: 0.950, LD: 2.013: 100%|##########| 20/20 [00:01<00:00, 17.73it/s][A

Acc: 0.950, LD: 2.013: : 30it [00:01, 17.61it/s]                      [A

Acc: 0.967, LD: 1.904: : 30it [00:01, 17.61it/s][A

Acc: 0.967, LD: 1.904: : 40it [00:02, 17.63it/s][A

Acc: 0.950, LD: 1.806: : 40it [00:02, 17.63it/s][A

Acc: 0.950, LD: 1.806: : 50it [00:02, 17.62it/s][A

Acc: 0.940, LD: 1.755: : 50it [00:02, 17.62it/s][A

Acc: 0.940, LD: 1.755: : 60it [00:03, 16.72it/s][A

Acc: 0.950, LD: 1.673: : 60it [00:03, 16.72it/s][A

Acc: 0.950, LD: 1.673: : 70it [00:04, 17.02it/s][A

Acc: 0.943, LD: 1.629: : 70it [00:04, 17.02it/s][A

Acc: 0.943, LD: 1.629: : 80it [00:04, 17.24it/s][A

Acc: 0.925, LD: 1.533: : 80it [00:04, 17.24it/s][A

Acc: 0.925, LD: 1.533: : 90it [00:05, 17.37it/s][A

Acc: 0.911, LD: 1.506: : 90it [00:05, 17.37it/s][A

Acc: 0.911, LD: 1.506: : 100it [00:05, 17.47it/s][A

Acc: 0.920, LD: 1.577: : 100it [00:05, 17.47it/s][A

Acc: 0.920, LD: 1.577: : 110it [00:06, 17.53it/s][A

Acc: 0.918, LD: 1.589: : 110it [00:06, 17.53it/s][A

Acc: 0.918, LD: 1.589: : 120it [00:06, 17.58it/s][A

Acc: 0.908, LD: 1.570: : 120it [00:06, 17.58it/s][A

Acc: 0.908, LD: 1.570: : 130it [00:07, 17.60it/s][A

Acc: 0.900, LD: 1.578: : 130it [00:07, 17.60it/s][A

Acc: 0.900, LD: 1.578: : 140it [00:08, 17.61it/s][A

Acc: 0.900, LD: 1.536: : 140it [00:08, 17.61it/s][A

Acc: 0.900, LD: 1.536: : 150it [00:08, 16.67it/s][A

Acc: 0.893, LD: 1.498: : 150it [00:08, 16.67it/s][A

Acc: 0.893, LD: 1.498: : 160it [00:09, 16.96it/s][A

Acc: 0.894, LD: 1.499: : 160it [00:09, 16.96it/s][A

Acc: 0.894, LD: 1.499: : 170it [00:09, 17.17it/s][A

Acc: 0.888, LD: 1.451: : 170it [00:09, 17.17it/s][A

Acc: 0.888, LD: 1.451: : 180it [00:10, 17.30it/s][A

Acc: 0.883, LD: 1.471: : 180it [00:10, 17.30it/s][A

Acc: 0.883, LD: 1.471: : 190it [00:10, 17.40it/s][A

Acc: 0.874, LD: 1.455: : 190it [00:10, 17.40it/s][A

Acc: 0.874, LD: 1.455: : 200it [00:11, 17.49it/s][A

Acc: 0.875, LD: 1.452: : 200it [00:11, 17.49it/s][A

                                                 [A
Processed 200 valid samples.

==================================================
Node Ep 260 Evaluation Summary:
  - Accuracy:              0.8750
  - Logit Difference:      1.4525
  - KL Divergence:         0.1764
  - Exact Match:           0.8800
==================================================

Node pruning:  52%|#####2    | 260/500 [1:07:36<1:11:49, 17.95s/it, KL=0.154, L=9.739, LR=1.41e-02, Sp=13.760, T=0.203]
Node pruning:  52%|#####2    | 260/500 [1:07:50<1:11:49, 17.95s/it, KL=0.191, L=9.776, LR=1.40e-02, Sp=13.758, T=0.294]
Node pruning:  52%|#####2    | 261/500 [1:07:50<1:07:13, 16.88s/it, KL=0.191, L=9.776, LR=1.40e-02, Sp=13.758, T=0.294]
Node pruning:  52%|#####2    | 261/500 [1:08:04<1:07:13, 16.88s/it, KL=0.151, L=9.733, LR=1.39e-02, Sp=13.757, T=0.194]
Node pruning:  52%|#####2    | 262/500 [1:08:04<1:03:51, 16.10s/it, KL=0.151, L=9.733, LR=1.39e-02, Sp=13.757, T=0.194]
Node pruning:  52%|#####2    | 262/500 [1:08:19<1:03:51, 16.10s/it, KL=0.183, L=9.765, LR=1.38e-02, Sp=13.756, T=0.271]
Node pruning:  53%|#####2    | 263/500 [1:08:19<1:01:30, 15.57s/it, KL=0.183, L=9.765, LR=1.38e-02, Sp=13.756, T=0.271]
Node pruning:  53%|#####2    | 263/500 [1:08:33<1:01:30, 15.57s/it, KL=0.154, L=9.735, LR=1.37e-02, Sp=13.754, T=0.204]
Node pruning:  53%|#####2    | 264/500 [1:08:33<59:51, 15.22s/it, KL=0.154, L=9.735, LR=1.37e-02, Sp=13.754, T=0.204]  
Node pruning:  53%|#####2    | 264/500 [1:08:47<59:51, 15.22s/it, KL=0.207, L=9.792, LR=1.36e-02, Sp=13.753, T=0.346]
Node pruning:  53%|#####3    | 265/500 [1:08:47<58:38, 14.97s/it, KL=0.207, L=9.792, LR=1.36e-02, Sp=13.753, T=0.346]
Node pruning:  53%|#####3    | 265/500 [1:09:02<58:38, 14.97s/it, KL=0.230, L=9.801, LR=1.35e-02, Sp=13.751, T=0.355]
Node pruning:  53%|#####3    | 266/500 [1:09:02<57:36, 14.77s/it, KL=0.230, L=9.801, LR=1.35e-02, Sp=13.751, T=0.355]
Node pruning:  53%|#####3    | 266/500 [1:09:16<57:36, 14.77s/it, KL=0.187, L=9.767, LR=1.35e-02, Sp=13.750, T=0.286]
Node pruning:  53%|#####3    | 267/500 [1:09:16<56:54, 14.65s/it, KL=0.187, L=9.767, LR=1.35e-02, Sp=13.750, T=0.286]
Node pruning:  53%|#####3    | 267/500 [1:09:31<56:54, 14.65s/it, KL=0.224, L=9.808, LR=1.34e-02, Sp=13.749, T=0.386]
Node pruning:  54%|#####3    | 268/500 [1:09:31<56:24, 14.59s/it, KL=0.224, L=9.808, LR=1.34e-02, Sp=13.749, T=0.386]
Node pruning:  54%|#####3    | 268/500 [1:09:45<56:24, 14.59s/it, KL=0.181, L=9.757, LR=1.33e-02, Sp=13.748, T=0.262]
Node pruning:  54%|#####3    | 269/500 [1:09:45<55:50, 14.51s/it, KL=0.181, L=9.757, LR=1.33e-02, Sp=13.748, T=0.262]
Node pruning:  54%|#####3    | 269/500 [1:09:59<55:50, 14.51s/it, KL=0.149, L=9.724, LR=1.32e-02, Sp=13.747, T=0.187]
==================================================
  EVALUATING: Node Ep 270
==================================================


Evaluating Node Ep 270:   0%|          | 0/20 [00:00<?, ?it/s][A

Evaluating Node Ep 270:  50%|#####     | 10/20 [00:00<00:00, 17.61it/s][A

Acc: 0.900, LD: 2.250:  50%|#####     | 10/20 [00:00<00:00, 17.61it/s] [A

Acc: 0.900, LD: 2.250: 100%|##########| 20/20 [00:01<00:00, 17.44it/s][A

Acc: 0.950, LD: 2.013: 100%|##########| 20/20 [00:01<00:00, 17.44it/s][A

Acc: 0.950, LD: 2.013: : 30it [00:01, 17.47it/s]                      [A

Acc: 0.967, LD: 1.900: : 30it [00:01, 17.47it/s][A

Acc: 0.967, LD: 1.900: : 40it [00:02, 17.50it/s][A

Acc: 0.950, LD: 1.797: : 40it [00:02, 17.50it/s][A

Acc: 0.950, LD: 1.797: : 50it [00:02, 16.40it/s][A

Acc: 0.940, LD: 1.745: : 50it [00:02, 16.40it/s][A

Acc: 0.940, LD: 1.745: : 60it [00:03, 16.77it/s][A

Acc: 0.950, LD: 1.665: : 60it [00:03, 16.77it/s][A

Acc: 0.950, LD: 1.665: : 70it [00:04, 17.01it/s][A

Acc: 0.943, LD: 1.621: : 70it [00:04, 17.01it/s][A

Acc: 0.943, LD: 1.621: : 80it [00:04, 17.17it/s][A

Acc: 0.925, LD: 1.525: : 80it [00:04, 17.17it/s][A

Acc: 0.925, LD: 1.525: : 90it [00:05, 17.29it/s][A

Acc: 0.911, LD: 1.499: : 90it [00:05, 17.29it/s][A

Acc: 0.911, LD: 1.499: : 100it [00:05, 17.35it/s][A

Acc: 0.920, LD: 1.569: : 100it [00:05, 17.35it/s][A

Acc: 0.920, LD: 1.569: : 110it [00:06, 17.34it/s][A

Acc: 0.909, LD: 1.581: : 110it [00:06, 17.34it/s][A

Acc: 0.909, LD: 1.581: : 120it [00:06, 17.34it/s][A

Acc: 0.900, LD: 1.562: : 120it [00:06, 17.34it/s][A

Acc: 0.900, LD: 1.562: : 130it [00:07, 17.40it/s][A

Acc: 0.892, LD: 1.570: : 130it [00:07, 17.40it/s][A

Acc: 0.892, LD: 1.570: : 140it [00:08, 16.57it/s][A

Acc: 0.893, LD: 1.528: : 140it [00:08, 16.57it/s][A

Acc: 0.893, LD: 1.528: : 150it [00:08, 16.86it/s][A

Acc: 0.887, LD: 1.489: : 150it [00:08, 16.86it/s][A

Acc: 0.887, LD: 1.489: : 160it [00:09, 17.05it/s][A

Acc: 0.887, LD: 1.491: : 160it [00:09, 17.05it/s][A

Acc: 0.887, LD: 1.491: : 170it [00:09, 17.18it/s][A

Acc: 0.882, LD: 1.443: : 170it [00:09, 17.18it/s][A

Acc: 0.882, LD: 1.443: : 180it [00:10, 17.27it/s][A

Acc: 0.878, LD: 1.463: : 180it [00:10, 17.27it/s][A

Acc: 0.878, LD: 1.463: : 190it [00:11, 17.26it/s][A

Acc: 0.874, LD: 1.449: : 190it [00:11, 17.26it/s][A

Acc: 0.874, LD: 1.449: : 200it [00:11, 17.26it/s][A

Acc: 0.875, LD: 1.446: : 200it [00:11, 17.26it/s][A

                                                 [A
Processed 200 valid samples.

==================================================
Node Ep 270 Evaluation Summary:
  - Accuracy:              0.8750
  - Logit Difference:      1.4456
  - KL Divergence:         0.1761
  - Exact Match:           0.8800
==================================================

Node pruning:  54%|#####4    | 270/500 [1:10:11<1:09:02, 18.01s/it, KL=0.149, L=9.724, LR=1.32e-02, Sp=13.747, T=0.187]
Node pruning:  54%|#####4    | 270/500 [1:10:25<1:09:02, 18.01s/it, KL=0.168, L=9.744, LR=1.31e-02, Sp=13.746, T=0.238]
Node pruning:  54%|#####4    | 271/500 [1:10:25<1:04:38, 16.94s/it, KL=0.168, L=9.744, LR=1.31e-02, Sp=13.746, T=0.238]
Node pruning:  54%|#####4    | 271/500 [1:10:40<1:04:38, 16.94s/it, KL=0.181, L=9.759, LR=1.30e-02, Sp=13.745, T=0.278]
Node pruning:  54%|#####4    | 272/500 [1:10:40<1:01:31, 16.19s/it, KL=0.181, L=9.759, LR=1.30e-02, Sp=13.745, T=0.278]
Node pruning:  54%|#####4    | 272/500 [1:10:54<1:01:31, 16.19s/it, KL=0.186, L=9.756, LR=1.29e-02, Sp=13.744, T=0.267]
Node pruning:  55%|#####4    | 273/500 [1:10:54<59:11, 15.64s/it, KL=0.186, L=9.756, LR=1.29e-02, Sp=13.744, T=0.267]  
Node pruning:  55%|#####4    | 273/500 [1:11:09<59:11, 15.64s/it, KL=0.202, L=9.773, LR=1.28e-02, Sp=13.743, T=0.308]
Node pruning:  55%|#####4    | 274/500 [1:11:09<57:34, 15.29s/it, KL=0.202, L=9.773, LR=1.28e-02, Sp=13.743, T=0.308]
Node pruning:  55%|#####4    | 274/500 [1:11:23<57:34, 15.29s/it, KL=0.150, L=9.720, LR=1.27e-02, Sp=13.741, T=0.189]
Node pruning:  55%|#####5    | 275/500 [1:11:23<56:21, 15.03s/it, KL=0.150, L=9.720, LR=1.27e-02, Sp=13.741, T=0.189]
Node pruning:  55%|#####5    | 275/500 [1:11:38<56:21, 15.03s/it, KL=0.202, L=9.769, LR=1.26e-02, Sp=13.740, T=0.303]
Node pruning:  55%|#####5    | 276/500 [1:11:38<55:20, 14.83s/it, KL=0.202, L=9.769, LR=1.26e-02, Sp=13.740, T=0.303]
Node pruning:  55%|#####5    | 276/500 [1:11:52<55:20, 14.83s/it, KL=0.149, L=9.718, LR=1.25e-02, Sp=13.738, T=0.189]
Node pruning:  55%|#####5    | 277/500 [1:11:52<54:40, 14.71s/it, KL=0.149, L=9.718, LR=1.25e-02, Sp=13.738, T=0.189]
Node pruning:  55%|#####5    | 277/500 [1:12:06<54:40, 14.71s/it, KL=0.150, L=9.719, LR=1.24e-02, Sp=13.737, T=0.193]
Node pruning:  56%|#####5    | 278/500 [1:12:06<54:09, 14.64s/it, KL=0.150, L=9.719, LR=1.24e-02, Sp=13.737, T=0.193]
Node pruning:  56%|#####5    | 278/500 [1:12:21<54:09, 14.64s/it, KL=0.227, L=9.795, LR=1.23e-02, Sp=13.735, T=0.375]
Node pruning:  56%|#####5    | 279/500 [1:12:21<53:34, 14.54s/it, KL=0.227, L=9.795, LR=1.23e-02, Sp=13.735, T=0.375]
Node pruning:  56%|#####5    | 279/500 [1:12:35<53:34, 14.54s/it, KL=0.215, L=9.773, LR=1.22e-02, Sp=13.734, T=0.315]
==================================================
  EVALUATING: Node Ep 280
==================================================


Evaluating Node Ep 280:   0%|          | 0/20 [00:00<?, ?it/s][A

Evaluating Node Ep 280:  50%|#####     | 10/20 [00:00<00:00, 17.47it/s][A

Acc: 0.900, LD: 2.250:  50%|#####     | 10/20 [00:00<00:00, 17.47it/s] [A

Acc: 0.900, LD: 2.250: 100%|##########| 20/20 [00:01<00:00, 17.42it/s][A

Acc: 0.950, LD: 2.006: 100%|##########| 20/20 [00:01<00:00, 17.42it/s][A

Acc: 0.950, LD: 2.006: : 30it [00:01, 17.44it/s]                      [A

Acc: 0.967, LD: 1.900: : 30it [00:01, 17.44it/s][A

Acc: 0.967, LD: 1.900: : 40it [00:02, 16.22it/s][A

Acc: 0.950, LD: 1.797: : 40it [00:02, 16.22it/s][A

Acc: 0.950, LD: 1.797: : 50it [00:02, 16.55it/s][A

Acc: 0.940, LD: 1.742: : 50it [00:02, 16.55it/s][A

Acc: 0.940, LD: 1.742: : 60it [00:03, 16.84it/s][A

Acc: 0.950, LD: 1.663: : 60it [00:03, 16.84it/s][A

Acc: 0.950, LD: 1.663: : 70it [00:04, 17.06it/s][A

Acc: 0.943, LD: 1.620: : 70it [00:04, 17.06it/s][A

Acc: 0.943, LD: 1.620: : 80it [00:04, 17.20it/s][A

Acc: 0.925, LD: 1.525: : 80it [00:04, 17.20it/s][A

Acc: 0.925, LD: 1.525: : 90it [00:05, 17.30it/s][A

Acc: 0.911, LD: 1.499: : 90it [00:05, 17.30it/s][A

Acc: 0.911, LD: 1.499: : 100it [00:05, 17.37it/s][A

Acc: 0.920, LD: 1.569: : 100it [00:05, 17.37it/s][A

Acc: 0.920, LD: 1.569: : 110it [00:06, 17.42it/s][A

Acc: 0.909, LD: 1.580: : 110it [00:06, 17.42it/s][A

Acc: 0.909, LD: 1.580: : 120it [00:06, 17.44it/s][A

Acc: 0.900, LD: 1.560: : 120it [00:06, 17.44it/s][A

Acc: 0.900, LD: 1.560: : 130it [00:07, 16.49it/s][A

Acc: 0.892, LD: 1.569: : 130it [00:07, 16.49it/s][A

Acc: 0.892, LD: 1.569: : 140it [00:08, 16.79it/s][A

Acc: 0.893, LD: 1.527: : 140it [00:08, 16.79it/s][A

Acc: 0.893, LD: 1.527: : 150it [00:08, 17.01it/s][A

Acc: 0.887, LD: 1.489: : 150it [00:08, 17.01it/s][A

Acc: 0.887, LD: 1.489: : 160it [00:09, 17.14it/s][A

Acc: 0.887, LD: 1.491: : 160it [00:09, 17.14it/s][A

Acc: 0.887, LD: 1.491: : 170it [00:09, 17.26it/s][A

Acc: 0.882, LD: 1.443: : 170it [00:09, 17.26it/s][A

Acc: 0.882, LD: 1.443: : 180it [00:10, 17.32it/s][A

Acc: 0.878, LD: 1.463: : 180it [00:10, 17.32it/s][A

Acc: 0.878, LD: 1.463: : 190it [00:11, 17.34it/s][A

Acc: 0.868, LD: 1.448: : 190it [00:11, 17.34it/s][A

Acc: 0.868, LD: 1.448: : 200it [00:11, 17.28it/s][A

Acc: 0.870, LD: 1.446: : 200it [00:11, 17.28it/s][A

                                                 [A
Processed 200 valid samples.

==================================================
Node Ep 280 Evaluation Summary:
  - Accuracy:              0.8700
  - Logit Difference:      1.4463
  - KL Divergence:         0.1759
  - Exact Match:           0.8750
==================================================

Node pruning:  56%|#####6    | 280/500 [1:12:47<1:06:00, 18.00s/it, KL=0.215, L=9.773, LR=1.22e-02, Sp=13.734, T=0.315]
Node pruning:  56%|#####6    | 280/500 [1:13:01<1:06:00, 18.00s/it, KL=0.152, L=9.718, LR=1.22e-02, Sp=13.733, T=0.198]
Node pruning:  56%|#####6    | 281/500 [1:13:01<1:01:47, 16.93s/it, KL=0.152, L=9.718, LR=1.22e-02, Sp=13.733, T=0.198]
Node pruning:  56%|#####6    | 281/500 [1:13:16<1:01:47, 16.93s/it, KL=0.175, L=9.741, LR=1.21e-02, Sp=13.732, T=0.253]
Node pruning:  56%|#####6    | 282/500 [1:13:16<58:53, 16.21s/it, KL=0.175, L=9.741, LR=1.21e-02, Sp=13.732, T=0.253]  
Node pruning:  56%|#####6    | 282/500 [1:13:30<58:53, 16.21s/it, KL=0.181, L=9.747, LR=1.20e-02, Sp=13.731, T=0.271]
Node pruning:  57%|#####6    | 283/500 [1:13:30<56:37, 15.66s/it, KL=0.181, L=9.747, LR=1.20e-02, Sp=13.731, T=0.271]
Node pruning:  57%|#####6    | 283/500 [1:13:45<56:37, 15.66s/it, KL=0.192, L=9.762, LR=1.19e-02, Sp=13.729, T=0.311]
Node pruning:  57%|#####6    | 284/500 [1:13:45<55:00, 15.28s/it, KL=0.192, L=9.762, LR=1.19e-02, Sp=13.729, T=0.311]
Node pruning:  57%|#####6    | 284/500 [1:13:59<55:00, 15.28s/it, KL=0.189, L=9.748, LR=1.18e-02, Sp=13.729, T=0.272]
Node pruning:  57%|#####6    | 285/500 [1:13:59<53:50, 15.02s/it, KL=0.189, L=9.748, LR=1.18e-02, Sp=13.729, T=0.272]
Node pruning:  57%|#####6    | 285/500 [1:14:13<53:50, 15.02s/it, KL=0.215, L=9.779, LR=1.17e-02, Sp=13.728, T=0.352]
Node pruning:  57%|#####7    | 286/500 [1:14:13<52:50, 14.82s/it, KL=0.215, L=9.779, LR=1.17e-02, Sp=13.728, T=0.352]
Node pruning:  57%|#####7    | 286/500 [1:14:28<52:50, 14.82s/it, KL=0.198, L=9.760, LR=1.16e-02, Sp=13.727, T=0.306]
Node pruning:  57%|#####7    | 287/500 [1:14:28<52:09, 14.69s/it, KL=0.198, L=9.760, LR=1.16e-02, Sp=13.727, T=0.306]
Node pruning:  57%|#####7    | 287/500 [1:14:42<52:09, 14.69s/it, KL=0.161, L=9.721, LR=1.15e-02, Sp=13.726, T=0.214]
Node pruning:  58%|#####7    | 288/500 [1:14:42<51:37, 14.61s/it, KL=0.161, L=9.721, LR=1.15e-02, Sp=13.726, T=0.214]
Node pruning:  58%|#####7    | 288/500 [1:14:56<51:37, 14.61s/it, KL=0.220, L=9.777, LR=1.14e-02, Sp=13.725, T=0.345]
Node pruning:  58%|#####7    | 289/500 [1:14:56<51:04, 14.52s/it, KL=0.220, L=9.777, LR=1.14e-02, Sp=13.725, T=0.345]
Node pruning:  58%|#####7    | 289/500 [1:15:11<51:04, 14.52s/it, KL=0.185, L=9.745, LR=1.13e-02, Sp=13.724, T=0.274]
==================================================
  EVALUATING: Node Ep 290
==================================================


Evaluating Node Ep 290:   0%|          | 0/20 [00:00<?, ?it/s][A

Evaluating Node Ep 290:  50%|#####     | 10/20 [00:00<00:00, 17.65it/s][A

Acc: 0.900, LD: 2.225:  50%|#####     | 10/20 [00:00<00:00, 17.65it/s] [A

Acc: 0.900, LD: 2.225: 100%|##########| 20/20 [00:01<00:00, 17.59it/s][A

Acc: 0.950, LD: 1.994: 100%|##########| 20/20 [00:01<00:00, 17.59it/s][A

Acc: 0.950, LD: 1.994: : 30it [00:01, 16.04it/s]                      [A

Acc: 0.967, LD: 1.887: : 30it [00:01, 16.04it/s][A

Acc: 0.967, LD: 1.887: : 40it [00:02, 16.63it/s][A

Acc: 0.950, LD: 1.791: : 40it [00:02, 16.63it/s][A

Acc: 0.950, LD: 1.791: : 50it [00:02, 16.95it/s][A

Acc: 0.940, LD: 1.735: : 50it [00:02, 16.95it/s][A

Acc: 0.940, LD: 1.735: : 60it [00:03, 17.14it/s][A

Acc: 0.950, LD: 1.656: : 60it [00:03, 17.14it/s][A

Acc: 0.950, LD: 1.656: : 70it [00:04, 17.24it/s][A

Acc: 0.943, LD: 1.616: : 70it [00:04, 17.24it/s][A

Acc: 0.943, LD: 1.616: : 80it [00:04, 17.23it/s][A

Acc: 0.925, LD: 1.522: : 80it [00:04, 17.23it/s][A

Acc: 0.925, LD: 1.522: : 90it [00:05, 17.33it/s][A

Acc: 0.911, LD: 1.496: : 90it [00:05, 17.33it/s][A

Acc: 0.911, LD: 1.496: : 100it [00:05, 17.38it/s][A

Acc: 0.920, LD: 1.566: : 100it [00:05, 17.38it/s][A

Acc: 0.920, LD: 1.566: : 110it [00:06, 17.43it/s][A

Acc: 0.909, LD: 1.577: : 110it [00:06, 17.43it/s][A

Acc: 0.909, LD: 1.577: : 120it [00:07, 16.53it/s][A

Acc: 0.900, LD: 1.558: : 120it [00:07, 16.53it/s][A

Acc: 0.900, LD: 1.558: : 130it [00:07, 16.83it/s][A

Acc: 0.892, LD: 1.566: : 130it [00:07, 16.83it/s][A

Acc: 0.892, LD: 1.566: : 140it [00:08, 16.99it/s][A

Acc: 0.893, LD: 1.522: : 140it [00:08, 16.99it/s][A

Acc: 0.893, LD: 1.522: : 150it [00:08, 17.04it/s][A

Acc: 0.887, LD: 1.484: : 150it [00:08, 17.04it/s][A

Acc: 0.887, LD: 1.484: : 160it [00:09, 17.18it/s][A

Acc: 0.887, LD: 1.488: : 160it [00:09, 17.18it/s][A

Acc: 0.887, LD: 1.488: : 170it [00:09, 17.28it/s][A

Acc: 0.882, LD: 1.440: : 170it [00:09, 17.28it/s][A

Acc: 0.882, LD: 1.440: : 180it [00:10, 17.36it/s][A

Acc: 0.878, LD: 1.460: : 180it [00:10, 17.36it/s][A

Acc: 0.878, LD: 1.460: : 190it [00:11, 17.41it/s][A

Acc: 0.874, LD: 1.445: : 190it [00:11, 17.41it/s][A

Acc: 0.874, LD: 1.445: : 200it [00:11, 17.37it/s][A

Acc: 0.875, LD: 1.444: : 200it [00:11, 17.37it/s][A

                                                 [A
Processed 200 valid samples.

==================================================
Node Ep 290 Evaluation Summary:
  - Accuracy:              0.8750
  - Logit Difference:      1.4438
  - KL Divergence:         0.1768
  - Exact Match:           0.8800
==================================================

Node pruning:  58%|#####8    | 290/500 [1:15:23<1:02:59, 18.00s/it, KL=0.185, L=9.745, LR=1.13e-02, Sp=13.724, T=0.274]
Node pruning:  58%|#####8    | 290/500 [1:15:37<1:02:59, 18.00s/it, KL=0.188, L=9.748, LR=1.12e-02, Sp=13.724, T=0.283]
Node pruning:  58%|#####8    | 291/500 [1:15:37<58:53, 16.91s/it, KL=0.188, L=9.748, LR=1.12e-02, Sp=13.724, T=0.283]  
Node pruning:  58%|#####8    | 291/500 [1:15:51<58:53, 16.91s/it, KL=0.185, L=9.745, LR=1.12e-02, Sp=13.723, T=0.276]
Node pruning:  58%|#####8    | 292/500 [1:15:51<56:02, 16.17s/it, KL=0.185, L=9.745, LR=1.12e-02, Sp=13.723, T=0.276]
Node pruning:  58%|#####8    | 292/500 [1:16:06<56:02, 16.17s/it, KL=0.182, L=9.743, LR=1.11e-02, Sp=13.722, T=0.277]
Node pruning:  59%|#####8    | 293/500 [1:16:06<53:50, 15.60s/it, KL=0.182, L=9.743, LR=1.11e-02, Sp=13.722, T=0.277]
Node pruning:  59%|#####8    | 293/500 [1:16:20<53:50, 15.60s/it, KL=0.167, L=9.724, LR=1.10e-02, Sp=13.722, T=0.230]
Node pruning:  59%|#####8    | 294/500 [1:16:20<52:19, 15.24s/it, KL=0.167, L=9.724, LR=1.10e-02, Sp=13.722, T=0.230]
Node pruning:  59%|#####8    | 294/500 [1:16:34<52:19, 15.24s/it, KL=0.231, L=9.791, LR=1.09e-02, Sp=13.721, T=0.389]
Node pruning:  59%|#####8    | 295/500 [1:16:34<51:14, 15.00s/it, KL=0.231, L=9.791, LR=1.09e-02, Sp=13.721, T=0.389]
Node pruning:  59%|#####8    | 295/500 [1:16:49<51:14, 15.00s/it, KL=0.224, L=9.780, LR=1.08e-02, Sp=13.721, T=0.361]
Node pruning:  59%|#####9    | 296/500 [1:16:49<50:23, 14.82s/it, KL=0.224, L=9.780, LR=1.08e-02, Sp=13.721, T=0.361]
Node pruning:  59%|#####9    | 296/500 [1:17:03<50:23, 14.82s/it, KL=0.217, L=9.774, LR=1.07e-02, Sp=13.720, T=0.351]
Node pruning:  59%|#####9    | 297/500 [1:17:03<49:39, 14.68s/it, KL=0.217, L=9.774, LR=1.07e-02, Sp=13.720, T=0.351]
Node pruning:  59%|#####9    | 297/500 [1:17:18<49:39, 14.68s/it, KL=0.249, L=9.809, LR=1.06e-02, Sp=13.719, T=0.435]
Node pruning:  60%|#####9    | 298/500 [1:17:18<49:08, 14.59s/it, KL=0.249, L=9.809, LR=1.06e-02, Sp=13.719, T=0.435]
Node pruning:  60%|#####9    | 298/500 [1:17:32<49:08, 14.59s/it, KL=0.185, L=9.739, LR=1.05e-02, Sp=13.719, T=0.270]
Node pruning:  60%|#####9    | 299/500 [1:17:32<48:54, 14.60s/it, KL=0.185, L=9.739, LR=1.05e-02, Sp=13.719, T=0.270]
Node pruning:  60%|#####9    | 299/500 [1:17:47<48:54, 14.60s/it, KL=0.165, L=9.723, LR=1.04e-02, Sp=13.718, T=0.237]
==================================================
  EVALUATING: Node Ep 300
==================================================


Evaluating Node Ep 300:   0%|          | 0/20 [00:00<?, ?it/s][A

Evaluating Node Ep 300:  50%|#####     | 10/20 [00:00<00:00, 17.12it/s][A

Acc: 0.900, LD: 2.225:  50%|#####     | 10/20 [00:00<00:00, 17.12it/s] [A

Acc: 0.900, LD: 2.225: 100%|##########| 20/20 [00:01<00:00, 15.68it/s][A

Acc: 0.950, LD: 1.994: 100%|##########| 20/20 [00:01<00:00, 15.68it/s][A

Acc: 0.950, LD: 1.994: : 30it [00:01, 16.50it/s]                      [A

Acc: 0.967, LD: 1.892: : 30it [00:01, 16.50it/s][A

Acc: 0.967, LD: 1.892: : 40it [00:02, 16.90it/s][A

Acc: 0.950, LD: 1.797: : 40it [00:02, 16.90it/s][A

Acc: 0.950, LD: 1.797: : 50it [00:02, 17.14it/s][A

Acc: 0.940, LD: 1.742: : 50it [00:02, 17.14it/s][A

Acc: 0.940, LD: 1.742: : 60it [00:03, 17.27it/s][A

Acc: 0.950, LD: 1.665: : 60it [00:03, 17.27it/s][A

Acc: 0.950, LD: 1.665: : 70it [00:04, 17.37it/s][A

Acc: 0.943, LD: 1.623: : 70it [00:04, 17.37it/s][A

Acc: 0.943, LD: 1.623: : 80it [00:04, 17.42it/s][A

Acc: 0.925, LD: 1.525: : 80it [00:04, 17.42it/s][A

Acc: 0.925, LD: 1.525: : 90it [00:05, 17.47it/s][A

Acc: 0.911, LD: 1.499: : 90it [00:05, 17.47it/s][A

Acc: 0.911, LD: 1.499: : 100it [00:05, 17.49it/s][A

Acc: 0.920, LD: 1.569: : 100it [00:05, 17.49it/s][A

Acc: 0.920, LD: 1.569: : 110it [00:06, 16.64it/s][A

Acc: 0.909, LD: 1.578: : 110it [00:06, 16.64it/s][A

Acc: 0.909, LD: 1.578: : 120it [00:07, 16.91it/s][A

Acc: 0.900, LD: 1.559: : 120it [00:07, 16.91it/s][A

Acc: 0.900, LD: 1.559: : 130it [00:07, 17.10it/s][A

Acc: 0.892, LD: 1.567: : 130it [00:07, 17.10it/s][A

Acc: 0.892, LD: 1.567: : 140it [00:08, 17.22it/s][A

Acc: 0.893, LD: 1.524: : 140it [00:08, 17.22it/s][A

Acc: 0.893, LD: 1.524: : 150it [00:08, 17.31it/s][A

Acc: 0.887, LD: 1.486: : 150it [00:08, 17.31it/s][A

Acc: 0.887, LD: 1.486: : 160it [00:09, 17.37it/s][A

Acc: 0.887, LD: 1.488: : 160it [00:09, 17.37it/s][A

Acc: 0.887, LD: 1.488: : 170it [00:09, 17.30it/s][A

Acc: 0.882, LD: 1.440: : 170it [00:09, 17.30it/s][A

Acc: 0.882, LD: 1.440: : 180it [00:10, 17.37it/s][A

Acc: 0.878, LD: 1.460: : 180it [00:10, 17.37it/s][A

Acc: 0.878, LD: 1.460: : 190it [00:11, 17.33it/s][A

Acc: 0.868, LD: 1.446: : 190it [00:11, 17.33it/s][A

Acc: 0.868, LD: 1.446: : 200it [00:11, 16.47it/s][A

Acc: 0.870, LD: 1.444: : 200it [00:11, 16.47it/s][A

                                                 [A
Processed 200 valid samples.

==================================================
Node Ep 300 Evaluation Summary:
  - Accuracy:              0.8700
  - Logit Difference:      1.4444
  - KL Divergence:         0.1764
  - Exact Match:           0.8750
==================================================

Node pruning:  60%|######    | 300/500 [1:17:58<1:00:07, 18.04s/it, KL=0.165, L=9.723, LR=1.04e-02, Sp=13.718, T=0.237]
Node pruning:  60%|######    | 300/500 [1:18:13<1:00:07, 18.04s/it, KL=0.154, L=9.710, LR=1.03e-02, Sp=13.717, T=0.206]
Node pruning:  60%|######    | 301/500 [1:18:13<56:06, 16.92s/it, KL=0.154, L=9.710, LR=1.03e-02, Sp=13.717, T=0.206]  
Node pruning:  60%|######    | 301/500 [1:18:27<56:06, 16.92s/it, KL=0.149, L=9.702, LR=1.03e-02, Sp=13.716, T=0.187]
Node pruning:  60%|######    | 302/500 [1:18:27<53:23, 16.18s/it, KL=0.149, L=9.702, LR=1.03e-02, Sp=13.716, T=0.187]
Node pruning:  60%|######    | 302/500 [1:18:42<53:23, 16.18s/it, KL=0.238, L=9.792, LR=1.02e-02, Sp=13.715, T=0.401]
Node pruning:  61%|######    | 303/500 [1:18:42<51:26, 15.67s/it, KL=0.238, L=9.792, LR=1.02e-02, Sp=13.715, T=0.401]
Node pruning:  61%|######    | 303/500 [1:18:56<51:26, 15.67s/it, KL=0.257, L=9.811, LR=1.01e-02, Sp=13.715, T=0.446]
Node pruning:  61%|######    | 304/500 [1:18:56<49:50, 15.26s/it, KL=0.257, L=9.811, LR=1.01e-02, Sp=13.715, T=0.446]
Node pruning:  61%|######    | 304/500 [1:19:10<49:50, 15.26s/it, KL=0.201, L=9.747, LR=9.99e-03, Sp=13.714, T=0.289]
Node pruning:  61%|######1   | 305/500 [1:19:10<48:47, 15.02s/it, KL=0.201, L=9.747, LR=9.99e-03, Sp=13.714, T=0.289]
Node pruning:  61%|######1   | 305/500 [1:19:25<48:47, 15.02s/it, KL=0.190, L=9.746, LR=9.90e-03, Sp=13.713, T=0.301]
Node pruning:  61%|######1   | 306/500 [1:19:25<47:59, 14.84s/it, KL=0.190, L=9.746, LR=9.90e-03, Sp=13.713, T=0.301]
Node pruning:  61%|######1   | 306/500 [1:19:39<47:59, 14.84s/it, KL=0.204, L=9.757, LR=9.81e-03, Sp=13.712, T=0.325]
Node pruning:  61%|######1   | 307/500 [1:19:39<47:14, 14.69s/it, KL=0.204, L=9.757, LR=9.81e-03, Sp=13.712, T=0.325]
Node pruning:  61%|######1   | 307/500 [1:19:53<47:14, 14.69s/it, KL=0.151, L=9.701, LR=9.72e-03, Sp=13.712, T=0.191]
Node pruning:  62%|######1   | 308/500 [1:19:53<46:41, 14.59s/it, KL=0.151, L=9.701, LR=9.72e-03, Sp=13.712, T=0.191]
Node pruning:  62%|######1   | 308/500 [1:20:08<46:41, 14.59s/it, KL=0.198, L=9.749, LR=9.63e-03, Sp=13.711, T=0.307]
Node pruning:  62%|######1   | 309/500 [1:20:08<46:15, 14.53s/it, KL=0.198, L=9.749, LR=9.63e-03, Sp=13.711, T=0.307]
Node pruning:  62%|######1   | 309/500 [1:20:22<46:15, 14.53s/it, KL=0.188, L=9.737, LR=9.55e-03, Sp=13.711, T=0.278]
==================================================
  EVALUATING: Node Ep 310
==================================================


Evaluating Node Ep 310:   0%|          | 0/20 [00:00<?, ?it/s][A

Evaluating Node Ep 310:  50%|#####     | 10/20 [00:00<00:00, 14.85it/s][A

Acc: 0.900, LD: 2.250:  50%|#####     | 10/20 [00:00<00:00, 14.85it/s] [A

Acc: 0.900, LD: 2.250: 100%|##########| 20/20 [00:01<00:00, 16.34it/s][A

Acc: 0.950, LD: 2.006: 100%|##########| 20/20 [00:01<00:00, 16.34it/s][A

Acc: 0.950, LD: 2.006: : 30it [00:01, 16.88it/s]                      [A

Acc: 0.967, LD: 1.900: : 30it [00:01, 16.88it/s][A

Acc: 0.967, LD: 1.900: : 40it [00:02, 17.13it/s][A

Acc: 0.950, LD: 1.803: : 40it [00:02, 17.13it/s][A

Acc: 0.950, LD: 1.803: : 50it [00:02, 17.29it/s][A

Acc: 0.940, LD: 1.748: : 50it [00:02, 17.29it/s][A

Acc: 0.940, LD: 1.748: : 60it [00:03, 17.38it/s][A

Acc: 0.950, LD: 1.667: : 60it [00:03, 17.38it/s][A

Acc: 0.950, LD: 1.667: : 70it [00:04, 17.44it/s][A

Acc: 0.943, LD: 1.625: : 70it [00:04, 17.44it/s][A

Acc: 0.943, LD: 1.625: : 80it [00:04, 17.46it/s][A

Acc: 0.925, LD: 1.528: : 80it [00:04, 17.46it/s][A

Acc: 0.925, LD: 1.528: : 90it [00:05, 17.50it/s][A

Acc: 0.911, LD: 1.501: : 90it [00:05, 17.50it/s][A

Acc: 0.911, LD: 1.501: : 100it [00:05, 17.40it/s][A

Acc: 0.920, LD: 1.573: : 100it [00:05, 17.40it/s][A

Acc: 0.920, LD: 1.573: : 110it [00:06, 16.12it/s][A

Acc: 0.909, LD: 1.582: : 110it [00:06, 16.12it/s][A

Acc: 0.909, LD: 1.582: : 120it [00:07, 16.52it/s][A

Acc: 0.900, LD: 1.562: : 120it [00:07, 16.52it/s][A

Acc: 0.900, LD: 1.562: : 130it [00:07, 16.82it/s][A

Acc: 0.892, LD: 1.572: : 130it [00:07, 16.82it/s][A

Acc: 0.892, LD: 1.572: : 140it [00:08, 17.03it/s][A

Acc: 0.893, LD: 1.528: : 140it [00:08, 17.03it/s][A

Acc: 0.893, LD: 1.528: : 150it [00:08, 17.17it/s][A

Acc: 0.887, LD: 1.488: : 150it [00:08, 17.17it/s][A

Acc: 0.887, LD: 1.488: : 160it [00:09, 17.27it/s][A

Acc: 0.887, LD: 1.491: : 160it [00:09, 17.27it/s][A

Acc: 0.887, LD: 1.491: : 170it [00:09, 17.35it/s][A

Acc: 0.882, LD: 1.443: : 170it [00:09, 17.35it/s][A

Acc: 0.882, LD: 1.443: : 180it [00:10, 17.41it/s][A

Acc: 0.878, LD: 1.462: : 180it [00:10, 17.41it/s][A

Acc: 0.878, LD: 1.462: : 190it [00:11, 17.39it/s][A

Acc: 0.868, LD: 1.448: : 190it [00:11, 17.39it/s][A

Acc: 0.868, LD: 1.448: : 200it [00:11, 16.49it/s][A

Acc: 0.870, LD: 1.446: : 200it [00:11, 16.49it/s][A

                                                 [A
Processed 200 valid samples.

==================================================
Node Ep 310 Evaluation Summary:
  - Accuracy:              0.8700
  - Logit Difference:      1.4463
  - KL Divergence:         0.1772
  - Exact Match:           0.8750
==================================================

Node pruning:  62%|######2   | 310/500 [1:20:34<57:00, 18.00s/it, KL=0.188, L=9.737, LR=9.55e-03, Sp=13.711, T=0.278]
Node pruning:  62%|######2   | 310/500 [1:20:48<57:00, 18.00s/it, KL=0.195, L=9.744, LR=9.46e-03, Sp=13.710, T=0.296]
Node pruning:  62%|######2   | 311/500 [1:20:48<53:19, 16.93s/it, KL=0.195, L=9.744, LR=9.46e-03, Sp=13.710, T=0.296]
Node pruning:  62%|######2   | 311/500 [1:21:03<53:19, 16.93s/it, KL=0.153, L=9.703, LR=9.37e-03, Sp=13.709, T=0.203]
Node pruning:  62%|######2   | 312/500 [1:21:03<50:48, 16.21s/it, KL=0.153, L=9.703, LR=9.37e-03, Sp=13.709, T=0.203]
Node pruning:  62%|######2   | 312/500 [1:21:17<50:48, 16.21s/it, KL=0.188, L=9.739, LR=9.29e-03, Sp=13.708, T=0.289]
Node pruning:  63%|######2   | 313/500 [1:21:17<48:49, 15.67s/it, KL=0.188, L=9.739, LR=9.29e-03, Sp=13.708, T=0.289]
Node pruning:  63%|######2   | 313/500 [1:21:32<48:49, 15.67s/it, KL=0.200, L=9.746, LR=9.20e-03, Sp=13.707, T=0.303]
Node pruning:  63%|######2   | 314/500 [1:21:32<47:17, 15.26s/it, KL=0.200, L=9.746, LR=9.20e-03, Sp=13.707, T=0.303]
Node pruning:  63%|######2   | 314/500 [1:21:46<47:17, 15.26s/it, KL=0.172, L=9.718, LR=9.11e-03, Sp=13.706, T=0.240]
Node pruning:  63%|######3   | 315/500 [1:21:46<46:14, 15.00s/it, KL=0.172, L=9.718, LR=9.11e-03, Sp=13.706, T=0.240]
Node pruning:  63%|######3   | 315/500 [1:22:00<46:14, 15.00s/it, KL=0.176, L=9.718, LR=9.03e-03, Sp=13.705, T=0.237]
Node pruning:  63%|######3   | 316/500 [1:22:00<45:29, 14.84s/it, KL=0.176, L=9.718, LR=9.03e-03, Sp=13.705, T=0.237]
Node pruning:  63%|######3   | 316/500 [1:22:15<45:29, 14.84s/it, KL=0.213, L=9.762, LR=8.94e-03, Sp=13.705, T=0.349]
Node pruning:  63%|######3   | 317/500 [1:22:15<44:44, 14.67s/it, KL=0.213, L=9.762, LR=8.94e-03, Sp=13.705, T=0.349]
Node pruning:  63%|######3   | 317/500 [1:22:29<44:44, 14.67s/it, KL=0.207, L=9.753, LR=8.86e-03, Sp=13.704, T=0.328]
Node pruning:  64%|######3   | 318/500 [1:22:29<44:14, 14.59s/it, KL=0.207, L=9.753, LR=8.86e-03, Sp=13.704, T=0.328]
Node pruning:  64%|######3   | 318/500 [1:22:44<44:14, 14.59s/it, KL=0.204, L=9.749, LR=8.77e-03, Sp=13.704, T=0.319]
Node pruning:  64%|######3   | 319/500 [1:22:44<43:50, 14.54s/it, KL=0.204, L=9.749, LR=8.77e-03, Sp=13.704, T=0.319]
Node pruning:  64%|######3   | 319/500 [1:22:58<43:50, 14.54s/it, KL=0.211, L=9.757, LR=8.68e-03, Sp=13.703, T=0.340]
==================================================
  EVALUATING: Node Ep 320
==================================================


Evaluating Node Ep 320:   0%|          | 0/20 [00:00<?, ?it/s][A

Evaluating Node Ep 320:  50%|#####     | 10/20 [00:00<00:00, 14.90it/s][A

Acc: 0.900, LD: 2.250:  50%|#####     | 10/20 [00:00<00:00, 14.90it/s] [A

Acc: 0.900, LD: 2.250: 100%|##########| 20/20 [00:01<00:00, 16.34it/s][A

Acc: 0.950, LD: 2.006: 100%|##########| 20/20 [00:01<00:00, 16.34it/s][A

Acc: 0.950, LD: 2.006: : 30it [00:01, 16.87it/s]                      [A

Acc: 0.967, LD: 1.900: : 30it [00:01, 16.87it/s][A

Acc: 0.967, LD: 1.900: : 40it [00:02, 17.14it/s][A

Acc: 0.950, LD: 1.803: : 40it [00:02, 17.14it/s][A

Acc: 0.950, LD: 1.803: : 50it [00:02, 17.28it/s][A

Acc: 0.940, LD: 1.748: : 50it [00:02, 17.28it/s][A

Acc: 0.940, LD: 1.748: : 60it [00:03, 17.30it/s][A

Acc: 0.950, LD: 1.669: : 60it [00:03, 17.30it/s][A

Acc: 0.950, LD: 1.669: : 70it [00:04, 17.35it/s][A

Acc: 0.943, LD: 1.627: : 70it [00:04, 17.35it/s][A

Acc: 0.943, LD: 1.627: : 80it [00:04, 17.41it/s][A

Acc: 0.925, LD: 1.530: : 80it [00:04, 17.41it/s][A

Acc: 0.925, LD: 1.530: : 90it [00:05, 17.44it/s][A

Acc: 0.911, LD: 1.503: : 90it [00:05, 17.44it/s][A

Acc: 0.911, LD: 1.503: : 100it [00:05, 16.54it/s][A

Acc: 0.920, LD: 1.573: : 100it [00:05, 16.54it/s][A

Acc: 0.920, LD: 1.573: : 110it [00:06, 16.86it/s][A

Acc: 0.918, LD: 1.583: : 110it [00:06, 16.86it/s][A

Acc: 0.918, LD: 1.583: : 120it [00:07, 17.06it/s][A

Acc: 0.908, LD: 1.562: : 120it [00:07, 17.06it/s][A

Acc: 0.908, LD: 1.562: : 130it [00:07, 17.21it/s][A

Acc: 0.900, LD: 1.572: : 130it [00:07, 17.21it/s][A

Acc: 0.900, LD: 1.572: : 140it [00:08, 17.32it/s][A

Acc: 0.900, LD: 1.528: : 140it [00:08, 17.32it/s][A

Acc: 0.900, LD: 1.528: : 150it [00:08, 17.39it/s][A

Acc: 0.893, LD: 1.489: : 150it [00:08, 17.39it/s][A

Acc: 0.893, LD: 1.489: : 160it [00:09, 17.42it/s][A

Acc: 0.894, LD: 1.492: : 160it [00:09, 17.42it/s][A

Acc: 0.894, LD: 1.492: : 170it [00:09, 17.47it/s][A

Acc: 0.888, LD: 1.444: : 170it [00:09, 17.47it/s][A

Acc: 0.888, LD: 1.444: : 180it [00:10, 17.49it/s][A

Acc: 0.883, LD: 1.464: : 180it [00:10, 17.49it/s][A

Acc: 0.883, LD: 1.464: : 190it [00:11, 16.60it/s][A

Acc: 0.879, LD: 1.449: : 190it [00:11, 16.60it/s][A

Acc: 0.879, LD: 1.449: : 200it [00:11, 16.80it/s][A

Acc: 0.880, LD: 1.446: : 200it [00:11, 16.80it/s][A

                                                 [A
Processed 200 valid samples.

==================================================
Node Ep 320 Evaluation Summary:
  - Accuracy:              0.8800
  - Logit Difference:      1.4463
  - KL Divergence:         0.1756
  - Exact Match:           0.8850
==================================================

Node pruning:  64%|######4   | 320/500 [1:23:10<53:57, 17.99s/it, KL=0.211, L=9.757, LR=8.68e-03, Sp=13.703, T=0.340]
Node pruning:  64%|######4   | 320/500 [1:23:24<53:57, 17.99s/it, KL=0.221, L=9.760, LR=8.60e-03, Sp=13.702, T=0.339]
Node pruning:  64%|######4   | 321/500 [1:23:24<50:21, 16.88s/it, KL=0.221, L=9.760, LR=8.60e-03, Sp=13.702, T=0.339]
Node pruning:  64%|######4   | 321/500 [1:23:38<50:21, 16.88s/it, KL=0.242, L=9.781, LR=8.52e-03, Sp=13.702, T=0.392]
Node pruning:  64%|######4   | 322/500 [1:23:38<47:54, 16.15s/it, KL=0.242, L=9.781, LR=8.52e-03, Sp=13.702, T=0.392]
Node pruning:  64%|######4   | 322/500 [1:23:53<47:54, 16.15s/it, KL=0.150, L=9.693, LR=8.43e-03, Sp=13.701, T=0.189]
Node pruning:  65%|######4   | 323/500 [1:23:53<46:08, 15.64s/it, KL=0.150, L=9.693, LR=8.43e-03, Sp=13.701, T=0.189]
Node pruning:  65%|######4   | 323/500 [1:24:07<46:08, 15.64s/it, KL=0.208, L=9.746, LR=8.35e-03, Sp=13.701, T=0.312]
Node pruning:  65%|######4   | 324/500 [1:24:07<44:42, 15.24s/it, KL=0.208, L=9.746, LR=8.35e-03, Sp=13.701, T=0.312]
Node pruning:  65%|######4   | 324/500 [1:24:21<44:42, 15.24s/it, KL=0.247, L=9.789, LR=8.26e-03, Sp=13.700, T=0.417]
Node pruning:  65%|######5   | 325/500 [1:24:21<43:44, 15.00s/it, KL=0.247, L=9.789, LR=8.26e-03, Sp=13.700, T=0.417]
Node pruning:  65%|######5   | 325/500 [1:24:36<43:44, 15.00s/it, KL=0.222, L=9.757, LR=8.18e-03, Sp=13.699, T=0.337]
Node pruning:  65%|######5   | 326/500 [1:24:36<43:02, 14.84s/it, KL=0.222, L=9.757, LR=8.18e-03, Sp=13.699, T=0.337]
Node pruning:  65%|######5   | 326/500 [1:24:50<43:02, 14.84s/it, KL=0.202, L=9.747, LR=8.10e-03, Sp=13.699, T=0.323]
Node pruning:  65%|######5   | 327/500 [1:24:50<42:21, 14.69s/it, KL=0.202, L=9.747, LR=8.10e-03, Sp=13.699, T=0.323]
Node pruning:  65%|######5   | 327/500 [1:25:05<42:21, 14.69s/it, KL=0.320, L=9.853, LR=8.01e-03, Sp=13.698, T=0.560]
Node pruning:  66%|######5   | 328/500 [1:25:05<41:53, 14.62s/it, KL=0.320, L=9.853, LR=8.01e-03, Sp=13.698, T=0.560]
Node pruning:  66%|######5   | 328/500 [1:25:19<41:53, 14.62s/it, KL=0.212, L=9.755, LR=7.93e-03, Sp=13.698, T=0.345]
Node pruning:  66%|######5   | 329/500 [1:25:19<41:30, 14.56s/it, KL=0.212, L=9.755, LR=7.93e-03, Sp=13.698, T=0.345]
Node pruning:  66%|######5   | 329/500 [1:25:33<41:30, 14.56s/it, KL=0.181, L=9.723, LR=7.85e-03, Sp=13.698, T=0.269]
==================================================
  EVALUATING: Node Ep 330
==================================================


Evaluating Node Ep 330:   0%|          | 0/20 [00:00<?, ?it/s][A

Evaluating Node Ep 330:  50%|#####     | 10/20 [00:00<00:00, 15.48it/s][A

Acc: 0.900, LD: 2.225:  50%|#####     | 10/20 [00:00<00:00, 15.48it/s] [A

Acc: 0.900, LD: 2.225: 100%|##########| 20/20 [00:01<00:00, 16.66it/s][A

Acc: 0.950, LD: 2.000: 100%|##########| 20/20 [00:01<00:00, 16.66it/s][A

Acc: 0.950, LD: 2.000: : 30it [00:01, 17.05it/s]                      [A

Acc: 0.967, LD: 1.896: : 30it [00:01, 17.05it/s][A

Acc: 0.967, LD: 1.896: : 40it [00:02, 17.29it/s][A

Acc: 0.950, LD: 1.803: : 40it [00:02, 17.29it/s][A

Acc: 0.950, LD: 1.803: : 50it [00:02, 17.42it/s][A

Acc: 0.940, LD: 1.748: : 50it [00:02, 17.42it/s][A

Acc: 0.940, LD: 1.748: : 60it [00:03, 17.49it/s][A

Acc: 0.950, LD: 1.667: : 60it [00:03, 17.49it/s][A

Acc: 0.950, LD: 1.667: : 70it [00:04, 17.54it/s][A

Acc: 0.943, LD: 1.627: : 70it [00:04, 17.54it/s][A

Acc: 0.943, LD: 1.627: : 80it [00:04, 17.58it/s][A

Acc: 0.925, LD: 1.527: : 80it [00:04, 17.58it/s][A

Acc: 0.925, LD: 1.527: : 90it [00:05, 17.59it/s][A

Acc: 0.911, LD: 1.500: : 90it [00:05, 17.59it/s][A

Acc: 0.911, LD: 1.500: : 100it [00:05, 16.66it/s][A

Acc: 0.920, LD: 1.569: : 100it [00:05, 16.66it/s][A

Acc: 0.920, LD: 1.569: : 110it [00:06, 16.95it/s][A

Acc: 0.918, LD: 1.580: : 110it [00:06, 16.95it/s][A

Acc: 0.918, LD: 1.580: : 120it [00:06, 17.13it/s][A

Acc: 0.908, LD: 1.560: : 120it [00:06, 17.13it/s][A

Acc: 0.908, LD: 1.560: : 130it [00:07, 17.27it/s][A

Acc: 0.900, LD: 1.568: : 130it [00:07, 17.27it/s][A

Acc: 0.900, LD: 1.568: : 140it [00:08, 17.37it/s][A

Acc: 0.900, LD: 1.525: : 140it [00:08, 17.37it/s][A

Acc: 0.900, LD: 1.525: : 150it [00:08, 17.40it/s][A

Acc: 0.893, LD: 1.484: : 150it [00:08, 17.40it/s][A

Acc: 0.893, LD: 1.484: : 160it [00:09, 17.47it/s][A

Acc: 0.894, LD: 1.487: : 160it [00:09, 17.47it/s][A

Acc: 0.894, LD: 1.487: : 170it [00:09, 17.50it/s][A

Acc: 0.888, LD: 1.438: : 170it [00:09, 17.50it/s][A

Acc: 0.888, LD: 1.438: : 180it [00:10, 17.53it/s][A

Acc: 0.883, LD: 1.458: : 180it [00:10, 17.53it/s][A

Acc: 0.883, LD: 1.458: : 190it [00:11, 16.61it/s][A

Acc: 0.874, LD: 1.444: : 190it [00:11, 16.61it/s][A

Acc: 0.874, LD: 1.444: : 200it [00:11, 16.77it/s][A

Acc: 0.875, LD: 1.442: : 200it [00:11, 16.77it/s][A

                                                 [A
Processed 200 valid samples.

==================================================
Node Ep 330 Evaluation Summary:
  - Accuracy:              0.8750
  - Logit Difference:      1.4419
  - KL Divergence:         0.1766
  - Exact Match:           0.8800
==================================================

Node pruning:  66%|######6   | 330/500 [1:25:45<50:54, 17.97s/it, KL=0.181, L=9.723, LR=7.85e-03, Sp=13.698, T=0.269]
Node pruning:  66%|######6   | 330/500 [1:25:59<50:54, 17.97s/it, KL=0.188, L=9.730, LR=7.77e-03, Sp=13.697, T=0.286]
Node pruning:  66%|######6   | 331/500 [1:25:59<47:29, 16.86s/it, KL=0.188, L=9.730, LR=7.77e-03, Sp=13.697, T=0.286]
Node pruning:  66%|######6   | 331/500 [1:26:14<47:29, 16.86s/it, KL=0.169, L=9.711, LR=7.68e-03, Sp=13.696, T=0.242]
Node pruning:  66%|######6   | 332/500 [1:26:14<45:08, 16.12s/it, KL=0.169, L=9.711, LR=7.68e-03, Sp=13.696, T=0.242]
Node pruning:  66%|######6   | 332/500 [1:26:28<45:08, 16.12s/it, KL=0.182, L=9.722, LR=7.60e-03, Sp=13.696, T=0.268]
Node pruning:  67%|######6   | 333/500 [1:26:28<43:26, 15.61s/it, KL=0.182, L=9.722, LR=7.60e-03, Sp=13.696, T=0.268]
Node pruning:  67%|######6   | 333/500 [1:26:42<43:26, 15.61s/it, KL=0.159, L=9.698, LR=7.52e-03, Sp=13.695, T=0.212]
Node pruning:  67%|######6   | 334/500 [1:26:42<42:03, 15.20s/it, KL=0.159, L=9.698, LR=7.52e-03, Sp=13.695, T=0.212]
Node pruning:  67%|######6   | 334/500 [1:26:57<42:03, 15.20s/it, KL=0.223, L=9.768, LR=7.44e-03, Sp=13.695, T=0.383]
Node pruning:  67%|######7   | 335/500 [1:26:57<41:07, 14.96s/it, KL=0.223, L=9.768, LR=7.44e-03, Sp=13.695, T=0.383]
Node pruning:  67%|######7   | 335/500 [1:27:11<41:07, 14.96s/it, KL=0.167, L=9.705, LR=7.36e-03, Sp=13.694, T=0.231]
Node pruning:  67%|######7   | 336/500 [1:27:11<40:26, 14.79s/it, KL=0.167, L=9.705, LR=7.36e-03, Sp=13.694, T=0.231]
Node pruning:  67%|######7   | 336/500 [1:27:26<40:26, 14.79s/it, KL=0.151, L=9.690, LR=7.28e-03, Sp=13.694, T=0.196]
Node pruning:  67%|######7   | 337/500 [1:27:26<39:46, 14.64s/it, KL=0.151, L=9.690, LR=7.28e-03, Sp=13.694, T=0.196]
Node pruning:  67%|######7   | 337/500 [1:27:40<39:46, 14.64s/it, KL=0.208, L=9.741, LR=7.20e-03, Sp=13.693, T=0.313]
Node pruning:  68%|######7   | 338/500 [1:27:40<39:17, 14.56s/it, KL=0.208, L=9.741, LR=7.20e-03, Sp=13.693, T=0.313]
Node pruning:  68%|######7   | 338/500 [1:27:54<39:17, 14.56s/it, KL=0.176, L=9.714, LR=7.12e-03, Sp=13.693, T=0.255]
Node pruning:  68%|######7   | 339/500 [1:27:54<38:55, 14.51s/it, KL=0.176, L=9.714, LR=7.12e-03, Sp=13.693, T=0.255]
Node pruning:  68%|######7   | 339/500 [1:28:09<38:55, 14.51s/it, KL=0.187, L=9.722, LR=7.04e-03, Sp=13.692, T=0.270]
==================================================
  EVALUATING: Node Ep 340
==================================================


Evaluating Node Ep 340:   0%|          | 0/20 [00:00<?, ?it/s][A

Evaluating Node Ep 340:  50%|#####     | 10/20 [00:00<00:00, 15.13it/s][A

Acc: 0.900, LD: 2.225:  50%|#####     | 10/20 [00:00<00:00, 15.13it/s] [A

Acc: 0.900, LD: 2.225: 100%|##########| 20/20 [00:01<00:00, 16.50it/s][A

Acc: 0.950, LD: 1.994: 100%|##########| 20/20 [00:01<00:00, 16.50it/s][A

Acc: 0.950, LD: 1.994: : 30it [00:01, 16.97it/s]                      [A

Acc: 0.967, LD: 1.896: : 30it [00:01, 16.97it/s][A

Acc: 0.967, LD: 1.896: : 40it [00:02, 17.23it/s][A

Acc: 0.950, LD: 1.800: : 40it [00:02, 17.23it/s][A

Acc: 0.950, LD: 1.800: : 50it [00:02, 17.37it/s][A

Acc: 0.940, LD: 1.748: : 50it [00:02, 17.37it/s][A

Acc: 0.940, LD: 1.748: : 60it [00:03, 17.46it/s][A

Acc: 0.950, LD: 1.669: : 60it [00:03, 17.46it/s][A

Acc: 0.950, LD: 1.669: : 70it [00:04, 17.51it/s][A

Acc: 0.943, LD: 1.629: : 70it [00:04, 17.51it/s][A

Acc: 0.943, LD: 1.629: : 80it [00:04, 17.55it/s][A

Acc: 0.925, LD: 1.531: : 80it [00:04, 17.55it/s][A

Acc: 0.925, LD: 1.531: : 90it [00:05, 17.56it/s][A

Acc: 0.911, LD: 1.506: : 90it [00:05, 17.56it/s][A

Acc: 0.911, LD: 1.506: : 100it [00:05, 17.56it/s][A

Acc: 0.920, LD: 1.574: : 100it [00:05, 17.56it/s][A

Acc: 0.920, LD: 1.574: : 110it [00:06, 16.86it/s][A

Acc: 0.918, LD: 1.584: : 110it [00:06, 16.86it/s][A

Acc: 0.918, LD: 1.584: : 120it [00:06, 17.07it/s][A

Acc: 0.908, LD: 1.564: : 120it [00:06, 17.07it/s][A

Acc: 0.908, LD: 1.564: : 130it [00:07, 17.21it/s][A

Acc: 0.900, LD: 1.571: : 130it [00:07, 17.21it/s][A

Acc: 0.900, LD: 1.571: : 140it [00:08, 17.32it/s][A

Acc: 0.900, LD: 1.527: : 140it [00:08, 17.32it/s][A

Acc: 0.900, LD: 1.527: : 150it [00:08, 17.36it/s][A

Acc: 0.893, LD: 1.486: : 150it [00:08, 17.36it/s][A

Acc: 0.893, LD: 1.486: : 160it [00:09, 17.40it/s][A

Acc: 0.894, LD: 1.489: : 160it [00:09, 17.40it/s][A

Acc: 0.894, LD: 1.489: : 170it [00:09, 17.44it/s][A

Acc: 0.888, LD: 1.440: : 170it [00:09, 17.44it/s][A

Acc: 0.888, LD: 1.440: : 180it [00:10, 17.39it/s][A

Acc: 0.883, LD: 1.460: : 180it [00:10, 17.39it/s][A

Acc: 0.883, LD: 1.460: : 190it [00:11, 17.34it/s][A

Acc: 0.874, LD: 1.446: : 190it [00:11, 17.34it/s][A

Acc: 0.874, LD: 1.446: : 200it [00:11, 16.49it/s][A

Acc: 0.875, LD: 1.444: : 200it [00:11, 16.49it/s][A

                                                 [A
Processed 200 valid samples.

==================================================
Node Ep 340 Evaluation Summary:
  - Accuracy:              0.8750
  - Logit Difference:      1.4438
  - KL Divergence:         0.1754
  - Exact Match:           0.8800
==================================================

Node pruning:  68%|######8   | 340/500 [1:28:20<47:50, 17.94s/it, KL=0.187, L=9.722, LR=7.04e-03, Sp=13.692, T=0.270]
Node pruning:  68%|######8   | 340/500 [1:28:34<47:50, 17.94s/it, KL=0.216, L=9.750, LR=6.96e-03, Sp=13.691, T=0.338]
Node pruning:  68%|######8   | 341/500 [1:28:34<44:37, 16.84s/it, KL=0.216, L=9.750, LR=6.96e-03, Sp=13.691, T=0.338]
Node pruning:  68%|######8   | 341/500 [1:28:49<44:37, 16.84s/it, KL=0.277, L=9.813, LR=6.88e-03, Sp=13.691, T=0.489]
Node pruning:  68%|######8   | 342/500 [1:28:49<42:30, 16.14s/it, KL=0.277, L=9.813, LR=6.88e-03, Sp=13.691, T=0.489]
Node pruning:  68%|######8   | 342/500 [1:29:03<42:30, 16.14s/it, KL=0.206, L=9.740, LR=6.80e-03, Sp=13.690, T=0.316]
Node pruning:  69%|######8   | 343/500 [1:29:03<40:54, 15.64s/it, KL=0.206, L=9.740, LR=6.80e-03, Sp=13.690, T=0.316]
Node pruning:  69%|######8   | 343/500 [1:29:18<40:54, 15.64s/it, KL=0.185, L=9.722, LR=6.72e-03, Sp=13.690, T=0.280]
Node pruning:  69%|######8   | 344/500 [1:29:18<39:35, 15.23s/it, KL=0.185, L=9.722, LR=6.72e-03, Sp=13.690, T=0.280]
Node pruning:  69%|######8   | 344/500 [1:29:32<39:35, 15.23s/it, KL=0.167, L=9.700, LR=6.65e-03, Sp=13.689, T=0.225]
Node pruning:  69%|######9   | 345/500 [1:29:32<38:43, 14.99s/it, KL=0.167, L=9.700, LR=6.65e-03, Sp=13.689, T=0.225]
Node pruning:  69%|######9   | 345/500 [1:29:47<38:43, 14.99s/it, KL=0.235, L=9.759, LR=6.57e-03, Sp=13.689, T=0.355]
Node pruning:  69%|######9   | 346/500 [1:29:47<38:01, 14.81s/it, KL=0.235, L=9.759, LR=6.57e-03, Sp=13.689, T=0.355]
Node pruning:  69%|######9   | 346/500 [1:30:01<38:01, 14.81s/it, KL=0.221, L=9.755, LR=6.49e-03, Sp=13.688, T=0.356]
Node pruning:  69%|######9   | 347/500 [1:30:01<37:23, 14.66s/it, KL=0.221, L=9.755, LR=6.49e-03, Sp=13.688, T=0.356]
Node pruning:  69%|######9   | 347/500 [1:30:15<37:23, 14.66s/it, KL=0.180, L=9.715, LR=6.42e-03, Sp=13.688, T=0.266]
Node pruning:  70%|######9   | 348/500 [1:30:15<36:57, 14.59s/it, KL=0.180, L=9.715, LR=6.42e-03, Sp=13.688, T=0.266]
Node pruning:  70%|######9   | 348/500 [1:30:30<36:57, 14.59s/it, KL=0.173, L=9.706, LR=6.34e-03, Sp=13.687, T=0.243]
Node pruning:  70%|######9   | 349/500 [1:30:30<36:34, 14.54s/it, KL=0.173, L=9.706, LR=6.34e-03, Sp=13.687, T=0.243]
Node pruning:  70%|######9   | 349/500 [1:30:44<36:34, 14.54s/it, KL=0.212, L=9.738, LR=6.26e-03, Sp=13.686, T=0.314]
==================================================
  EVALUATING: Node Ep 350
==================================================


Evaluating Node Ep 350:   0%|          | 0/20 [00:00<?, ?it/s][A

Evaluating Node Ep 350:  50%|#####     | 10/20 [00:00<00:00, 14.94it/s][A

Acc: 0.900, LD: 2.237:  50%|#####     | 10/20 [00:00<00:00, 14.94it/s] [A

Acc: 0.900, LD: 2.237: 100%|##########| 20/20 [00:01<00:00, 16.42it/s][A

Acc: 0.950, LD: 2.006: 100%|##########| 20/20 [00:01<00:00, 16.42it/s][A

Acc: 0.950, LD: 2.006: : 30it [00:01, 16.90it/s]                      [A

Acc: 0.967, LD: 1.900: : 30it [00:01, 16.90it/s][A

Acc: 0.967, LD: 1.900: : 40it [00:02, 17.18it/s][A

Acc: 0.950, LD: 1.803: : 40it [00:02, 17.18it/s][A

Acc: 0.950, LD: 1.803: : 50it [00:02, 17.32it/s][A

Acc: 0.940, LD: 1.745: : 50it [00:02, 17.32it/s][A

Acc: 0.940, LD: 1.745: : 60it [00:03, 17.41it/s][A

Acc: 0.950, LD: 1.667: : 60it [00:03, 17.41it/s][A

Acc: 0.950, LD: 1.667: : 70it [00:04, 17.46it/s][A

Acc: 0.943, LD: 1.627: : 70it [00:04, 17.46it/s][A

Acc: 0.943, LD: 1.627: : 80it [00:04, 17.51it/s][A

Acc: 0.925, LD: 1.531: : 80it [00:04, 17.51it/s][A

Acc: 0.925, LD: 1.531: : 90it [00:05, 17.53it/s][A

Acc: 0.911, LD: 1.506: : 90it [00:05, 17.53it/s][A

Acc: 0.911, LD: 1.506: : 100it [00:05, 16.52it/s][A

Acc: 0.920, LD: 1.575: : 100it [00:05, 16.52it/s][A

Acc: 0.920, LD: 1.575: : 110it [00:06, 16.85it/s][A

Acc: 0.918, LD: 1.586: : 110it [00:06, 16.85it/s][A

Acc: 0.918, LD: 1.586: : 120it [00:07, 17.06it/s][A

Acc: 0.908, LD: 1.568: : 120it [00:07, 17.06it/s][A

Acc: 0.908, LD: 1.568: : 130it [00:07, 17.22it/s][A

Acc: 0.900, LD: 1.576: : 130it [00:07, 17.22it/s][A

Acc: 0.900, LD: 1.576: : 140it [00:08, 17.32it/s][A

Acc: 0.900, LD: 1.532: : 140it [00:08, 17.32it/s][A

Acc: 0.900, LD: 1.532: : 150it [00:08, 17.41it/s][A

Acc: 0.893, LD: 1.492: : 150it [00:08, 17.41it/s][A

Acc: 0.893, LD: 1.492: : 160it [00:09, 17.46it/s][A

Acc: 0.894, LD: 1.495: : 160it [00:09, 17.46it/s][A

Acc: 0.894, LD: 1.495: : 170it [00:09, 17.49it/s][A

Acc: 0.888, LD: 1.445: : 170it [00:09, 17.49it/s][A

Acc: 0.888, LD: 1.445: : 180it [00:10, 17.52it/s][A

Acc: 0.883, LD: 1.465: : 180it [00:10, 17.52it/s][A

Acc: 0.883, LD: 1.465: : 190it [00:11, 17.52it/s][A

Acc: 0.874, LD: 1.451: : 190it [00:11, 17.52it/s][A

Acc: 0.874, LD: 1.451: : 200it [00:11, 16.86it/s][A

Acc: 0.875, LD: 1.448: : 200it [00:11, 16.86it/s][A

                                                 [A
Processed 200 valid samples.

==================================================
Node Ep 350 Evaluation Summary:
  - Accuracy:              0.8750
  - Logit Difference:      1.4481
  - KL Divergence:         0.1756
  - Exact Match:           0.8800
==================================================

Node pruning:  70%|#######   | 350/500 [1:30:56<44:56, 17.97s/it, KL=0.212, L=9.738, LR=6.26e-03, Sp=13.686, T=0.314]
Node pruning:  70%|#######   | 350/500 [1:31:10<44:56, 17.97s/it, KL=0.169, L=9.701, LR=6.19e-03, Sp=13.686, T=0.236]
Node pruning:  70%|#######   | 351/500 [1:31:10<41:50, 16.85s/it, KL=0.169, L=9.701, LR=6.19e-03, Sp=13.686, T=0.236]
Node pruning:  70%|#######   | 351/500 [1:31:24<41:50, 16.85s/it, KL=0.215, L=9.744, LR=6.11e-03, Sp=13.685, T=0.334]
Node pruning:  70%|#######   | 352/500 [1:31:24<39:47, 16.13s/it, KL=0.215, L=9.744, LR=6.11e-03, Sp=13.685, T=0.334]
Node pruning:  70%|#######   | 352/500 [1:31:39<39:47, 16.13s/it, KL=0.233, L=9.763, LR=6.04e-03, Sp=13.685, T=0.379]
Node pruning:  71%|#######   | 353/500 [1:31:39<38:17, 15.63s/it, KL=0.233, L=9.763, LR=6.04e-03, Sp=13.685, T=0.379]
Node pruning:  71%|#######   | 353/500 [1:31:53<38:17, 15.63s/it, KL=0.157, L=9.691, LR=5.96e-03, Sp=13.684, T=0.215]
Node pruning:  71%|#######   | 354/500 [1:31:53<37:02, 15.22s/it, KL=0.157, L=9.691, LR=5.96e-03, Sp=13.684, T=0.215]
Node pruning:  71%|#######   | 354/500 [1:32:08<37:02, 15.22s/it, KL=0.170, L=9.701, LR=5.89e-03, Sp=13.684, T=0.239]
Node pruning:  71%|#######1  | 355/500 [1:32:08<36:10, 14.97s/it, KL=0.170, L=9.701, LR=5.89e-03, Sp=13.684, T=0.239]
Node pruning:  71%|#######1  | 355/500 [1:32:22<36:10, 14.97s/it, KL=0.174, L=9.705, LR=5.81e-03, Sp=13.683, T=0.248]
Node pruning:  71%|#######1  | 356/500 [1:32:22<35:31, 14.80s/it, KL=0.174, L=9.705, LR=5.81e-03, Sp=13.683, T=0.248]
Node pruning:  71%|#######1  | 356/500 [1:32:36<35:31, 14.80s/it, KL=0.222, L=9.752, LR=5.74e-03, Sp=13.683, T=0.359]
Node pruning:  71%|#######1  | 357/500 [1:32:36<34:54, 14.65s/it, KL=0.222, L=9.752, LR=5.74e-03, Sp=13.683, T=0.359]
Node pruning:  71%|#######1  | 357/500 [1:32:51<34:54, 14.65s/it, KL=0.179, L=9.710, LR=5.67e-03, Sp=13.682, T=0.263]
Node pruning:  72%|#######1  | 358/500 [1:32:51<34:29, 14.57s/it, KL=0.179, L=9.710, LR=5.67e-03, Sp=13.682, T=0.263]
Node pruning:  72%|#######1  | 358/500 [1:33:05<34:29, 14.57s/it, KL=0.147, L=9.676, LR=5.59e-03, Sp=13.682, T=0.181]
Node pruning:  72%|#######1  | 359/500 [1:33:05<34:07, 14.52s/it, KL=0.147, L=9.676, LR=5.59e-03, Sp=13.682, T=0.181]
Node pruning:  72%|#######1  | 359/500 [1:33:19<34:07, 14.52s/it, KL=0.148, L=9.677, LR=5.52e-03, Sp=13.681, T=0.185]
==================================================
  EVALUATING: Node Ep 360
==================================================


Evaluating Node Ep 360:   0%|          | 0/20 [00:00<?, ?it/s][A

Evaluating Node Ep 360:  50%|#####     | 10/20 [00:00<00:00, 14.93it/s][A

Acc: 0.900, LD: 2.237:  50%|#####     | 10/20 [00:00<00:00, 14.93it/s] [A

Acc: 0.900, LD: 2.237: 100%|##########| 20/20 [00:01<00:00, 16.40it/s][A

Acc: 0.950, LD: 2.006: 100%|##########| 20/20 [00:01<00:00, 16.40it/s][A

Acc: 0.950, LD: 2.006: : 30it [00:01, 16.88it/s]                      [A

Acc: 0.967, LD: 1.904: : 30it [00:01, 16.88it/s][A

Acc: 0.967, LD: 1.904: : 40it [00:02, 17.16it/s][A

Acc: 0.950, LD: 1.803: : 40it [00:02, 17.16it/s][A

Acc: 0.950, LD: 1.803: : 50it [00:02, 17.31it/s][A

Acc: 0.940, LD: 1.748: : 50it [00:02, 17.31it/s][A

Acc: 0.940, LD: 1.748: : 60it [00:03, 17.41it/s][A

Acc: 0.950, LD: 1.669: : 60it [00:03, 17.41it/s][A

Acc: 0.950, LD: 1.669: : 70it [00:04, 17.47it/s][A

Acc: 0.943, LD: 1.627: : 70it [00:04, 17.47it/s][A

Acc: 0.943, LD: 1.627: : 80it [00:04, 17.42it/s][A

Acc: 0.925, LD: 1.527: : 80it [00:04, 17.42it/s][A

Acc: 0.925, LD: 1.527: : 90it [00:05, 17.43it/s][A

Acc: 0.911, LD: 1.501: : 90it [00:05, 17.43it/s][A

Acc: 0.911, LD: 1.501: : 100it [00:05, 17.48it/s][A

Acc: 0.920, LD: 1.573: : 100it [00:05, 17.48it/s][A

Acc: 0.920, LD: 1.573: : 110it [00:06, 16.18it/s][A

Acc: 0.918, LD: 1.584: : 110it [00:06, 16.18it/s][A

Acc: 0.918, LD: 1.584: : 120it [00:07, 16.57it/s][A

Acc: 0.908, LD: 1.565: : 120it [00:07, 16.57it/s][A

Acc: 0.908, LD: 1.565: : 130it [00:07, 16.86it/s][A

Acc: 0.900, LD: 1.573: : 130it [00:07, 16.86it/s][A

Acc: 0.900, LD: 1.573: : 140it [00:08, 17.07it/s][A

Acc: 0.900, LD: 1.529: : 140it [00:08, 17.07it/s][A

Acc: 0.900, LD: 1.529: : 150it [00:08, 17.11it/s][A

Acc: 0.893, LD: 1.489: : 150it [00:08, 17.11it/s][A

Acc: 0.893, LD: 1.489: : 160it [00:09, 17.13it/s][A

Acc: 0.894, LD: 1.491: : 160it [00:09, 17.13it/s][A

Acc: 0.894, LD: 1.491: : 170it [00:09, 17.24it/s][A

Acc: 0.888, LD: 1.442: : 170it [00:09, 17.24it/s][A

Acc: 0.888, LD: 1.442: : 180it [00:10, 17.31it/s][A

Acc: 0.883, LD: 1.461: : 180it [00:10, 17.31it/s][A

Acc: 0.883, LD: 1.461: : 190it [00:11, 17.33it/s][A

Acc: 0.874, LD: 1.447: : 190it [00:11, 17.33it/s][A

Acc: 0.874, LD: 1.447: : 200it [00:11, 16.70it/s][A

Acc: 0.875, LD: 1.444: : 200it [00:11, 16.70it/s][A

                                                 [A
Processed 200 valid samples.

==================================================
Node Ep 360 Evaluation Summary:
  - Accuracy:              0.8750
  - Logit Difference:      1.4444
  - KL Divergence:         0.1766
  - Exact Match:           0.8800
==================================================

Node pruning:  72%|#######2  | 360/500 [1:33:31<41:58, 17.99s/it, KL=0.148, L=9.677, LR=5.52e-03, Sp=13.681, T=0.185]
Node pruning:  72%|#######2  | 360/500 [1:33:46<41:58, 17.99s/it, KL=0.177, L=9.710, LR=5.45e-03, Sp=13.681, T=0.268]
Node pruning:  72%|#######2  | 361/500 [1:33:46<39:13, 16.93s/it, KL=0.177, L=9.710, LR=5.45e-03, Sp=13.681, T=0.268]
Node pruning:  72%|#######2  | 361/500 [1:34:00<39:13, 16.93s/it, KL=0.157, L=9.684, LR=5.38e-03, Sp=13.680, T=0.204]
Node pruning:  72%|#######2  | 362/500 [1:34:00<37:18, 16.22s/it, KL=0.157, L=9.684, LR=5.38e-03, Sp=13.680, T=0.204]
Node pruning:  72%|#######2  | 362/500 [1:34:15<37:18, 16.22s/it, KL=0.160, L=9.687, LR=5.31e-03, Sp=13.680, T=0.209]
Node pruning:  73%|#######2  | 363/500 [1:34:15<35:49, 15.69s/it, KL=0.160, L=9.687, LR=5.31e-03, Sp=13.680, T=0.209]
Node pruning:  73%|#######2  | 363/500 [1:34:29<35:49, 15.69s/it, KL=0.200, L=9.730, LR=5.23e-03, Sp=13.679, T=0.316]
Node pruning:  73%|#######2  | 364/500 [1:34:29<34:38, 15.28s/it, KL=0.200, L=9.730, LR=5.23e-03, Sp=13.679, T=0.316]
Node pruning:  73%|#######2  | 364/500 [1:34:43<34:38, 15.28s/it, KL=0.196, L=9.726, LR=5.16e-03, Sp=13.679, T=0.306]
Node pruning:  73%|#######3  | 365/500 [1:34:43<33:47, 15.02s/it, KL=0.196, L=9.726, LR=5.16e-03, Sp=13.679, T=0.306]
Node pruning:  73%|#######3  | 365/500 [1:34:58<33:47, 15.02s/it, KL=0.179, L=9.706, LR=5.09e-03, Sp=13.678, T=0.258]
Node pruning:  73%|#######3  | 366/500 [1:34:58<33:11, 14.86s/it, KL=0.179, L=9.706, LR=5.09e-03, Sp=13.678, T=0.258]
Node pruning:  73%|#######3  | 366/500 [1:35:12<33:11, 14.86s/it, KL=0.186, L=9.718, LR=5.02e-03, Sp=13.678, T=0.291]
Node pruning:  73%|#######3  | 367/500 [1:35:12<32:35, 14.70s/it, KL=0.186, L=9.718, LR=5.02e-03, Sp=13.678, T=0.291]
Node pruning:  73%|#######3  | 367/500 [1:35:27<32:35, 14.70s/it, KL=0.214, L=9.739, LR=4.95e-03, Sp=13.677, T=0.335]
Node pruning:  74%|#######3  | 368/500 [1:35:27<32:09, 14.62s/it, KL=0.214, L=9.739, LR=4.95e-03, Sp=13.677, T=0.335]
Node pruning:  74%|#######3  | 368/500 [1:35:41<32:09, 14.62s/it, KL=0.217, L=9.746, LR=4.88e-03, Sp=13.677, T=0.357]
Node pruning:  74%|#######3  | 369/500 [1:35:41<31:48, 14.57s/it, KL=0.217, L=9.746, LR=4.88e-03, Sp=13.677, T=0.357]
Node pruning:  74%|#######3  | 369/500 [1:35:55<31:48, 14.57s/it, KL=0.207, L=9.729, LR=4.82e-03, Sp=13.677, T=0.312]
==================================================
  EVALUATING: Node Ep 370
==================================================


Evaluating Node Ep 370:   0%|          | 0/20 [00:00<?, ?it/s][A

Evaluating Node Ep 370:  50%|#####     | 10/20 [00:00<00:00, 14.61it/s][A

Acc: 0.900, LD: 2.237:  50%|#####     | 10/20 [00:00<00:00, 14.61it/s] [A

Acc: 0.900, LD: 2.237: 100%|##########| 20/20 [00:01<00:00, 16.24it/s][A

Acc: 0.950, LD: 2.000: 100%|##########| 20/20 [00:01<00:00, 16.24it/s][A

Acc: 0.950, LD: 2.000: : 30it [00:01, 16.84it/s]                      [A

Acc: 0.967, LD: 1.896: : 30it [00:01, 16.84it/s][A

Acc: 0.967, LD: 1.896: : 40it [00:02, 17.13it/s][A

Acc: 0.950, LD: 1.800: : 40it [00:02, 17.13it/s][A

Acc: 0.950, LD: 1.800: : 50it [00:02, 17.30it/s][A

Acc: 0.940, LD: 1.740: : 50it [00:02, 17.30it/s][A

Acc: 0.940, LD: 1.740: : 60it [00:03, 17.39it/s][A

Acc: 0.950, LD: 1.663: : 60it [00:03, 17.39it/s][A

Acc: 0.950, LD: 1.663: : 70it [00:04, 17.45it/s][A

Acc: 0.943, LD: 1.625: : 70it [00:04, 17.45it/s][A

Acc: 0.943, LD: 1.625: : 80it [00:04, 17.50it/s][A

Acc: 0.925, LD: 1.528: : 80it [00:04, 17.50it/s][A

Acc: 0.925, LD: 1.528: : 90it [00:05, 17.54it/s][A

Acc: 0.911, LD: 1.501: : 90it [00:05, 17.54it/s][A

Acc: 0.911, LD: 1.501: : 100it [00:05, 16.60it/s][A

Acc: 0.920, LD: 1.571: : 100it [00:05, 16.60it/s][A

Acc: 0.920, LD: 1.571: : 110it [00:06, 16.90it/s][A

Acc: 0.918, LD: 1.582: : 110it [00:06, 16.90it/s][A

Acc: 0.918, LD: 1.582: : 120it [00:07, 17.10it/s][A

Acc: 0.908, LD: 1.562: : 120it [00:07, 17.10it/s][A

Acc: 0.908, LD: 1.562: : 130it [00:07, 17.25it/s][A

Acc: 0.900, LD: 1.571: : 130it [00:07, 17.25it/s][A

Acc: 0.900, LD: 1.571: : 140it [00:08, 17.35it/s][A

Acc: 0.900, LD: 1.528: : 140it [00:08, 17.35it/s][A

Acc: 0.900, LD: 1.528: : 150it [00:08, 17.42it/s][A

Acc: 0.893, LD: 1.487: : 150it [00:08, 17.42it/s][A

Acc: 0.893, LD: 1.487: : 160it [00:09, 17.46it/s][A

Acc: 0.894, LD: 1.488: : 160it [00:09, 17.46it/s][A

Acc: 0.894, LD: 1.488: : 170it [00:09, 17.41it/s][A

Acc: 0.888, LD: 1.439: : 170it [00:09, 17.41it/s][A

Acc: 0.888, LD: 1.439: : 180it [00:10, 17.45it/s][A

Acc: 0.883, LD: 1.459: : 180it [00:10, 17.45it/s][A

Acc: 0.883, LD: 1.459: : 190it [00:11, 16.57it/s][A

Acc: 0.874, LD: 1.445: : 190it [00:11, 16.57it/s][A

Acc: 0.874, LD: 1.445: : 200it [00:11, 16.82it/s][A

Acc: 0.875, LD: 1.442: : 200it [00:11, 16.82it/s][A

                                                 [A
Processed 200 valid samples.

==================================================
Node Ep 370 Evaluation Summary:
  - Accuracy:              0.8750
  - Logit Difference:      1.4419
  - KL Divergence:         0.1758
  - Exact Match:           0.8800
==================================================

Node pruning:  74%|#######4  | 370/500 [1:36:07<39:02, 18.02s/it, KL=0.207, L=9.729, LR=4.82e-03, Sp=13.677, T=0.312]
Node pruning:  74%|#######4  | 370/500 [1:36:21<39:02, 18.02s/it, KL=0.150, L=9.675, LR=4.75e-03, Sp=13.677, T=0.188]
Node pruning:  74%|#######4  | 371/500 [1:36:21<36:19, 16.90s/it, KL=0.150, L=9.675, LR=4.75e-03, Sp=13.677, T=0.188]
Node pruning:  74%|#######4  | 371/500 [1:36:36<36:19, 16.90s/it, KL=0.168, L=9.696, LR=4.68e-03, Sp=13.676, T=0.241]
Node pruning:  74%|#######4  | 372/500 [1:36:36<34:28, 16.16s/it, KL=0.168, L=9.696, LR=4.68e-03, Sp=13.676, T=0.241]
Node pruning:  74%|#######4  | 372/500 [1:36:50<34:28, 16.16s/it, KL=0.172, L=9.697, LR=4.61e-03, Sp=13.676, T=0.240]
Node pruning:  75%|#######4  | 373/500 [1:36:50<33:11, 15.68s/it, KL=0.172, L=9.697, LR=4.61e-03, Sp=13.676, T=0.240]
Node pruning:  75%|#######4  | 373/500 [1:37:05<33:11, 15.68s/it, KL=0.150, L=9.674, LR=4.55e-03, Sp=13.675, T=0.187]
Node pruning:  75%|#######4  | 374/500 [1:37:05<32:02, 15.26s/it, KL=0.150, L=9.674, LR=4.55e-03, Sp=13.675, T=0.187]
Node pruning:  75%|#######4  | 374/500 [1:37:19<32:02, 15.26s/it, KL=0.201, L=9.725, LR=4.48e-03, Sp=13.675, T=0.308]
Node pruning:  75%|#######5  | 375/500 [1:37:19<31:15, 15.01s/it, KL=0.201, L=9.725, LR=4.48e-03, Sp=13.675, T=0.308]
Node pruning:  75%|#######5  | 375/500 [1:37:33<31:15, 15.01s/it, KL=0.228, L=9.745, LR=4.41e-03, Sp=13.674, T=0.350]
Node pruning:  75%|#######5  | 376/500 [1:37:33<30:40, 14.84s/it, KL=0.228, L=9.745, LR=4.41e-03, Sp=13.674, T=0.350]
Node pruning:  75%|#######5  | 376/500 [1:37:48<30:40, 14.84s/it, KL=0.210, L=9.735, LR=4.35e-03, Sp=13.674, T=0.332]
Node pruning:  75%|#######5  | 377/500 [1:37:48<30:08, 14.70s/it, KL=0.210, L=9.735, LR=4.35e-03, Sp=13.674, T=0.332]
Node pruning:  75%|#######5  | 377/500 [1:38:02<30:08, 14.70s/it, KL=0.246, L=9.766, LR=4.28e-03, Sp=13.674, T=0.401]
Node pruning:  76%|#######5  | 378/500 [1:38:02<29:43, 14.62s/it, KL=0.246, L=9.766, LR=4.28e-03, Sp=13.674, T=0.401]
Node pruning:  76%|#######5  | 378/500 [1:38:17<29:43, 14.62s/it, KL=0.185, L=9.710, LR=4.22e-03, Sp=13.674, T=0.275]
Node pruning:  76%|#######5  | 379/500 [1:38:17<29:24, 14.58s/it, KL=0.185, L=9.710, LR=4.22e-03, Sp=13.674, T=0.275]
Node pruning:  76%|#######5  | 379/500 [1:38:31<29:24, 14.58s/it, KL=0.175, L=9.701, LR=4.15e-03, Sp=13.673, T=0.256]
==================================================
  EVALUATING: Node Ep 380
==================================================


Evaluating Node Ep 380:   0%|          | 0/20 [00:00<?, ?it/s][A

Evaluating Node Ep 380:  50%|#####     | 10/20 [00:00<00:00, 17.70it/s][A

Acc: 0.900, LD: 2.225:  50%|#####     | 10/20 [00:00<00:00, 17.70it/s] [A

Acc: 0.900, LD: 2.225: 100%|##########| 20/20 [00:01<00:00, 17.60it/s][A

Acc: 0.950, LD: 1.994: 100%|##########| 20/20 [00:01<00:00, 17.60it/s][A

Acc: 0.950, LD: 1.994: : 30it [00:01, 17.54it/s]                      [A

Acc: 0.967, LD: 1.887: : 30it [00:01, 17.54it/s][A

Acc: 0.967, LD: 1.887: : 40it [00:02, 17.56it/s][A

Acc: 0.950, LD: 1.791: : 40it [00:02, 17.56it/s][A

Acc: 0.950, LD: 1.791: : 50it [00:02, 17.56it/s][A

Acc: 0.940, LD: 1.735: : 50it [00:02, 17.56it/s][A

Acc: 0.940, LD: 1.735: : 60it [00:03, 17.56it/s][A

Acc: 0.950, LD: 1.658: : 60it [00:03, 17.56it/s][A

Acc: 0.950, LD: 1.658: : 70it [00:03, 17.57it/s][A

Acc: 0.943, LD: 1.620: : 70it [00:03, 17.57it/s][A

Acc: 0.943, LD: 1.620: : 80it [00:04, 17.59it/s][A

Acc: 0.925, LD: 1.523: : 80it [00:04, 17.59it/s][A

Acc: 0.925, LD: 1.523: : 90it [00:05, 16.67it/s][A

Acc: 0.911, LD: 1.497: : 90it [00:05, 16.67it/s][A

Acc: 0.911, LD: 1.497: : 100it [00:05, 16.97it/s][A

Acc: 0.920, LD: 1.569: : 100it [00:05, 16.97it/s][A

Acc: 0.920, LD: 1.569: : 110it [00:06, 17.17it/s][A

Acc: 0.918, LD: 1.580: : 110it [00:06, 17.17it/s][A

Acc: 0.918, LD: 1.580: : 120it [00:06, 17.30it/s][A

Acc: 0.908, LD: 1.561: : 120it [00:06, 17.30it/s][A

Acc: 0.908, LD: 1.561: : 130it [00:07, 17.39it/s][A

Acc: 0.900, LD: 1.569: : 130it [00:07, 17.39it/s][A

Acc: 0.900, LD: 1.569: : 140it [00:08, 17.45it/s][A

Acc: 0.900, LD: 1.526: : 140it [00:08, 17.45it/s][A

Acc: 0.900, LD: 1.526: : 150it [00:08, 17.48it/s][A

Acc: 0.893, LD: 1.486: : 150it [00:08, 17.48it/s][A

Acc: 0.893, LD: 1.486: : 160it [00:09, 17.51it/s][A

Acc: 0.894, LD: 1.488: : 160it [00:09, 17.51it/s][A

Acc: 0.894, LD: 1.488: : 170it [00:09, 17.52it/s][A

Acc: 0.888, LD: 1.440: : 170it [00:09, 17.52it/s][A

Acc: 0.888, LD: 1.440: : 180it [00:10, 16.65it/s][A

Acc: 0.883, LD: 1.460: : 180it [00:10, 16.65it/s][A

Acc: 0.883, LD: 1.460: : 190it [00:11, 16.93it/s][A

Acc: 0.874, LD: 1.445: : 190it [00:11, 16.93it/s][A

Acc: 0.874, LD: 1.445: : 200it [00:11, 17.10it/s][A

Acc: 0.875, LD: 1.443: : 200it [00:11, 17.10it/s][A

                                                 [A
Processed 200 valid samples.

==================================================
Node Ep 380 Evaluation Summary:
  - Accuracy:              0.8750
  - Logit Difference:      1.4431
  - KL Divergence:         0.1761
  - Exact Match:           0.8800
==================================================

Node pruning:  76%|#######6  | 380/500 [1:38:43<36:01, 18.01s/it, KL=0.175, L=9.701, LR=4.15e-03, Sp=13.673, T=0.256]
Node pruning:  76%|#######6  | 380/500 [1:38:57<36:01, 18.01s/it, KL=0.159, L=9.683, LR=4.09e-03, Sp=13.673, T=0.214]
Node pruning:  76%|#######6  | 381/500 [1:38:57<33:31, 16.91s/it, KL=0.159, L=9.683, LR=4.09e-03, Sp=13.673, T=0.214]
Node pruning:  76%|#######6  | 381/500 [1:39:12<33:31, 16.91s/it, KL=0.246, L=9.773, LR=4.02e-03, Sp=13.673, T=0.429]
Node pruning:  76%|#######6  | 382/500 [1:39:12<31:46, 16.15s/it, KL=0.246, L=9.773, LR=4.02e-03, Sp=13.673, T=0.429]
Node pruning:  76%|#######6  | 382/500 [1:39:26<31:46, 16.15s/it, KL=0.183, L=9.707, LR=3.96e-03, Sp=13.672, T=0.272]
Node pruning:  77%|#######6  | 383/500 [1:39:26<30:31, 15.66s/it, KL=0.183, L=9.707, LR=3.96e-03, Sp=13.672, T=0.272]
Node pruning:  77%|#######6  | 383/500 [1:39:41<30:31, 15.66s/it, KL=0.160, L=9.682, LR=3.90e-03, Sp=13.672, T=0.211]
Node pruning:  77%|#######6  | 384/500 [1:39:41<29:35, 15.31s/it, KL=0.160, L=9.682, LR=3.90e-03, Sp=13.672, T=0.211]
Node pruning:  77%|#######6  | 384/500 [1:39:55<29:35, 15.31s/it, KL=0.197, L=9.721, LR=3.84e-03, Sp=13.672, T=0.307]
Node pruning:  77%|#######7  | 385/500 [1:39:55<28:46, 15.01s/it, KL=0.197, L=9.721, LR=3.84e-03, Sp=13.672, T=0.307]
Node pruning:  77%|#######7  | 385/500 [1:40:09<28:46, 15.01s/it, KL=0.169, L=9.692, LR=3.77e-03, Sp=13.671, T=0.238]
Node pruning:  77%|#######7  | 386/500 [1:40:09<28:12, 14.84s/it, KL=0.169, L=9.692, LR=3.77e-03, Sp=13.671, T=0.238]
Node pruning:  77%|#######7  | 386/500 [1:40:24<28:12, 14.84s/it, KL=0.184, L=9.703, LR=3.71e-03, Sp=13.671, T=0.262]
Node pruning:  77%|#######7  | 387/500 [1:40:24<27:45, 14.73s/it, KL=0.184, L=9.703, LR=3.71e-03, Sp=13.671, T=0.262]
Node pruning:  77%|#######7  | 387/500 [1:40:38<27:45, 14.73s/it, KL=0.154, L=9.677, LR=3.65e-03, Sp=13.670, T=0.205]
Node pruning:  78%|#######7  | 388/500 [1:40:38<27:16, 14.61s/it, KL=0.154, L=9.677, LR=3.65e-03, Sp=13.670, T=0.205]
Node pruning:  78%|#######7  | 388/500 [1:40:52<27:16, 14.61s/it, KL=0.202, L=9.725, LR=3.59e-03, Sp=13.670, T=0.318]
Node pruning:  78%|#######7  | 389/500 [1:40:52<26:54, 14.54s/it, KL=0.202, L=9.725, LR=3.59e-03, Sp=13.670, T=0.318]
Node pruning:  78%|#######7  | 389/500 [1:41:07<26:54, 14.54s/it, KL=0.175, L=9.700, LR=3.53e-03, Sp=13.670, T=0.264]
==================================================
  EVALUATING: Node Ep 390
==================================================


Evaluating Node Ep 390:   0%|          | 0/20 [00:00<?, ?it/s][A

Evaluating Node Ep 390:  50%|#####     | 10/20 [00:00<00:00, 17.69it/s][A

Acc: 0.900, LD: 2.263:  50%|#####     | 10/20 [00:00<00:00, 17.69it/s] [A

Acc: 0.900, LD: 2.263: 100%|##########| 20/20 [00:01<00:00, 17.57it/s][A

Acc: 0.950, LD: 2.013: 100%|##########| 20/20 [00:01<00:00, 17.57it/s][A

Acc: 0.950, LD: 2.013: : 30it [00:01, 17.55it/s]                      [A

Acc: 0.967, LD: 1.904: : 30it [00:01, 17.55it/s][A

Acc: 0.967, LD: 1.904: : 40it [00:02, 17.56it/s][A

Acc: 0.950, LD: 1.806: : 40it [00:02, 17.56it/s][A

Acc: 0.950, LD: 1.806: : 50it [00:02, 17.54it/s][A

Acc: 0.940, LD: 1.748: : 50it [00:02, 17.54it/s][A

Acc: 0.940, LD: 1.748: : 60it [00:03, 17.55it/s][A

Acc: 0.950, LD: 1.669: : 60it [00:03, 17.55it/s][A

Acc: 0.950, LD: 1.669: : 70it [00:03, 17.56it/s][A

Acc: 0.943, LD: 1.625: : 70it [00:03, 17.56it/s][A

Acc: 0.943, LD: 1.625: : 80it [00:04, 16.62it/s][A

Acc: 0.925, LD: 1.528: : 80it [00:04, 16.62it/s][A

Acc: 0.925, LD: 1.528: : 90it [00:05, 16.92it/s][A

Acc: 0.911, LD: 1.501: : 90it [00:05, 16.92it/s][A

Acc: 0.911, LD: 1.501: : 100it [00:05, 17.12it/s][A

Acc: 0.920, LD: 1.571: : 100it [00:05, 17.12it/s][A

Acc: 0.920, LD: 1.571: : 110it [00:06, 17.26it/s][A

Acc: 0.918, LD: 1.581: : 110it [00:06, 17.26it/s][A

Acc: 0.918, LD: 1.581: : 120it [00:06, 17.35it/s][A

Acc: 0.908, LD: 1.561: : 120it [00:06, 17.35it/s][A

Acc: 0.908, LD: 1.561: : 130it [00:07, 17.34it/s][A

Acc: 0.900, LD: 1.569: : 130it [00:07, 17.34it/s][A

Acc: 0.900, LD: 1.569: : 140it [00:08, 17.34it/s][A

Acc: 0.900, LD: 1.526: : 140it [00:08, 17.34it/s][A

Acc: 0.900, LD: 1.526: : 150it [00:08, 17.41it/s][A

Acc: 0.893, LD: 1.487: : 150it [00:08, 17.41it/s][A

Acc: 0.893, LD: 1.487: : 160it [00:09, 17.46it/s][A

Acc: 0.894, LD: 1.489: : 160it [00:09, 17.46it/s][A

Acc: 0.894, LD: 1.489: : 170it [00:09, 16.62it/s][A

Acc: 0.888, LD: 1.440: : 170it [00:09, 16.62it/s][A

Acc: 0.888, LD: 1.440: : 180it [00:10, 16.90it/s][A

Acc: 0.883, LD: 1.460: : 180it [00:10, 16.90it/s][A

Acc: 0.883, LD: 1.460: : 190it [00:11, 17.10it/s][A

Acc: 0.874, LD: 1.446: : 190it [00:11, 17.10it/s][A

Acc: 0.874, LD: 1.446: : 200it [00:11, 17.16it/s][A

Acc: 0.875, LD: 1.444: : 200it [00:11, 17.16it/s][A

                                                 [A
Processed 200 valid samples.

==================================================
Node Ep 390 Evaluation Summary:
  - Accuracy:              0.8750
  - Logit Difference:      1.4438
  - KL Divergence:         0.1766
  - Exact Match:           0.8800
==================================================

Node pruning:  78%|#######8  | 390/500 [1:41:18<32:58, 17.99s/it, KL=0.175, L=9.700, LR=3.53e-03, Sp=13.670, T=0.264]
Node pruning:  78%|#######8  | 390/500 [1:41:33<32:58, 17.99s/it, KL=0.175, L=9.697, LR=3.47e-03, Sp=13.669, T=0.252]
Node pruning:  78%|#######8  | 391/500 [1:41:33<30:46, 16.94s/it, KL=0.175, L=9.697, LR=3.47e-03, Sp=13.669, T=0.252]
Node pruning:  78%|#######8  | 391/500 [1:41:47<30:46, 16.94s/it, KL=0.175, L=9.695, LR=3.41e-03, Sp=13.669, T=0.248]
Node pruning:  78%|#######8  | 392/500 [1:41:47<29:03, 16.15s/it, KL=0.175, L=9.695, LR=3.41e-03, Sp=13.669, T=0.248]
Node pruning:  78%|#######8  | 392/500 [1:42:02<29:03, 16.15s/it, KL=0.183, L=9.704, LR=3.35e-03, Sp=13.669, T=0.270]
Node pruning:  79%|#######8  | 393/500 [1:42:02<27:52, 15.63s/it, KL=0.183, L=9.704, LR=3.35e-03, Sp=13.669, T=0.270]
Node pruning:  79%|#######8  | 393/500 [1:42:16<27:52, 15.63s/it, KL=0.298, L=9.812, LR=3.29e-03, Sp=13.669, T=0.515]
Node pruning:  79%|#######8  | 394/500 [1:42:16<26:57, 15.26s/it, KL=0.298, L=9.812, LR=3.29e-03, Sp=13.669, T=0.515]
Node pruning:  79%|#######8  | 394/500 [1:42:31<26:57, 15.26s/it, KL=0.223, L=9.738, LR=3.24e-03, Sp=13.668, T=0.344]
Node pruning:  79%|#######9  | 395/500 [1:42:31<26:16, 15.02s/it, KL=0.223, L=9.738, LR=3.24e-03, Sp=13.668, T=0.344]
Node pruning:  79%|#######9  | 395/500 [1:42:45<26:16, 15.02s/it, KL=0.214, L=9.740, LR=3.18e-03, Sp=13.668, T=0.359]
Node pruning:  79%|#######9  | 396/500 [1:42:45<25:44, 14.85s/it, KL=0.214, L=9.740, LR=3.18e-03, Sp=13.668, T=0.359]
Node pruning:  79%|#######9  | 396/500 [1:43:00<25:44, 14.85s/it, KL=0.172, L=9.692, LR=3.12e-03, Sp=13.668, T=0.241]
Node pruning:  79%|#######9  | 397/500 [1:43:00<25:18, 14.74s/it, KL=0.172, L=9.692, LR=3.12e-03, Sp=13.668, T=0.241]
Node pruning:  79%|#######9  | 397/500 [1:43:14<25:18, 14.74s/it, KL=0.192, L=9.714, LR=3.07e-03, Sp=13.668, T=0.298]
Node pruning:  80%|#######9  | 398/500 [1:43:14<24:50, 14.61s/it, KL=0.192, L=9.714, LR=3.07e-03, Sp=13.668, T=0.298]
Node pruning:  80%|#######9  | 398/500 [1:43:28<24:50, 14.61s/it, KL=0.219, L=9.737, LR=3.01e-03, Sp=13.667, T=0.348]
Node pruning:  80%|#######9  | 399/500 [1:43:28<24:30, 14.56s/it, KL=0.219, L=9.737, LR=3.01e-03, Sp=13.667, T=0.348]
Node pruning:  80%|#######9  | 399/500 [1:43:43<24:30, 14.56s/it, KL=0.223, L=9.735, LR=2.96e-03, Sp=13.667, T=0.338]
==================================================
  EVALUATING: Node Ep 400
==================================================


Evaluating Node Ep 400:   0%|          | 0/20 [00:00<?, ?it/s][A

Evaluating Node Ep 400:  50%|#####     | 10/20 [00:00<00:00, 17.66it/s][A

Acc: 0.900, LD: 2.263:  50%|#####     | 10/20 [00:00<00:00, 17.66it/s] [A

Acc: 0.900, LD: 2.263: 100%|##########| 20/20 [00:01<00:00, 17.63it/s][A

Acc: 0.950, LD: 2.013: 100%|##########| 20/20 [00:01<00:00, 17.63it/s][A

Acc: 0.950, LD: 2.013: : 30it [00:01, 17.53it/s]                      [A

Acc: 0.967, LD: 1.904: : 30it [00:01, 17.53it/s][A

Acc: 0.967, LD: 1.904: : 40it [00:02, 17.54it/s][A

Acc: 0.950, LD: 1.806: : 40it [00:02, 17.54it/s][A

Acc: 0.950, LD: 1.806: : 50it [00:02, 17.50it/s][A

Acc: 0.940, LD: 1.748: : 50it [00:02, 17.50it/s][A

Acc: 0.940, LD: 1.748: : 60it [00:03, 16.50it/s][A

Acc: 0.950, LD: 1.667: : 60it [00:03, 16.50it/s][A

Acc: 0.950, LD: 1.667: : 70it [00:04, 16.86it/s][A

Acc: 0.943, LD: 1.623: : 70it [00:04, 16.86it/s][A

Acc: 0.943, LD: 1.623: : 80it [00:04, 17.07it/s][A

Acc: 0.925, LD: 1.525: : 80it [00:04, 17.07it/s][A

Acc: 0.925, LD: 1.525: : 90it [00:05, 17.24it/s][A

Acc: 0.911, LD: 1.500: : 90it [00:05, 17.24it/s][A

Acc: 0.911, LD: 1.500: : 100it [00:05, 17.34it/s][A

Acc: 0.920, LD: 1.570: : 100it [00:05, 17.34it/s][A

Acc: 0.920, LD: 1.570: : 110it [00:06, 17.42it/s][A

Acc: 0.918, LD: 1.581: : 110it [00:06, 17.42it/s][A

Acc: 0.918, LD: 1.581: : 120it [00:06, 17.45it/s][A

Acc: 0.908, LD: 1.561: : 120it [00:06, 17.45it/s][A

Acc: 0.908, LD: 1.561: : 130it [00:07, 17.49it/s][A

Acc: 0.900, LD: 1.569: : 130it [00:07, 17.49it/s][A

Acc: 0.900, LD: 1.569: : 140it [00:08, 17.50it/s][A

Acc: 0.900, LD: 1.526: : 140it [00:08, 17.50it/s][A

Acc: 0.900, LD: 1.526: : 150it [00:08, 17.52it/s][A

Acc: 0.893, LD: 1.486: : 150it [00:08, 17.52it/s][A

Acc: 0.893, LD: 1.486: : 160it [00:09, 16.88it/s][A

Acc: 0.894, LD: 1.488: : 160it [00:09, 16.88it/s][A

Acc: 0.894, LD: 1.488: : 170it [00:09, 17.08it/s][A

Acc: 0.888, LD: 1.439: : 170it [00:09, 17.08it/s][A

Acc: 0.888, LD: 1.439: : 180it [00:10, 17.23it/s][A

Acc: 0.883, LD: 1.459: : 180it [00:10, 17.23it/s][A

Acc: 0.883, LD: 1.459: : 190it [00:10, 17.31it/s][A

Acc: 0.874, LD: 1.445: : 190it [00:10, 17.31it/s][A

Acc: 0.874, LD: 1.445: : 200it [00:11, 17.40it/s][A

Acc: 0.875, LD: 1.442: : 200it [00:11, 17.40it/s][A

                                                 [A
Processed 200 valid samples.

==================================================
Node Ep 400 Evaluation Summary:
  - Accuracy:              0.8750
  - Logit Difference:      1.4425
  - KL Divergence:         0.1770
  - Exact Match:           0.8800
==================================================

Node pruning:  80%|########  | 400/500 [1:43:54<30:02, 18.02s/it, KL=0.223, L=9.735, LR=2.96e-03, Sp=13.667, T=0.338]
Node pruning:  80%|########  | 400/500 [1:44:09<30:02, 18.02s/it, KL=0.212, L=9.734, LR=2.90e-03, Sp=13.667, T=0.344]
Node pruning:  80%|########  | 401/500 [1:44:09<27:56, 16.94s/it, KL=0.212, L=9.734, LR=2.90e-03, Sp=13.667, T=0.344]
Node pruning:  80%|########  | 401/500 [1:44:23<27:56, 16.94s/it, KL=0.165, L=9.681, LR=2.85e-03, Sp=13.667, T=0.217]
Node pruning:  80%|########  | 402/500 [1:44:23<26:22, 16.15s/it, KL=0.165, L=9.681, LR=2.85e-03, Sp=13.667, T=0.217]
Node pruning:  80%|########  | 402/500 [1:44:38<26:22, 16.15s/it, KL=0.172, L=9.692, LR=2.79e-03, Sp=13.666, T=0.248]
Node pruning:  81%|########  | 403/500 [1:44:38<25:22, 15.69s/it, KL=0.172, L=9.692, LR=2.79e-03, Sp=13.666, T=0.248]
Node pruning:  81%|########  | 403/500 [1:44:52<25:22, 15.69s/it, KL=0.173, L=9.691, LR=2.74e-03, Sp=13.666, T=0.243]
Node pruning:  81%|########  | 404/500 [1:44:52<24:30, 15.32s/it, KL=0.173, L=9.691, LR=2.74e-03, Sp=13.666, T=0.243]
Node pruning:  81%|########  | 404/500 [1:45:07<24:30, 15.32s/it, KL=0.220, L=9.729, LR=2.69e-03, Sp=13.666, T=0.324]
Node pruning:  81%|########1 | 405/500 [1:45:07<23:51, 15.06s/it, KL=0.220, L=9.729, LR=2.69e-03, Sp=13.666, T=0.324]
Node pruning:  81%|########1 | 405/500 [1:45:21<23:51, 15.06s/it, KL=0.149, L=9.666, LR=2.63e-03, Sp=13.665, T=0.186]
Node pruning:  81%|########1 | 406/500 [1:45:21<23:14, 14.83s/it, KL=0.149, L=9.666, LR=2.63e-03, Sp=13.665, T=0.186]
Node pruning:  81%|########1 | 406/500 [1:45:35<23:14, 14.83s/it, KL=0.241, L=9.757, LR=2.58e-03, Sp=13.665, T=0.397]
Node pruning:  81%|########1 | 407/500 [1:45:35<22:46, 14.69s/it, KL=0.241, L=9.757, LR=2.58e-03, Sp=13.665, T=0.397]
Node pruning:  81%|########1 | 407/500 [1:45:50<22:46, 14.69s/it, KL=0.176, L=9.694, LR=2.53e-03, Sp=13.665, T=0.252]
Node pruning:  82%|########1 | 408/500 [1:45:50<22:23, 14.61s/it, KL=0.176, L=9.694, LR=2.53e-03, Sp=13.665, T=0.252]
Node pruning:  82%|########1 | 408/500 [1:46:04<22:23, 14.61s/it, KL=0.170, L=9.688, LR=2.48e-03, Sp=13.665, T=0.241]
Node pruning:  82%|########1 | 409/500 [1:46:04<21:59, 14.50s/it, KL=0.170, L=9.688, LR=2.48e-03, Sp=13.665, T=0.241]
Node pruning:  82%|########1 | 409/500 [1:46:18<21:59, 14.50s/it, KL=0.160, L=9.678, LR=2.43e-03, Sp=13.664, T=0.215]
==================================================
  EVALUATING: Node Ep 410
==================================================


Evaluating Node Ep 410:   0%|          | 0/20 [00:00<?, ?it/s][A

Evaluating Node Ep 410:  50%|#####     | 10/20 [00:00<00:00, 17.64it/s][A

Acc: 0.900, LD: 2.225:  50%|#####     | 10/20 [00:00<00:00, 17.64it/s] [A

Acc: 0.900, LD: 2.225: 100%|##########| 20/20 [00:01<00:00, 17.24it/s][A

Acc: 0.950, LD: 1.994: 100%|##########| 20/20 [00:01<00:00, 17.24it/s][A

Acc: 0.950, LD: 1.994: : 30it [00:01, 17.38it/s]                      [A

Acc: 0.967, LD: 1.896: : 30it [00:01, 17.38it/s][A

Acc: 0.967, LD: 1.896: : 40it [00:02, 17.40it/s][A

Acc: 0.950, LD: 1.800: : 40it [00:02, 17.40it/s][A

Acc: 0.950, LD: 1.800: : 50it [00:02, 17.44it/s][A

Acc: 0.940, LD: 1.742: : 50it [00:02, 17.44it/s][A

Acc: 0.940, LD: 1.742: : 60it [00:03, 16.69it/s][A

Acc: 0.950, LD: 1.663: : 60it [00:03, 16.69it/s][A

Acc: 0.950, LD: 1.663: : 70it [00:04, 16.96it/s][A

Acc: 0.943, LD: 1.621: : 70it [00:04, 16.96it/s][A

Acc: 0.943, LD: 1.621: : 80it [00:04, 17.15it/s][A

Acc: 0.925, LD: 1.523: : 80it [00:04, 17.15it/s][A

Acc: 0.925, LD: 1.523: : 90it [00:05, 17.28it/s][A

Acc: 0.911, LD: 1.497: : 90it [00:05, 17.28it/s][A

Acc: 0.911, LD: 1.497: : 100it [00:05, 17.36it/s][A

Acc: 0.920, LD: 1.567: : 100it [00:05, 17.36it/s][A

Acc: 0.920, LD: 1.567: : 110it [00:06, 17.42it/s][A

Acc: 0.918, LD: 1.577: : 110it [00:06, 17.42it/s][A

Acc: 0.918, LD: 1.577: : 120it [00:06, 17.46it/s][A

Acc: 0.908, LD: 1.558: : 120it [00:06, 17.46it/s][A

Acc: 0.908, LD: 1.558: : 130it [00:07, 17.49it/s][A

Acc: 0.900, LD: 1.567: : 130it [00:07, 17.49it/s][A

Acc: 0.900, LD: 1.567: : 140it [00:08, 17.51it/s][A

Acc: 0.900, LD: 1.524: : 140it [00:08, 17.51it/s][A

Acc: 0.900, LD: 1.524: : 150it [00:08, 16.63it/s][A

Acc: 0.893, LD: 1.484: : 150it [00:08, 16.63it/s][A

Acc: 0.893, LD: 1.484: : 160it [00:09, 16.91it/s][A

Acc: 0.894, LD: 1.487: : 160it [00:09, 16.91it/s][A

Acc: 0.894, LD: 1.487: : 170it [00:09, 17.10it/s][A

Acc: 0.888, LD: 1.438: : 170it [00:09, 17.10it/s][A

Acc: 0.888, LD: 1.438: : 180it [00:10, 17.22it/s][A

Acc: 0.883, LD: 1.458: : 180it [00:10, 17.22it/s][A

Acc: 0.883, LD: 1.458: : 190it [00:11, 17.31it/s][A

Acc: 0.874, LD: 1.444: : 190it [00:11, 17.31it/s][A

Acc: 0.874, LD: 1.444: : 200it [00:11, 17.35it/s][A

Acc: 0.875, LD: 1.442: : 200it [00:11, 17.35it/s][A

                                                 [A
Processed 200 valid samples.

==================================================
Node Ep 410 Evaluation Summary:
  - Accuracy:              0.8750
  - Logit Difference:      1.4419
  - KL Divergence:         0.1768
  - Exact Match:           0.8800
==================================================

Node pruning:  82%|########2 | 410/500 [1:46:30<26:55, 17.95s/it, KL=0.160, L=9.678, LR=2.43e-03, Sp=13.664, T=0.215]
Node pruning:  82%|########2 | 410/500 [1:46:44<26:55, 17.95s/it, KL=0.172, L=9.690, LR=2.38e-03, Sp=13.664, T=0.244]
Node pruning:  82%|########2 | 411/500 [1:46:44<25:02, 16.88s/it, KL=0.172, L=9.690, LR=2.38e-03, Sp=13.664, T=0.244]
Node pruning:  82%|########2 | 411/500 [1:46:59<25:02, 16.88s/it, KL=0.182, L=9.700, LR=2.33e-03, Sp=13.664, T=0.268]
Node pruning:  82%|########2 | 412/500 [1:46:59<23:38, 16.11s/it, KL=0.182, L=9.700, LR=2.33e-03, Sp=13.664, T=0.268]
Node pruning:  82%|########2 | 412/500 [1:47:13<23:38, 16.11s/it, KL=0.149, L=9.665, LR=2.28e-03, Sp=13.664, T=0.187]
Node pruning:  83%|########2 | 413/500 [1:47:13<22:38, 15.62s/it, KL=0.149, L=9.665, LR=2.28e-03, Sp=13.664, T=0.187]
Node pruning:  83%|########2 | 413/500 [1:47:28<22:38, 15.62s/it, KL=0.231, L=9.741, LR=2.23e-03, Sp=13.663, T=0.357]
Node pruning:  83%|########2 | 414/500 [1:47:28<21:53, 15.27s/it, KL=0.231, L=9.741, LR=2.23e-03, Sp=13.663, T=0.357]
Node pruning:  83%|########2 | 414/500 [1:47:42<21:53, 15.27s/it, KL=0.232, L=9.748, LR=2.18e-03, Sp=13.663, T=0.379]
Node pruning:  83%|########2 | 415/500 [1:47:42<21:16, 15.02s/it, KL=0.232, L=9.748, LR=2.18e-03, Sp=13.663, T=0.379]
Node pruning:  83%|########2 | 415/500 [1:47:56<21:16, 15.02s/it, KL=0.219, L=9.736, LR=2.13e-03, Sp=13.663, T=0.353]
Node pruning:  83%|########3 | 416/500 [1:47:56<20:43, 14.80s/it, KL=0.219, L=9.736, LR=2.13e-03, Sp=13.663, T=0.353]
Node pruning:  83%|########3 | 416/500 [1:48:11<20:43, 14.80s/it, KL=0.151, L=9.666, LR=2.09e-03, Sp=13.663, T=0.190]
Node pruning:  83%|########3 | 417/500 [1:48:11<20:18, 14.68s/it, KL=0.151, L=9.666, LR=2.09e-03, Sp=13.663, T=0.190]
Node pruning:  83%|########3 | 417/500 [1:48:25<20:18, 14.68s/it, KL=0.170, L=9.686, LR=2.04e-03, Sp=13.663, T=0.237]
Node pruning:  84%|########3 | 418/500 [1:48:25<19:57, 14.61s/it, KL=0.170, L=9.686, LR=2.04e-03, Sp=13.663, T=0.237]
Node pruning:  84%|########3 | 418/500 [1:48:39<19:57, 14.61s/it, KL=0.236, L=9.750, LR=1.99e-03, Sp=13.662, T=0.384]
Node pruning:  84%|########3 | 419/500 [1:48:39<19:35, 14.51s/it, KL=0.236, L=9.750, LR=1.99e-03, Sp=13.662, T=0.384]
Node pruning:  84%|########3 | 419/500 [1:48:54<19:35, 14.51s/it, KL=0.190, L=9.708, LR=1.95e-03, Sp=13.662, T=0.291]
==================================================
  EVALUATING: Node Ep 420
==================================================


Evaluating Node Ep 420:   0%|          | 0/20 [00:00<?, ?it/s][A

Evaluating Node Ep 420:  50%|#####     | 10/20 [00:00<00:00, 17.48it/s][A

Acc: 0.900, LD: 2.237:  50%|#####     | 10/20 [00:00<00:00, 17.48it/s] [A

Acc: 0.900, LD: 2.237: 100%|##########| 20/20 [00:01<00:00, 17.36it/s][A

Acc: 0.950, LD: 2.000: 100%|##########| 20/20 [00:01<00:00, 17.36it/s][A

Acc: 0.950, LD: 2.000: : 30it [00:01, 17.35it/s]                      [A

Acc: 0.967, LD: 1.900: : 30it [00:01, 17.35it/s][A

Acc: 0.967, LD: 1.900: : 40it [00:02, 17.44it/s][A

Acc: 0.950, LD: 1.806: : 40it [00:02, 17.44it/s][A

Acc: 0.950, LD: 1.806: : 50it [00:02, 16.35it/s][A

Acc: 0.940, LD: 1.748: : 50it [00:02, 16.35it/s][A

Acc: 0.940, LD: 1.748: : 60it [00:03, 16.78it/s][A

Acc: 0.950, LD: 1.667: : 60it [00:03, 16.78it/s][A

Acc: 0.950, LD: 1.667: : 70it [00:04, 17.04it/s][A

Acc: 0.943, LD: 1.627: : 70it [00:04, 17.04it/s][A

Acc: 0.943, LD: 1.627: : 80it [00:04, 17.21it/s][A

Acc: 0.925, LD: 1.527: : 80it [00:04, 17.21it/s][A

Acc: 0.925, LD: 1.527: : 90it [00:05, 17.33it/s][A

Acc: 0.911, LD: 1.501: : 90it [00:05, 17.33it/s][A

Acc: 0.911, LD: 1.501: : 100it [00:05, 17.41it/s][A

Acc: 0.920, LD: 1.571: : 100it [00:05, 17.41it/s][A

Acc: 0.920, LD: 1.571: : 110it [00:06, 17.47it/s][A

Acc: 0.918, LD: 1.582: : 110it [00:06, 17.47it/s][A

Acc: 0.918, LD: 1.582: : 120it [00:06, 17.50it/s][A

Acc: 0.908, LD: 1.561: : 120it [00:06, 17.50it/s][A

Acc: 0.908, LD: 1.561: : 130it [00:07, 17.51it/s][A

Acc: 0.900, LD: 1.569: : 130it [00:07, 17.51it/s][A

Acc: 0.900, LD: 1.569: : 140it [00:08, 16.62it/s][A

Acc: 0.900, LD: 1.526: : 140it [00:08, 16.62it/s][A

Acc: 0.900, LD: 1.526: : 150it [00:08, 16.88it/s][A

Acc: 0.893, LD: 1.487: : 150it [00:08, 16.88it/s][A

Acc: 0.893, LD: 1.487: : 160it [00:09, 17.09it/s][A

Acc: 0.894, LD: 1.488: : 160it [00:09, 17.09it/s][A

Acc: 0.894, LD: 1.488: : 170it [00:09, 17.23it/s][A

Acc: 0.888, LD: 1.439: : 170it [00:09, 17.23it/s][A

Acc: 0.888, LD: 1.439: : 180it [00:10, 17.26it/s][A

Acc: 0.883, LD: 1.459: : 180it [00:10, 17.26it/s][A

Acc: 0.883, LD: 1.459: : 190it [00:11, 17.20it/s][A

Acc: 0.874, LD: 1.445: : 190it [00:11, 17.20it/s][A

Acc: 0.874, LD: 1.445: : 200it [00:11, 17.30it/s][A

Acc: 0.875, LD: 1.442: : 200it [00:11, 17.30it/s][A

                                                 [A
Processed 200 valid samples.

==================================================
Node Ep 420 Evaluation Summary:
  - Accuracy:              0.8750
  - Logit Difference:      1.4425
  - KL Divergence:         0.1766
  - Exact Match:           0.8800
==================================================

Node pruning:  84%|########4 | 420/500 [1:49:06<24:00, 18.01s/it, KL=0.190, L=9.708, LR=1.95e-03, Sp=13.662, T=0.291]
Node pruning:  84%|########4 | 420/500 [1:49:20<24:00, 18.01s/it, KL=0.165, L=9.683, LR=1.90e-03, Sp=13.662, T=0.235]
Node pruning:  84%|########4 | 421/500 [1:49:20<22:17, 16.93s/it, KL=0.165, L=9.683, LR=1.90e-03, Sp=13.662, T=0.235]
Node pruning:  84%|########4 | 421/500 [1:49:34<22:17, 16.93s/it, KL=0.168, L=9.683, LR=1.86e-03, Sp=13.662, T=0.232]
Node pruning:  84%|########4 | 422/500 [1:49:34<21:02, 16.19s/it, KL=0.168, L=9.683, LR=1.86e-03, Sp=13.662, T=0.232]
Node pruning:  84%|########4 | 422/500 [1:49:49<21:02, 16.19s/it, KL=0.153, L=9.666, LR=1.82e-03, Sp=13.662, T=0.190]
Node pruning:  85%|########4 | 423/500 [1:49:49<20:03, 15.62s/it, KL=0.153, L=9.666, LR=1.82e-03, Sp=13.662, T=0.190]
Node pruning:  85%|########4 | 423/500 [1:50:03<20:03, 15.62s/it, KL=0.152, L=9.668, LR=1.77e-03, Sp=13.661, T=0.198]
Node pruning:  85%|########4 | 424/500 [1:50:03<19:21, 15.28s/it, KL=0.152, L=9.668, LR=1.77e-03, Sp=13.661, T=0.198]
Node pruning:  85%|########4 | 424/500 [1:50:18<19:21, 15.28s/it, KL=0.154, L=9.668, LR=1.73e-03, Sp=13.661, T=0.197]
Node pruning:  85%|########5 | 425/500 [1:50:18<18:47, 15.03s/it, KL=0.154, L=9.668, LR=1.73e-03, Sp=13.661, T=0.197]
Node pruning:  85%|########5 | 425/500 [1:50:32<18:47, 15.03s/it, KL=0.298, L=9.809, LR=1.69e-03, Sp=13.661, T=0.524]
Node pruning:  85%|########5 | 426/500 [1:50:32<18:15, 14.80s/it, KL=0.298, L=9.809, LR=1.69e-03, Sp=13.661, T=0.524]
Node pruning:  85%|########5 | 426/500 [1:50:46<18:15, 14.80s/it, KL=0.226, L=9.737, LR=1.65e-03, Sp=13.661, T=0.357]
Node pruning:  85%|########5 | 427/500 [1:50:46<17:53, 14.70s/it, KL=0.226, L=9.737, LR=1.65e-03, Sp=13.661, T=0.357]
Node pruning:  85%|########5 | 427/500 [1:51:01<17:53, 14.70s/it, KL=0.175, L=9.686, LR=1.60e-03, Sp=13.660, T=0.239]
Node pruning:  86%|########5 | 428/500 [1:51:01<17:33, 14.63s/it, KL=0.175, L=9.686, LR=1.60e-03, Sp=13.660, T=0.239]
Node pruning:  86%|########5 | 428/500 [1:51:15<17:33, 14.63s/it, KL=0.165, L=9.679, LR=1.56e-03, Sp=13.660, T=0.225]
Node pruning:  86%|########5 | 429/500 [1:51:15<17:12, 14.54s/it, KL=0.165, L=9.679, LR=1.56e-03, Sp=13.660, T=0.225]
Node pruning:  86%|########5 | 429/500 [1:51:30<17:12, 14.54s/it, KL=0.154, L=9.667, LR=1.52e-03, Sp=13.660, T=0.197]
==================================================
  EVALUATING: Node Ep 430
==================================================


Evaluating Node Ep 430:   0%|          | 0/20 [00:00<?, ?it/s][A

Evaluating Node Ep 430:  50%|#####     | 10/20 [00:00<00:00, 17.67it/s][A

Acc: 0.900, LD: 2.237:  50%|#####     | 10/20 [00:00<00:00, 17.67it/s] [A

Acc: 0.900, LD: 2.237: 100%|##########| 20/20 [00:01<00:00, 17.53it/s][A

Acc: 0.950, LD: 2.000: 100%|##########| 20/20 [00:01<00:00, 17.53it/s][A

Acc: 0.950, LD: 2.000: : 30it [00:01, 17.42it/s]                      [A

Acc: 0.967, LD: 1.900: : 30it [00:01, 17.42it/s][A

Acc: 0.967, LD: 1.900: : 40it [00:02, 15.69it/s][A

Acc: 0.950, LD: 1.806: : 40it [00:02, 15.69it/s][A

Acc: 0.950, LD: 1.806: : 50it [00:03, 16.34it/s][A

Acc: 0.940, LD: 1.748: : 50it [00:03, 16.34it/s][A

Acc: 0.940, LD: 1.748: : 60it [00:03, 16.73it/s][A

Acc: 0.950, LD: 1.667: : 60it [00:03, 16.73it/s][A

Acc: 0.950, LD: 1.667: : 70it [00:04, 16.99it/s][A

Acc: 0.943, LD: 1.627: : 70it [00:04, 16.99it/s][A

Acc: 0.943, LD: 1.627: : 80it [00:04, 17.18it/s][A

Acc: 0.925, LD: 1.527: : 80it [00:04, 17.18it/s][A

Acc: 0.925, LD: 1.527: : 90it [00:05, 17.30it/s][A

Acc: 0.911, LD: 1.501: : 90it [00:05, 17.30it/s][A

Acc: 0.911, LD: 1.501: : 100it [00:05, 17.39it/s][A

Acc: 0.920, LD: 1.571: : 100it [00:05, 17.39it/s][A

Acc: 0.920, LD: 1.571: : 110it [00:06, 17.44it/s][A

Acc: 0.918, LD: 1.582: : 110it [00:06, 17.44it/s][A

Acc: 0.918, LD: 1.582: : 120it [00:07, 17.48it/s][A

Acc: 0.908, LD: 1.561: : 120it [00:07, 17.48it/s][A

Acc: 0.908, LD: 1.561: : 130it [00:07, 17.49it/s][A

Acc: 0.900, LD: 1.569: : 130it [00:07, 17.49it/s][A

Acc: 0.900, LD: 1.569: : 140it [00:08, 16.44it/s][A

Acc: 0.900, LD: 1.526: : 140it [00:08, 16.44it/s][A

Acc: 0.900, LD: 1.526: : 150it [00:08, 16.76it/s][A

Acc: 0.893, LD: 1.487: : 150it [00:08, 16.76it/s][A

Acc: 0.893, LD: 1.487: : 160it [00:09, 17.01it/s][A

Acc: 0.894, LD: 1.488: : 160it [00:09, 17.01it/s][A

Acc: 0.894, LD: 1.488: : 170it [00:09, 17.16it/s][A

Acc: 0.888, LD: 1.439: : 170it [00:09, 17.16it/s][A

Acc: 0.888, LD: 1.439: : 180it [00:10, 17.29it/s][A

Acc: 0.883, LD: 1.459: : 180it [00:10, 17.29it/s][A

Acc: 0.883, LD: 1.459: : 190it [00:11, 17.30it/s][A

Acc: 0.874, LD: 1.445: : 190it [00:11, 17.30it/s][A

Acc: 0.874, LD: 1.445: : 200it [00:11, 17.36it/s][A

Acc: 0.875, LD: 1.442: : 200it [00:11, 17.36it/s][A

                                                 [A
Processed 200 valid samples.

==================================================
Node Ep 430 Evaluation Summary:
  - Accuracy:              0.8750
  - Logit Difference:      1.4425
  - KL Divergence:         0.1766
  - Exact Match:           0.8800
==================================================

Node pruning:  86%|########6 | 430/500 [1:51:41<21:01, 18.02s/it, KL=0.154, L=9.667, LR=1.52e-03, Sp=13.660, T=0.197]
Node pruning:  86%|########6 | 430/500 [1:51:56<21:01, 18.02s/it, KL=0.202, L=9.716, LR=1.48e-03, Sp=13.660, T=0.311]
Node pruning:  86%|########6 | 431/500 [1:51:56<19:27, 16.93s/it, KL=0.202, L=9.716, LR=1.48e-03, Sp=13.660, T=0.311]
Node pruning:  86%|########6 | 431/500 [1:52:10<19:27, 16.93s/it, KL=0.213, L=9.722, LR=1.44e-03, Sp=13.660, T=0.322]
Node pruning:  86%|########6 | 432/500 [1:52:10<18:19, 16.17s/it, KL=0.213, L=9.722, LR=1.44e-03, Sp=13.660, T=0.322]
Node pruning:  86%|########6 | 432/500 [1:52:25<18:19, 16.17s/it, KL=0.164, L=9.679, LR=1.41e-03, Sp=13.660, T=0.226]
Node pruning:  87%|########6 | 433/500 [1:52:25<17:28, 15.65s/it, KL=0.164, L=9.679, LR=1.41e-03, Sp=13.660, T=0.226]
Node pruning:  87%|########6 | 433/500 [1:52:39<17:28, 15.65s/it, KL=0.150, L=9.663, LR=1.37e-03, Sp=13.659, T=0.188]
Node pruning:  87%|########6 | 434/500 [1:52:39<16:52, 15.33s/it, KL=0.150, L=9.663, LR=1.37e-03, Sp=13.659, T=0.188]
Node pruning:  87%|########6 | 434/500 [1:52:54<16:52, 15.33s/it, KL=0.150, L=9.663, LR=1.33e-03, Sp=13.659, T=0.187]
Node pruning:  87%|########7 | 435/500 [1:52:54<16:19, 15.07s/it, KL=0.150, L=9.663, LR=1.33e-03, Sp=13.659, T=0.187]
Node pruning:  87%|########7 | 435/500 [1:53:08<16:19, 15.07s/it, KL=0.239, L=9.747, LR=1.29e-03, Sp=13.659, T=0.380]
Node pruning:  87%|########7 | 436/500 [1:53:08<15:50, 14.85s/it, KL=0.239, L=9.747, LR=1.29e-03, Sp=13.659, T=0.380]
Node pruning:  87%|########7 | 436/500 [1:53:22<15:50, 14.85s/it, KL=0.215, L=9.725, LR=1.26e-03, Sp=13.659, T=0.331]
Node pruning:  87%|########7 | 437/500 [1:53:22<15:28, 14.74s/it, KL=0.215, L=9.725, LR=1.26e-03, Sp=13.659, T=0.331]
Node pruning:  87%|########7 | 437/500 [1:53:37<15:28, 14.74s/it, KL=0.200, L=9.707, LR=1.22e-03, Sp=13.659, T=0.286]
Node pruning:  88%|########7 | 438/500 [1:53:37<15:08, 14.65s/it, KL=0.200, L=9.707, LR=1.22e-03, Sp=13.659, T=0.286]
Node pruning:  88%|########7 | 438/500 [1:53:51<15:08, 14.65s/it, KL=0.188, L=9.701, LR=1.18e-03, Sp=13.659, T=0.279]
Node pruning:  88%|########7 | 439/500 [1:53:51<14:49, 14.58s/it, KL=0.188, L=9.701, LR=1.18e-03, Sp=13.659, T=0.279]
Node pruning:  88%|########7 | 439/500 [1:54:06<14:49, 14.58s/it, KL=0.262, L=9.774, LR=1.15e-03, Sp=13.659, T=0.449]
==================================================
  EVALUATING: Node Ep 440
==================================================


Evaluating Node Ep 440:   0%|          | 0/20 [00:00<?, ?it/s][A

Evaluating Node Ep 440:  50%|#####     | 10/20 [00:00<00:00, 17.70it/s][A

Acc: 0.900, LD: 2.237:  50%|#####     | 10/20 [00:00<00:00, 17.70it/s] [A

Acc: 0.900, LD: 2.237: 100%|##########| 20/20 [00:01<00:00, 17.62it/s][A

Acc: 0.950, LD: 2.000: 100%|##########| 20/20 [00:01<00:00, 17.62it/s][A

Acc: 0.950, LD: 2.000: : 30it [00:01, 15.56it/s]                      [A

Acc: 0.967, LD: 1.900: : 30it [00:01, 15.56it/s][A

Acc: 0.967, LD: 1.900: : 40it [00:02, 16.30it/s][A

Acc: 0.950, LD: 1.806: : 40it [00:02, 16.30it/s][A

Acc: 0.950, LD: 1.806: : 50it [00:03, 16.73it/s][A

Acc: 0.940, LD: 1.748: : 50it [00:03, 16.73it/s][A

Acc: 0.940, LD: 1.748: : 60it [00:03, 17.01it/s][A

Acc: 0.950, LD: 1.667: : 60it [00:03, 17.01it/s][A

Acc: 0.950, LD: 1.667: : 70it [00:04, 17.19it/s][A

Acc: 0.943, LD: 1.627: : 70it [00:04, 17.19it/s][A

Acc: 0.943, LD: 1.627: : 80it [00:04, 17.32it/s][A

Acc: 0.925, LD: 1.527: : 80it [00:04, 17.32it/s][A

Acc: 0.925, LD: 1.527: : 90it [00:05, 17.40it/s][A

Acc: 0.911, LD: 1.501: : 90it [00:05, 17.40it/s][A

Acc: 0.911, LD: 1.501: : 100it [00:05, 17.45it/s][A

Acc: 0.920, LD: 1.571: : 100it [00:05, 17.45it/s][A

Acc: 0.920, LD: 1.571: : 110it [00:06, 17.49it/s][A

Acc: 0.918, LD: 1.582: : 110it [00:06, 17.49it/s][A

Acc: 0.918, LD: 1.582: : 120it [00:07, 16.71it/s][A

Acc: 0.908, LD: 1.561: : 120it [00:07, 16.71it/s][A

Acc: 0.908, LD: 1.561: : 130it [00:07, 16.96it/s][A

Acc: 0.900, LD: 1.569: : 130it [00:07, 16.96it/s][A

Acc: 0.900, LD: 1.569: : 140it [00:08, 17.14it/s][A

Acc: 0.900, LD: 1.526: : 140it [00:08, 17.14it/s][A

Acc: 0.900, LD: 1.526: : 150it [00:08, 17.28it/s][A

Acc: 0.893, LD: 1.487: : 150it [00:08, 17.28it/s][A

Acc: 0.893, LD: 1.487: : 160it [00:09, 17.37it/s][A

Acc: 0.894, LD: 1.488: : 160it [00:09, 17.37it/s][A

Acc: 0.894, LD: 1.488: : 170it [00:09, 17.43it/s][A

Acc: 0.888, LD: 1.439: : 170it [00:09, 17.43it/s][A

Acc: 0.888, LD: 1.439: : 180it [00:10, 17.48it/s][A

Acc: 0.883, LD: 1.459: : 180it [00:10, 17.48it/s][A

Acc: 0.883, LD: 1.459: : 190it [00:11, 17.45it/s][A

Acc: 0.874, LD: 1.445: : 190it [00:11, 17.45it/s][A

Acc: 0.874, LD: 1.445: : 200it [00:11, 17.44it/s][A

Acc: 0.875, LD: 1.442: : 200it [00:11, 17.44it/s][A

                                                 [A
Processed 200 valid samples.

==================================================
Node Ep 440 Evaluation Summary:
  - Accuracy:              0.8750
  - Logit Difference:      1.4425
  - KL Divergence:         0.1766
  - Exact Match:           0.8800
==================================================

Node pruning:  88%|########8 | 440/500 [1:54:17<17:59, 17.99s/it, KL=0.262, L=9.774, LR=1.15e-03, Sp=13.659, T=0.449]
Node pruning:  88%|########8 | 440/500 [1:54:32<17:59, 17.99s/it, KL=0.182, L=9.698, LR=1.12e-03, Sp=13.658, T=0.275]
Node pruning:  88%|########8 | 441/500 [1:54:32<16:37, 16.90s/it, KL=0.182, L=9.698, LR=1.12e-03, Sp=13.658, T=0.275]
Node pruning:  88%|########8 | 441/500 [1:54:46<16:37, 16.90s/it, KL=0.150, L=9.663, LR=1.08e-03, Sp=13.658, T=0.191]
Node pruning:  88%|########8 | 442/500 [1:54:46<15:36, 16.14s/it, KL=0.150, L=9.663, LR=1.08e-03, Sp=13.658, T=0.191]
Node pruning:  88%|########8 | 442/500 [1:55:00<15:36, 16.14s/it, KL=0.319, L=9.812, LR=1.05e-03, Sp=13.658, T=0.519]
Node pruning:  89%|########8 | 443/500 [1:55:00<14:47, 15.58s/it, KL=0.319, L=9.812, LR=1.05e-03, Sp=13.658, T=0.519]
Node pruning:  89%|########8 | 443/500 [1:55:15<14:47, 15.58s/it, KL=0.167, L=9.680, LR=1.02e-03, Sp=13.658, T=0.230]
Node pruning:  89%|########8 | 444/500 [1:55:15<14:11, 15.20s/it, KL=0.167, L=9.680, LR=1.02e-03, Sp=13.658, T=0.230]
Node pruning:  89%|########8 | 444/500 [1:55:29<14:11, 15.20s/it, KL=0.240, L=9.745, LR=9.84e-04, Sp=13.658, T=0.376]
Node pruning:  89%|########9 | 445/500 [1:55:29<13:42, 14.95s/it, KL=0.240, L=9.745, LR=9.84e-04, Sp=13.658, T=0.376]
Node pruning:  89%|########9 | 445/500 [1:55:43<13:42, 14.95s/it, KL=0.217, L=9.731, LR=9.52e-04, Sp=13.658, T=0.350]
Node pruning:  89%|########9 | 446/500 [1:55:43<13:17, 14.77s/it, KL=0.217, L=9.731, LR=9.52e-04, Sp=13.658, T=0.350]
Node pruning:  89%|########9 | 446/500 [1:55:58<13:17, 14.77s/it, KL=0.184, L=9.695, LR=9.21e-04, Sp=13.658, T=0.265]
Node pruning:  89%|########9 | 447/500 [1:55:58<12:54, 14.61s/it, KL=0.184, L=9.695, LR=9.21e-04, Sp=13.658, T=0.265]
Node pruning:  89%|########9 | 447/500 [1:56:12<12:54, 14.61s/it, KL=0.187, L=9.698, LR=8.91e-04, Sp=13.658, T=0.271]
Node pruning:  90%|########9 | 448/500 [1:56:12<12:35, 14.54s/it, KL=0.187, L=9.698, LR=8.91e-04, Sp=13.658, T=0.271]
Node pruning:  90%|########9 | 448/500 [1:56:26<12:35, 14.54s/it, KL=0.192, L=9.707, LR=8.61e-04, Sp=13.657, T=0.297]
Node pruning:  90%|########9 | 449/500 [1:56:26<12:18, 14.49s/it, KL=0.192, L=9.707, LR=8.61e-04, Sp=13.657, T=0.297]
Node pruning:  90%|########9 | 449/500 [1:56:40<12:18, 14.49s/it, KL=0.187, L=9.699, LR=8.32e-04, Sp=13.657, T=0.276]
==================================================
  EVALUATING: Node Ep 450
==================================================


Evaluating Node Ep 450:   0%|          | 0/20 [00:00<?, ?it/s][A

Evaluating Node Ep 450:  50%|#####     | 10/20 [00:00<00:00, 17.76it/s][A

Acc: 0.900, LD: 2.250:  50%|#####     | 10/20 [00:00<00:00, 17.76it/s] [A

Acc: 0.900, LD: 2.250: 100%|##########| 20/20 [00:01<00:00, 15.38it/s][A

Acc: 0.950, LD: 2.006: 100%|##########| 20/20 [00:01<00:00, 15.38it/s][A

Acc: 0.950, LD: 2.006: : 30it [00:01, 16.13it/s]                      [A

Acc: 0.967, LD: 1.896: : 30it [00:01, 16.13it/s][A

Acc: 0.967, LD: 1.896: : 40it [00:02, 16.61it/s][A

Acc: 0.950, LD: 1.800: : 40it [00:02, 16.61it/s][A

Acc: 0.950, LD: 1.800: : 50it [00:03, 16.97it/s][A

Acc: 0.940, LD: 1.742: : 50it [00:03, 16.97it/s][A

Acc: 0.940, LD: 1.742: : 60it [00:03, 17.20it/s][A

Acc: 0.950, LD: 1.665: : 60it [00:03, 17.20it/s][A

Acc: 0.950, LD: 1.665: : 70it [00:04, 17.36it/s][A

Acc: 0.943, LD: 1.625: : 70it [00:04, 17.36it/s][A

Acc: 0.943, LD: 1.625: : 80it [00:04, 17.46it/s][A

Acc: 0.925, LD: 1.527: : 80it [00:04, 17.46it/s][A

Acc: 0.925, LD: 1.527: : 90it [00:05, 17.53it/s][A

Acc: 0.911, LD: 1.501: : 90it [00:05, 17.53it/s][A

Acc: 0.911, LD: 1.501: : 100it [00:05, 17.57it/s][A

Acc: 0.920, LD: 1.570: : 100it [00:05, 17.57it/s][A

Acc: 0.920, LD: 1.570: : 110it [00:06, 17.60it/s][A

Acc: 0.918, LD: 1.581: : 110it [00:06, 17.60it/s][A

Acc: 0.918, LD: 1.581: : 120it [00:07, 16.94it/s][A

Acc: 0.908, LD: 1.561: : 120it [00:07, 16.94it/s][A

Acc: 0.908, LD: 1.561: : 130it [00:07, 17.15it/s][A

Acc: 0.900, LD: 1.569: : 130it [00:07, 17.15it/s][A

Acc: 0.900, LD: 1.569: : 140it [00:08, 17.30it/s][A

Acc: 0.900, LD: 1.526: : 140it [00:08, 17.30it/s][A

Acc: 0.900, LD: 1.526: : 150it [00:08, 17.42it/s][A

Acc: 0.893, LD: 1.485: : 150it [00:08, 17.42it/s][A

Acc: 0.893, LD: 1.485: : 160it [00:09, 17.48it/s][A

Acc: 0.894, LD: 1.488: : 160it [00:09, 17.48it/s][A

Acc: 0.894, LD: 1.488: : 170it [00:09, 17.53it/s][A

Acc: 0.888, LD: 1.438: : 170it [00:09, 17.53it/s][A

Acc: 0.888, LD: 1.438: : 180it [00:10, 17.57it/s][A

Acc: 0.883, LD: 1.458: : 180it [00:10, 17.57it/s][A

Acc: 0.883, LD: 1.458: : 190it [00:11, 17.58it/s][A

Acc: 0.874, LD: 1.444: : 190it [00:11, 17.58it/s][A

Acc: 0.874, LD: 1.444: : 200it [00:11, 17.57it/s][A

Acc: 0.875, LD: 1.442: : 200it [00:11, 17.57it/s][A

                                                 [A
Processed 200 valid samples.

==================================================
Node Ep 450 Evaluation Summary:
  - Accuracy:              0.8750
  - Logit Difference:      1.4419
  - KL Divergence:         0.1767
  - Exact Match:           0.8800
==================================================

Node pruning:  90%|######### | 450/500 [1:56:52<14:54, 17.89s/it, KL=0.187, L=9.699, LR=8.32e-04, Sp=13.657, T=0.276]
Node pruning:  90%|######### | 450/500 [1:57:06<14:54, 17.89s/it, KL=0.189, L=9.697, LR=8.03e-04, Sp=13.657, T=0.268]
Node pruning:  90%|######### | 451/500 [1:57:06<13:44, 16.83s/it, KL=0.189, L=9.697, LR=8.03e-04, Sp=13.657, T=0.268]
Node pruning:  90%|######### | 451/500 [1:57:21<13:44, 16.83s/it, KL=0.234, L=9.742, LR=7.75e-04, Sp=13.657, T=0.372]
Node pruning:  90%|######### | 452/500 [1:57:21<12:53, 16.10s/it, KL=0.234, L=9.742, LR=7.75e-04, Sp=13.657, T=0.372]
Node pruning:  90%|######### | 452/500 [1:57:35<12:53, 16.10s/it, KL=0.203, L=9.714, LR=7.47e-04, Sp=13.657, T=0.309]
Node pruning:  91%|######### | 453/500 [1:57:35<12:13, 15.61s/it, KL=0.203, L=9.714, LR=7.47e-04, Sp=13.657, T=0.309]
Node pruning:  91%|######### | 453/500 [1:57:50<12:13, 15.61s/it, KL=0.203, L=9.714, LR=7.20e-04, Sp=13.657, T=0.310]
Node pruning:  91%|######### | 454/500 [1:57:50<11:40, 15.23s/it, KL=0.203, L=9.714, LR=7.20e-04, Sp=13.657, T=0.310]
Node pruning:  91%|######### | 454/500 [1:58:04<11:40, 15.23s/it, KL=0.163, L=9.675, LR=6.94e-04, Sp=13.657, T=0.220]
Node pruning:  91%|#########1| 455/500 [1:58:04<11:15, 15.00s/it, KL=0.163, L=9.675, LR=6.94e-04, Sp=13.657, T=0.220]
Node pruning:  91%|#########1| 455/500 [1:58:19<11:15, 15.00s/it, KL=0.224, L=9.738, LR=6.68e-04, Sp=13.657, T=0.371]
Node pruning:  91%|#########1| 456/500 [1:58:19<10:52, 14.83s/it, KL=0.224, L=9.738, LR=6.68e-04, Sp=13.657, T=0.371]
Node pruning:  91%|#########1| 456/500 [1:58:33<10:52, 14.83s/it, KL=0.275, L=9.782, LR=6.42e-04, Sp=13.657, T=0.467]
Node pruning:  91%|#########1| 457/500 [1:58:33<10:30, 14.67s/it, KL=0.275, L=9.782, LR=6.42e-04, Sp=13.657, T=0.467]
Node pruning:  91%|#########1| 457/500 [1:58:47<10:30, 14.67s/it, KL=0.182, L=9.695, LR=6.18e-04, Sp=13.657, T=0.271]
Node pruning:  92%|#########1| 458/500 [1:58:47<10:13, 14.61s/it, KL=0.182, L=9.695, LR=6.18e-04, Sp=13.657, T=0.271]
Node pruning:  92%|#########1| 458/500 [1:59:02<10:13, 14.61s/it, KL=0.212, L=9.727, LR=5.93e-04, Sp=13.657, T=0.346]
Node pruning:  92%|#########1| 459/500 [1:59:02<09:56, 14.56s/it, KL=0.212, L=9.727, LR=5.93e-04, Sp=13.657, T=0.346]
Node pruning:  92%|#########1| 459/500 [1:59:16<09:56, 14.56s/it, KL=0.240, L=9.758, LR=5.70e-04, Sp=13.656, T=0.421]
==================================================
  EVALUATING: Node Ep 460
==================================================


Evaluating Node Ep 460:   0%|          | 0/20 [00:00<?, ?it/s][A

Evaluating Node Ep 460:  50%|#####     | 10/20 [00:00<00:00, 17.64it/s][A

Acc: 0.900, LD: 2.250:  50%|#####     | 10/20 [00:00<00:00, 17.64it/s] [A

Acc: 0.900, LD: 2.250: 100%|##########| 20/20 [00:01<00:00, 15.79it/s][A

Acc: 0.950, LD: 2.006: 100%|##########| 20/20 [00:01<00:00, 15.79it/s][A

Acc: 0.950, LD: 2.006: : 30it [00:01, 16.53it/s]                      [A

Acc: 0.967, LD: 1.896: : 30it [00:01, 16.53it/s][A

Acc: 0.967, LD: 1.896: : 40it [00:02, 16.90it/s][A

Acc: 0.950, LD: 1.800: : 40it [00:02, 16.90it/s][A

Acc: 0.950, LD: 1.800: : 50it [00:02, 17.14it/s][A

Acc: 0.940, LD: 1.742: : 50it [00:02, 17.14it/s][A

Acc: 0.940, LD: 1.742: : 60it [00:03, 17.29it/s][A

Acc: 0.950, LD: 1.665: : 60it [00:03, 17.29it/s][A

Acc: 0.950, LD: 1.665: : 70it [00:04, 17.38it/s][A

Acc: 0.943, LD: 1.621: : 70it [00:04, 17.38it/s][A

Acc: 0.943, LD: 1.621: : 80it [00:04, 17.45it/s][A

Acc: 0.925, LD: 1.523: : 80it [00:04, 17.45it/s][A

Acc: 0.925, LD: 1.523: : 90it [00:05, 17.49it/s][A

Acc: 0.911, LD: 1.499: : 90it [00:05, 17.49it/s][A

Acc: 0.911, LD: 1.499: : 100it [00:05, 17.52it/s][A

Acc: 0.920, LD: 1.566: : 100it [00:05, 17.52it/s][A

Acc: 0.920, LD: 1.566: : 110it [00:06, 16.18it/s][A

Acc: 0.918, LD: 1.577: : 110it [00:06, 16.18it/s][A

Acc: 0.918, LD: 1.577: : 120it [00:07, 16.60it/s][A

Acc: 0.908, LD: 1.558: : 120it [00:07, 16.60it/s][A

Acc: 0.908, LD: 1.558: : 130it [00:07, 16.87it/s][A

Acc: 0.900, LD: 1.566: : 130it [00:07, 16.87it/s][A

Acc: 0.900, LD: 1.566: : 140it [00:08, 17.07it/s][A

Acc: 0.900, LD: 1.523: : 140it [00:08, 17.07it/s][A

Acc: 0.900, LD: 1.523: : 150it [00:08, 17.21it/s][A

Acc: 0.893, LD: 1.482: : 150it [00:08, 17.21it/s][A

Acc: 0.893, LD: 1.482: : 160it [00:09, 17.31it/s][A

Acc: 0.894, LD: 1.485: : 160it [00:09, 17.31it/s][A

Acc: 0.894, LD: 1.485: : 170it [00:09, 17.37it/s][A

Acc: 0.888, LD: 1.436: : 170it [00:09, 17.37it/s][A

Acc: 0.888, LD: 1.436: : 180it [00:10, 17.42it/s][A

Acc: 0.883, LD: 1.456: : 180it [00:10, 17.42it/s][A

Acc: 0.883, LD: 1.456: : 190it [00:11, 17.41it/s][A

Acc: 0.874, LD: 1.442: : 190it [00:11, 17.41it/s][A

Acc: 0.874, LD: 1.442: : 200it [00:11, 17.29it/s][A

Acc: 0.875, LD: 1.440: : 200it [00:11, 17.29it/s][A

                                                 [A
Processed 200 valid samples.

==================================================
Node Ep 460 Evaluation Summary:
  - Accuracy:              0.8750
  - Logit Difference:      1.4400
  - KL Divergence:         0.1767
  - Exact Match:           0.8800
==================================================

Node pruning:  92%|#########2| 460/500 [1:59:28<12:00, 18.01s/it, KL=0.240, L=9.758, LR=5.70e-04, Sp=13.656, T=0.421]
Node pruning:  92%|#########2| 460/500 [1:59:42<12:00, 18.01s/it, KL=0.252, L=9.766, LR=5.47e-04, Sp=13.656, T=0.437]
Node pruning:  92%|#########2| 461/500 [1:59:42<11:00, 16.92s/it, KL=0.252, L=9.766, LR=5.47e-04, Sp=13.656, T=0.437]
Node pruning:  92%|#########2| 461/500 [1:59:57<11:00, 16.92s/it, KL=0.156, L=9.669, LR=5.24e-04, Sp=13.656, T=0.208]
Node pruning:  92%|#########2| 462/500 [1:59:57<10:16, 16.21s/it, KL=0.156, L=9.669, LR=5.24e-04, Sp=13.656, T=0.208]
Node pruning:  92%|#########2| 462/500 [2:00:11<10:16, 16.21s/it, KL=0.221, L=9.722, LR=5.02e-04, Sp=13.656, T=0.320]
Node pruning:  93%|#########2| 463/500 [2:00:11<09:41, 15.70s/it, KL=0.221, L=9.722, LR=5.02e-04, Sp=13.656, T=0.320]
Node pruning:  93%|#########2| 463/500 [2:00:26<09:41, 15.70s/it, KL=0.155, L=9.666, LR=4.81e-04, Sp=13.656, T=0.202]
Node pruning:  93%|#########2| 464/500 [2:00:26<09:10, 15.28s/it, KL=0.155, L=9.666, LR=4.81e-04, Sp=13.656, T=0.202]
Node pruning:  93%|#########2| 464/500 [2:00:40<09:10, 15.28s/it, KL=0.194, L=9.707, LR=4.60e-04, Sp=13.656, T=0.297]
Node pruning:  93%|#########3| 465/500 [2:00:40<08:46, 15.04s/it, KL=0.194, L=9.707, LR=4.60e-04, Sp=13.656, T=0.297]
Node pruning:  93%|#########3| 465/500 [2:00:55<08:46, 15.04s/it, KL=0.182, L=9.694, LR=4.40e-04, Sp=13.656, T=0.269]
Node pruning:  93%|#########3| 466/500 [2:00:55<08:25, 14.88s/it, KL=0.182, L=9.694, LR=4.40e-04, Sp=13.656, T=0.269]
Node pruning:  93%|#########3| 466/500 [2:01:09<08:25, 14.88s/it, KL=0.148, L=9.659, LR=4.20e-04, Sp=13.656, T=0.186]
Node pruning:  93%|#########3| 467/500 [2:01:09<08:05, 14.71s/it, KL=0.148, L=9.659, LR=4.20e-04, Sp=13.656, T=0.186]
Node pruning:  93%|#########3| 467/500 [2:01:24<08:05, 14.71s/it, KL=0.173, L=9.680, LR=4.01e-04, Sp=13.656, T=0.231]
Node pruning:  94%|#########3| 468/500 [2:01:24<07:50, 14.69s/it, KL=0.173, L=9.680, LR=4.01e-04, Sp=13.656, T=0.231]
Node pruning:  94%|#########3| 468/500 [2:01:38<07:50, 14.69s/it, KL=0.217, L=9.730, LR=3.83e-04, Sp=13.656, T=0.353]
Node pruning:  94%|#########3| 469/500 [2:01:38<07:32, 14.60s/it, KL=0.217, L=9.730, LR=3.83e-04, Sp=13.656, T=0.353]
Node pruning:  94%|#########3| 469/500 [2:01:52<07:32, 14.60s/it, KL=0.230, L=9.751, LR=3.65e-04, Sp=13.656, T=0.410]
==================================================
  EVALUATING: Node Ep 470
==================================================


Evaluating Node Ep 470:   0%|          | 0/20 [00:00<?, ?it/s][A

Evaluating Node Ep 470:  50%|#####     | 10/20 [00:00<00:00, 17.59it/s][A

Acc: 0.900, LD: 2.225:  50%|#####     | 10/20 [00:00<00:00, 17.59it/s] [A

Acc: 0.900, LD: 2.225: 100%|##########| 20/20 [00:01<00:00, 17.56it/s][A

Acc: 0.950, LD: 1.994: 100%|##########| 20/20 [00:01<00:00, 17.56it/s][A

Acc: 0.950, LD: 1.994: : 30it [00:01, 16.32it/s]                      [A

Acc: 0.967, LD: 1.887: : 30it [00:01, 16.32it/s][A

Acc: 0.967, LD: 1.887: : 40it [00:02, 16.77it/s][A

Acc: 0.950, LD: 1.797: : 40it [00:02, 16.77it/s][A

Acc: 0.950, LD: 1.797: : 50it [00:02, 17.02it/s][A

Acc: 0.940, LD: 1.738: : 50it [00:02, 17.02it/s][A

Acc: 0.940, LD: 1.738: : 60it [00:03, 17.18it/s][A

Acc: 0.950, LD: 1.658: : 60it [00:03, 17.18it/s][A

Acc: 0.950, LD: 1.658: : 70it [00:04, 17.29it/s][A

Acc: 0.943, LD: 1.616: : 70it [00:04, 17.29it/s][A

Acc: 0.943, LD: 1.616: : 80it [00:04, 17.36it/s][A

Acc: 0.925, LD: 1.519: : 80it [00:04, 17.36it/s][A

Acc: 0.925, LD: 1.519: : 90it [00:05, 17.41it/s][A

Acc: 0.911, LD: 1.493: : 90it [00:05, 17.41it/s][A

Acc: 0.911, LD: 1.493: : 100it [00:05, 17.41it/s][A

Acc: 0.920, LD: 1.562: : 100it [00:05, 17.41it/s][A

Acc: 0.920, LD: 1.562: : 110it [00:06, 17.42it/s][A

Acc: 0.918, LD: 1.575: : 110it [00:06, 17.42it/s][A

Acc: 0.918, LD: 1.575: : 120it [00:07, 16.53it/s][A

Acc: 0.908, LD: 1.555: : 120it [00:07, 16.53it/s][A

Acc: 0.908, LD: 1.555: : 130it [00:07, 16.81it/s][A

Acc: 0.900, LD: 1.562: : 130it [00:07, 16.81it/s][A

Acc: 0.900, LD: 1.562: : 140it [00:08, 17.02it/s][A

Acc: 0.900, LD: 1.520: : 140it [00:08, 17.02it/s][A

Acc: 0.900, LD: 1.520: : 150it [00:08, 17.17it/s][A

Acc: 0.893, LD: 1.479: : 150it [00:08, 17.17it/s][A

Acc: 0.893, LD: 1.479: : 160it [00:09, 17.28it/s][A

Acc: 0.894, LD: 1.482: : 160it [00:09, 17.28it/s][A

Acc: 0.894, LD: 1.482: : 170it [00:09, 17.36it/s][A

Acc: 0.888, LD: 1.434: : 170it [00:09, 17.36it/s][A

Acc: 0.888, LD: 1.434: : 180it [00:10, 17.40it/s][A

Acc: 0.883, LD: 1.454: : 180it [00:10, 17.40it/s][A

Acc: 0.883, LD: 1.454: : 190it [00:11, 17.44it/s][A

Acc: 0.874, LD: 1.439: : 190it [00:11, 17.44it/s][A

Acc: 0.874, LD: 1.439: : 200it [00:11, 17.34it/s][A

Acc: 0.875, LD: 1.438: : 200it [00:11, 17.34it/s][A

                                                 [A
Processed 200 valid samples.

==================================================
Node Ep 470 Evaluation Summary:
  - Accuracy:              0.8750
  - Logit Difference:      1.4375
  - KL Divergence:         0.1765
  - Exact Match:           0.8800
==================================================

Node pruning:  94%|#########3| 470/500 [2:02:04<08:59, 18.00s/it, KL=0.230, L=9.751, LR=3.65e-04, Sp=13.656, T=0.410]
Node pruning:  94%|#########3| 470/500 [2:02:18<08:59, 18.00s/it, KL=0.200, L=9.705, LR=3.47e-04, Sp=13.656, T=0.287]
Node pruning:  94%|#########4| 471/500 [2:02:18<08:10, 16.91s/it, KL=0.200, L=9.705, LR=3.47e-04, Sp=13.656, T=0.287]
Node pruning:  94%|#########4| 471/500 [2:02:33<08:10, 16.91s/it, KL=0.213, L=9.722, LR=3.31e-04, Sp=13.656, T=0.332]
Node pruning:  94%|#########4| 472/500 [2:02:33<07:32, 16.17s/it, KL=0.213, L=9.722, LR=3.31e-04, Sp=13.656, T=0.332]
Node pruning:  94%|#########4| 472/500 [2:02:47<07:32, 16.17s/it, KL=0.172, L=9.682, LR=3.15e-04, Sp=13.656, T=0.239]
Node pruning:  95%|#########4| 473/500 [2:02:47<07:02, 15.65s/it, KL=0.172, L=9.682, LR=3.15e-04, Sp=13.656, T=0.239]
Node pruning:  95%|#########4| 473/500 [2:03:01<07:02, 15.65s/it, KL=0.221, L=9.733, LR=2.99e-04, Sp=13.656, T=0.359]
Node pruning:  95%|#########4| 474/500 [2:03:01<06:36, 15.26s/it, KL=0.221, L=9.733, LR=2.99e-04, Sp=13.656, T=0.359]
Node pruning:  95%|#########4| 474/500 [2:03:16<06:36, 15.26s/it, KL=0.183, L=9.692, LR=2.84e-04, Sp=13.656, T=0.260]
Node pruning:  95%|#########5| 475/500 [2:03:16<06:14, 15.00s/it, KL=0.183, L=9.692, LR=2.84e-04, Sp=13.656, T=0.260]
Node pruning:  95%|#########5| 475/500 [2:03:30<06:14, 15.00s/it, KL=0.196, L=9.704, LR=2.70e-04, Sp=13.655, T=0.288]
Node pruning:  95%|#########5| 476/500 [2:03:30<05:55, 14.81s/it, KL=0.196, L=9.704, LR=2.70e-04, Sp=13.655, T=0.288]
Node pruning:  95%|#########5| 476/500 [2:03:44<05:55, 14.81s/it, KL=0.238, L=9.738, LR=2.56e-04, Sp=13.655, T=0.361]
Node pruning:  95%|#########5| 477/500 [2:03:44<05:36, 14.65s/it, KL=0.238, L=9.738, LR=2.56e-04, Sp=13.655, T=0.361]
Node pruning:  95%|#########5| 477/500 [2:03:59<05:36, 14.65s/it, KL=0.203, L=9.712, LR=2.43e-04, Sp=13.655, T=0.309]
Node pruning:  96%|#########5| 478/500 [2:03:59<05:20, 14.57s/it, KL=0.203, L=9.712, LR=2.43e-04, Sp=13.655, T=0.309]
Node pruning:  96%|#########5| 478/500 [2:04:13<05:20, 14.57s/it, KL=0.397, L=9.899, LR=2.30e-04, Sp=13.655, T=0.736]
Node pruning:  96%|#########5| 479/500 [2:04:13<05:05, 14.52s/it, KL=0.397, L=9.899, LR=2.30e-04, Sp=13.655, T=0.736]
Node pruning:  96%|#########5| 479/500 [2:04:28<05:05, 14.52s/it, KL=0.206, L=9.718, LR=2.18e-04, Sp=13.655, T=0.325]
==================================================
  EVALUATING: Node Ep 480
==================================================


Evaluating Node Ep 480:   0%|          | 0/20 [00:00<?, ?it/s][A

Evaluating Node Ep 480:  50%|#####     | 10/20 [00:00<00:00, 17.58it/s][A

Acc: 0.900, LD: 2.237:  50%|#####     | 10/20 [00:00<00:00, 17.58it/s] [A

Acc: 0.900, LD: 2.237: 100%|##########| 20/20 [00:01<00:00, 15.76it/s][A

Acc: 0.950, LD: 2.000: 100%|##########| 20/20 [00:01<00:00, 15.76it/s][A

Acc: 0.950, LD: 2.000: : 30it [00:01, 16.31it/s]                      [A

Acc: 0.967, LD: 1.896: : 30it [00:01, 16.31it/s][A

Acc: 0.967, LD: 1.896: : 40it [00:02, 16.75it/s][A

Acc: 0.950, LD: 1.800: : 40it [00:02, 16.75it/s][A

Acc: 0.950, LD: 1.800: : 50it [00:02, 17.02it/s][A

Acc: 0.940, LD: 1.745: : 50it [00:02, 17.02it/s][A

Acc: 0.940, LD: 1.745: : 60it [00:03, 17.19it/s][A

Acc: 0.950, LD: 1.665: : 60it [00:03, 17.19it/s][A

Acc: 0.950, LD: 1.665: : 70it [00:04, 17.28it/s][A

Acc: 0.943, LD: 1.623: : 70it [00:04, 17.28it/s][A

Acc: 0.943, LD: 1.623: : 80it [00:04, 17.34it/s][A

Acc: 0.925, LD: 1.523: : 80it [00:04, 17.34it/s][A

Acc: 0.925, LD: 1.523: : 90it [00:05, 17.40it/s][A

Acc: 0.911, LD: 1.497: : 90it [00:05, 17.40it/s][A

Acc: 0.911, LD: 1.497: : 100it [00:05, 17.43it/s][A

Acc: 0.920, LD: 1.565: : 100it [00:05, 17.43it/s][A

Acc: 0.920, LD: 1.565: : 110it [00:06, 16.41it/s][A

Acc: 0.918, LD: 1.575: : 110it [00:06, 16.41it/s][A

Acc: 0.918, LD: 1.575: : 120it [00:07, 16.74it/s][A

Acc: 0.908, LD: 1.555: : 120it [00:07, 16.74it/s][A

Acc: 0.908, LD: 1.555: : 130it [00:07, 16.96it/s][A

Acc: 0.900, LD: 1.562: : 130it [00:07, 16.96it/s][A

Acc: 0.900, LD: 1.562: : 140it [00:08, 17.13it/s][A

Acc: 0.900, LD: 1.520: : 140it [00:08, 17.13it/s][A

Acc: 0.900, LD: 1.520: : 150it [00:08, 17.24it/s][A

Acc: 0.893, LD: 1.481: : 150it [00:08, 17.24it/s][A

Acc: 0.893, LD: 1.481: : 160it [00:09, 17.33it/s][A

Acc: 0.894, LD: 1.483: : 160it [00:09, 17.33it/s][A

Acc: 0.894, LD: 1.483: : 170it [00:09, 17.37it/s][A

Acc: 0.888, LD: 1.434: : 170it [00:09, 17.37it/s][A

Acc: 0.888, LD: 1.434: : 180it [00:10, 17.41it/s][A

Acc: 0.883, LD: 1.453: : 180it [00:10, 17.41it/s][A

Acc: 0.883, LD: 1.453: : 190it [00:11, 17.40it/s][A

Acc: 0.874, LD: 1.439: : 190it [00:11, 17.40it/s][A

Acc: 0.874, LD: 1.439: : 200it [00:11, 16.52it/s][A

Acc: 0.875, LD: 1.437: : 200it [00:11, 16.52it/s][A

                                                 [A
Processed 200 valid samples.

==================================================
Node Ep 480 Evaluation Summary:
  - Accuracy:              0.8750
  - Logit Difference:      1.4369
  - KL Divergence:         0.1769
  - Exact Match:           0.8800
==================================================

Node pruning:  96%|#########6| 480/500 [2:04:39<05:59, 17.99s/it, KL=0.206, L=9.718, LR=2.18e-04, Sp=13.655, T=0.325]
Node pruning:  96%|#########6| 480/500 [2:04:54<05:59, 17.99s/it, KL=0.254, L=9.767, LR=2.06e-04, Sp=13.655, T=0.441]
Node pruning:  96%|#########6| 481/500 [2:04:54<05:20, 16.89s/it, KL=0.254, L=9.767, LR=2.06e-04, Sp=13.655, T=0.441]
Node pruning:  96%|#########6| 481/500 [2:05:08<05:20, 16.89s/it, KL=0.212, L=9.720, LR=1.96e-04, Sp=13.655, T=0.325]
Node pruning:  96%|#########6| 482/500 [2:05:08<04:51, 16.17s/it, KL=0.212, L=9.720, LR=1.96e-04, Sp=13.655, T=0.325]
Node pruning:  96%|#########6| 482/500 [2:05:23<04:51, 16.17s/it, KL=0.236, L=9.742, LR=1.85e-04, Sp=13.655, T=0.374]
Node pruning:  97%|#########6| 483/500 [2:05:23<04:26, 15.66s/it, KL=0.236, L=9.742, LR=1.85e-04, Sp=13.655, T=0.374]
Node pruning:  97%|#########6| 483/500 [2:05:37<04:26, 15.66s/it, KL=0.212, L=9.723, LR=1.75e-04, Sp=13.655, T=0.336]
Node pruning:  97%|#########6| 484/500 [2:05:37<04:04, 15.26s/it, KL=0.212, L=9.723, LR=1.75e-04, Sp=13.655, T=0.336]
Node pruning:  97%|#########6| 484/500 [2:05:51<04:04, 15.26s/it, KL=0.236, L=9.741, LR=1.66e-04, Sp=13.655, T=0.374]
Node pruning:  97%|#########7| 485/500 [2:05:51<03:45, 15.02s/it, KL=0.236, L=9.741, LR=1.66e-04, Sp=13.655, T=0.374]
Node pruning:  97%|#########7| 485/500 [2:06:06<03:45, 15.02s/it, KL=0.210, L=9.722, LR=1.58e-04, Sp=13.655, T=0.334]
Node pruning:  97%|#########7| 486/500 [2:06:06<03:28, 14.88s/it, KL=0.210, L=9.722, LR=1.58e-04, Sp=13.655, T=0.334]
Node pruning:  97%|#########7| 486/500 [2:06:20<03:28, 14.88s/it, KL=0.186, L=9.695, LR=1.50e-04, Sp=13.655, T=0.269]
Node pruning:  97%|#########7| 487/500 [2:06:20<03:11, 14.72s/it, KL=0.186, L=9.695, LR=1.50e-04, Sp=13.655, T=0.269]
Node pruning:  97%|#########7| 487/500 [2:06:35<03:11, 14.72s/it, KL=0.182, L=9.687, LR=1.42e-04, Sp=13.655, T=0.247]
Node pruning:  98%|#########7| 488/500 [2:06:35<02:56, 14.67s/it, KL=0.182, L=9.687, LR=1.42e-04, Sp=13.655, T=0.247]
Node pruning:  98%|#########7| 488/500 [2:06:49<02:56, 14.67s/it, KL=0.213, L=9.727, LR=1.36e-04, Sp=13.655, T=0.348]
Node pruning:  98%|#########7| 489/500 [2:06:49<02:40, 14.61s/it, KL=0.213, L=9.727, LR=1.36e-04, Sp=13.655, T=0.348]
Node pruning:  98%|#########7| 489/500 [2:07:04<02:40, 14.61s/it, KL=0.195, L=9.710, LR=1.30e-04, Sp=13.655, T=0.308]
==================================================
  EVALUATING: Node Ep 490
==================================================


Evaluating Node Ep 490:   0%|          | 0/20 [00:00<?, ?it/s][A

Evaluating Node Ep 490:  50%|#####     | 10/20 [00:00<00:00, 17.38it/s][A

Acc: 0.900, LD: 2.237:  50%|#####     | 10/20 [00:00<00:00, 17.38it/s] [A

Acc: 0.900, LD: 2.237: 100%|##########| 20/20 [00:01<00:00, 17.32it/s][A

Acc: 0.950, LD: 2.000: 100%|##########| 20/20 [00:01<00:00, 17.32it/s][A

Acc: 0.950, LD: 2.000: : 30it [00:01, 17.33it/s]                      [A

Acc: 0.967, LD: 1.896: : 30it [00:01, 17.33it/s][A

Acc: 0.967, LD: 1.896: : 40it [00:02, 17.33it/s][A

Acc: 0.950, LD: 1.800: : 40it [00:02, 17.33it/s][A

Acc: 0.950, LD: 1.800: : 50it [00:02, 17.34it/s][A

Acc: 0.940, LD: 1.745: : 50it [00:02, 17.34it/s][A

Acc: 0.940, LD: 1.745: : 60it [00:03, 17.35it/s][A

Acc: 0.950, LD: 1.665: : 60it [00:03, 17.35it/s][A

Acc: 0.950, LD: 1.665: : 70it [00:04, 17.35it/s][A

Acc: 0.943, LD: 1.623: : 70it [00:04, 17.35it/s][A

Acc: 0.943, LD: 1.623: : 80it [00:04, 17.35it/s][A

Acc: 0.925, LD: 1.523: : 80it [00:04, 17.35it/s][A

Acc: 0.925, LD: 1.523: : 90it [00:05, 16.41it/s][A

Acc: 0.911, LD: 1.497: : 90it [00:05, 16.41it/s][A

Acc: 0.911, LD: 1.497: : 100it [00:05, 16.68it/s][A

Acc: 0.920, LD: 1.565: : 100it [00:05, 16.68it/s][A

Acc: 0.920, LD: 1.565: : 110it [00:06, 16.86it/s][A

Acc: 0.918, LD: 1.575: : 110it [00:06, 16.86it/s][A

Acc: 0.918, LD: 1.575: : 120it [00:07, 16.99it/s][A

Acc: 0.908, LD: 1.555: : 120it [00:07, 16.99it/s][A

Acc: 0.908, LD: 1.555: : 130it [00:07, 17.08it/s][A

Acc: 0.900, LD: 1.562: : 130it [00:07, 17.08it/s][A

Acc: 0.900, LD: 1.562: : 140it [00:08, 17.16it/s][A

Acc: 0.900, LD: 1.520: : 140it [00:08, 17.16it/s][A

Acc: 0.900, LD: 1.520: : 150it [00:08, 16.79it/s][A

Acc: 0.893, LD: 1.481: : 150it [00:08, 16.79it/s][A

Acc: 0.893, LD: 1.481: : 160it [00:09, 16.95it/s][A

Acc: 0.894, LD: 1.483: : 160it [00:09, 16.95it/s][A

Acc: 0.894, LD: 1.483: : 170it [00:09, 17.07it/s][A

Acc: 0.888, LD: 1.434: : 170it [00:09, 17.07it/s][A

Acc: 0.888, LD: 1.434: : 180it [00:10, 16.26it/s][A

Acc: 0.883, LD: 1.453: : 180it [00:10, 16.26it/s][A

Acc: 0.883, LD: 1.453: : 190it [00:11, 16.55it/s][A

Acc: 0.874, LD: 1.439: : 190it [00:11, 16.55it/s][A

Acc: 0.874, LD: 1.439: : 200it [00:11, 16.77it/s][A

Acc: 0.875, LD: 1.437: : 200it [00:11, 16.77it/s][A

                                                 [A
Processed 200 valid samples.

==================================================
Node Ep 490 Evaluation Summary:
  - Accuracy:              0.8750
  - Logit Difference:      1.4369
  - KL Divergence:         0.1769
  - Exact Match:           0.8800
==================================================

Node pruning:  98%|#########8| 490/500 [2:07:16<03:01, 18.15s/it, KL=0.195, L=9.710, LR=1.30e-04, Sp=13.655, T=0.308]
Node pruning:  98%|#########8| 490/500 [2:07:30<03:01, 18.15s/it, KL=0.161, L=9.673, LR=1.24e-04, Sp=13.655, T=0.219]
Node pruning:  98%|#########8| 491/500 [2:07:30<02:33, 17.03s/it, KL=0.161, L=9.673, LR=1.24e-04, Sp=13.655, T=0.219]
Node pruning:  98%|#########8| 491/500 [2:07:45<02:33, 17.03s/it, KL=0.203, L=9.714, LR=1.19e-04, Sp=13.655, T=0.315]
Node pruning:  98%|#########8| 492/500 [2:07:45<02:10, 16.29s/it, KL=0.203, L=9.714, LR=1.19e-04, Sp=13.655, T=0.315]
Node pruning:  98%|#########8| 492/500 [2:07:59<02:10, 16.29s/it, KL=0.159, L=9.669, LR=1.14e-04, Sp=13.655, T=0.209]
Node pruning:  99%|#########8| 493/500 [2:07:59<01:50, 15.76s/it, KL=0.159, L=9.669, LR=1.14e-04, Sp=13.655, T=0.209]
Node pruning:  99%|#########8| 493/500 [2:08:14<01:50, 15.76s/it, KL=0.151, L=9.661, LR=1.11e-04, Sp=13.655, T=0.191]
Node pruning:  99%|#########8| 494/500 [2:08:14<01:32, 15.38s/it, KL=0.151, L=9.661, LR=1.11e-04, Sp=13.655, T=0.191]
Node pruning:  99%|#########8| 494/500 [2:08:28<01:32, 15.38s/it, KL=0.182, L=9.698, LR=1.07e-04, Sp=13.655, T=0.282]
Node pruning:  99%|#########9| 495/500 [2:08:28<01:15, 15.11s/it, KL=0.182, L=9.698, LR=1.07e-04, Sp=13.655, T=0.282]
Node pruning:  99%|#########9| 495/500 [2:08:43<01:15, 15.11s/it, KL=0.179, L=9.686, LR=1.05e-04, Sp=13.655, T=0.247]
Node pruning:  99%|#########9| 496/500 [2:08:43<00:59, 14.92s/it, KL=0.179, L=9.686, LR=1.05e-04, Sp=13.655, T=0.247]
Node pruning:  99%|#########9| 496/500 [2:08:57<00:59, 14.92s/it, KL=0.149, L=9.659, LR=1.03e-04, Sp=13.655, T=0.187]
Node pruning:  99%|#########9| 497/500 [2:08:57<00:44, 14.78s/it, KL=0.149, L=9.659, LR=1.03e-04, Sp=13.655, T=0.187]
Node pruning:  99%|#########9| 497/500 [2:09:12<00:44, 14.78s/it, KL=0.148, L=9.658, LR=1.01e-04, Sp=13.655, T=0.185]
Node pruning: 100%|#########9| 498/500 [2:09:12<00:29, 14.65s/it, KL=0.148, L=9.658, LR=1.01e-04, Sp=13.655, T=0.185]
Node pruning: 100%|#########9| 498/500 [2:09:26<00:29, 14.65s/it, KL=0.177, L=9.691, LR=1.00e-04, Sp=13.655, T=0.265]
Node pruning: 100%|#########9| 499/500 [2:09:26<00:14, 14.59s/it, KL=0.177, L=9.691, LR=1.00e-04, Sp=13.655, T=0.265]
Node pruning: 100%|#########9| 499/500 [2:09:40<00:14, 14.59s/it, KL=0.236, L=9.748, LR=1.00e-04, Sp=13.655, T=0.396]
==================================================
  EVALUATING: Node Ep 500
==================================================


Evaluating Node Ep 500:   0%|          | 0/20 [00:00<?, ?it/s][A

Evaluating Node Ep 500:  50%|#####     | 10/20 [00:00<00:00, 17.46it/s][A

Acc: 0.900, LD: 2.237:  50%|#####     | 10/20 [00:00<00:00, 17.46it/s] [A

Acc: 0.900, LD: 2.237: 100%|##########| 20/20 [00:01<00:00, 17.37it/s][A

Acc: 0.950, LD: 2.000: 100%|##########| 20/20 [00:01<00:00, 17.37it/s][A

Acc: 0.950, LD: 2.000: : 30it [00:01, 17.36it/s]                      [A

Acc: 0.967, LD: 1.896: : 30it [00:01, 17.36it/s][A

Acc: 0.967, LD: 1.896: : 40it [00:02, 17.36it/s][A

Acc: 0.950, LD: 1.800: : 40it [00:02, 17.36it/s][A

Acc: 0.950, LD: 1.800: : 50it [00:02, 17.32it/s][A

Acc: 0.940, LD: 1.745: : 50it [00:02, 17.32it/s][A

Acc: 0.940, LD: 1.745: : 60it [00:03, 17.35it/s][A

Acc: 0.950, LD: 1.665: : 60it [00:03, 17.35it/s][A

Acc: 0.950, LD: 1.665: : 70it [00:04, 17.36it/s][A

Acc: 0.943, LD: 1.623: : 70it [00:04, 17.36it/s][A

Acc: 0.943, LD: 1.623: : 80it [00:04, 16.71it/s][A

Acc: 0.925, LD: 1.523: : 80it [00:04, 16.71it/s][A

Acc: 0.925, LD: 1.523: : 90it [00:05, 16.91it/s][A

Acc: 0.911, LD: 1.497: : 90it [00:05, 16.91it/s][A

Acc: 0.911, LD: 1.497: : 100it [00:05, 16.77it/s][A

Acc: 0.920, LD: 1.565: : 100it [00:05, 16.77it/s][A

Acc: 0.920, LD: 1.565: : 110it [00:06, 16.95it/s][A

Acc: 0.918, LD: 1.575: : 110it [00:06, 16.95it/s][A

Acc: 0.918, LD: 1.575: : 120it [00:07, 17.08it/s][A

Acc: 0.908, LD: 1.555: : 120it [00:07, 17.08it/s][A

Acc: 0.908, LD: 1.555: : 130it [00:07, 17.16it/s][A

Acc: 0.900, LD: 1.562: : 130it [00:07, 17.16it/s][A

Acc: 0.900, LD: 1.562: : 140it [00:08, 17.22it/s][A

Acc: 0.900, LD: 1.520: : 140it [00:08, 17.22it/s][A

Acc: 0.900, LD: 1.520: : 150it [00:08, 17.14it/s][A

Acc: 0.893, LD: 1.481: : 150it [00:08, 17.14it/s][A

Acc: 0.893, LD: 1.481: : 160it [00:09, 17.14it/s][A

Acc: 0.894, LD: 1.483: : 160it [00:09, 17.14it/s][A

Acc: 0.894, LD: 1.483: : 170it [00:09, 16.49it/s][A

Acc: 0.888, LD: 1.434: : 170it [00:09, 16.49it/s][A

Acc: 0.888, LD: 1.434: : 180it [00:10, 16.74it/s][A

Acc: 0.883, LD: 1.453: : 180it [00:10, 16.74it/s][A

Acc: 0.883, LD: 1.453: : 190it [00:11, 16.90it/s][A

Acc: 0.874, LD: 1.439: : 190it [00:11, 16.90it/s][A

Acc: 0.874, LD: 1.439: : 200it [00:11, 17.02it/s][A

Acc: 0.875, LD: 1.437: : 200it [00:11, 17.02it/s][A

                                                 [A
Processed 200 valid samples.

==================================================
Node Ep 500 Evaluation Summary:
  - Accuracy:              0.8750
  - Logit Difference:      1.4369
  - KL Divergence:         0.1769
  - Exact Match:           0.8800
==================================================

Node pruning: 100%|##########| 500/500 [2:09:52<00:00, 18.08s/it, KL=0.236, L=9.748, LR=1.00e-04, Sp=13.655, T=0.396]
Node pruning: 100%|##########| 500/500 [2:09:52<00:00, 15.59s/it, KL=0.236, L=9.748, LR=1.00e-04, Sp=13.655, T=0.396]
Node pruning time: 7804.2s
  [GPU] Node pruning done: alloc 34.46 GB | reserved 43.34 GB | peak 42.06 GB

================================================================================
  ANALYZING AND FINALIZING THE DISCOVERED CIRCUIT (PEDANTIC MODE)
================================================================================

--- Setting final circuit mode to: True ---
    Updated 192 HardConcreteGate modules.

📍 PRUNABLE PARAMETER BREAKDOWN:
  - Layers: 32
  - Attention params per layer: 41,943,040
  - MLP params per layer: 176,160,768
  - Total per layer: 218,103,808
  - TOTAL PRUNABLE: 6,979,321,856
  Layer 0 MLP: 1051/14336 hidden, 578/4096 output → 4,914,003 params
  Layer 0 TOTAL: 4,914,003 params
  Layer 2 MLP: 1230/14336 hidden, 504/4096 output → 5,659,734 params
  Layer 2 TOTAL: 5,659,734 params
  Layer 3 MLP: 1058/14336 hidden, 435/4096 output → 4,795,291 params
  Layer 3 TOTAL: 4,795,291 params
  Layer 4 MLP: 976/14336 hidden, 420/4096 output → 4,409,012 params
  Layer 4 TOTAL: 4,409,012 params
  Layer 6 Attention: 209/4096 neurons → 3,428,979 params
  Layer 6 TOTAL: 3,428,979 params
  Layer 7 Attention: 237/4096 neurons → 3,887,815 params
  Layer 7 TOTAL: 3,887,815 params
  Layer 8 Attention: 430/4096 neurons → 7,050,506 params
  Layer 8 TOTAL: 7,050,506 params
  Layer 13 Attention: 451/4096 neurons → 7,394,633 params
  Layer 13 TOTAL: 7,394,633 params
  Layer 15 Attention: 285/4096 neurons → 4,674,391 params
  Layer 15 TOTAL: 4,674,391 params
  Layer 17 Attention: 303/4096 neurons → 4,969,357 params
  Layer 17 TOTAL: 4,969,357 params
  Layer 31 MLP: 1087/14336 hidden, 896/4096 output → 5,428,287 params
  Layer 31 TOTAL: 5,428,287 params

================================================================================
  PRUNABLE PARAMETER COMPRESSION ANALYSIS
================================================================================
Total prunable parameters: 6,979,321,856
Active prunable parameters: 56,612,008
Pruned parameters: 6,922,709,848
Compression ratio: 123.28x
Parameter reduction: 99.2%

📍 MODEL BREAKDOWN:
  - Total model parameters: 8,030,983,232
  - Fixed parameters (embeddings, norms, etc.): 1,051,661,376 (13.1%)
  - Prunable parameters: 6,979,321,856 (86.9%)
  - Active prunable parameters: 56,612,008 (0.7%)

🎯 EFFECTIVE MODEL COMPRESSION:
  - Effective model size: 1,108,273,384 parameters
  - Overall compression: 7.25x
  - Overall reduction: 86.2%

================================================================================
  HIERARCHICAL PRUNING REPORT (Consistency Enforced)
================================================================================

📍 GLOBAL COMPONENTS:
  - Embedding Gate: N/A

📍 LAYER-LEVEL PRUNING:
  - Active Layers: 32/32 (100.0%)

📍 DETAILED LAYER REPORT:
Layer  | Status   | Attn Block  | MLP Block  | Attn Heads   | Attn Neurons    | MLP Hidden      | MLP Output     
-----------------------------------------------------------------------------------------------------------------
0      | Active   | Pruned      | Active     | 0/32         | 0/4096          | 1051/14336      | 578/4096       
1      | Active   | Pruned      | Pruned     | 0/32         | 0/4096          | 0/14336         | 0/4096         
2      | Active   | Pruned      | Active     | 0/32         | 0/4096          | 1230/14336      | 504/4096       
3      | Active   | Pruned      | Active     | 0/32         | 0/4096          | 1058/14336      | 435/4096       
4      | Active   | Pruned      | Active     | 0/32         | 0/4096          | 976/14336       | 420/4096       
5      | Active   | Pruned      | Pruned     | 0/32         | 0/4096          | 0/14336         | 0/4096         
6      | Active   | Active      | Pruned     | 4/32         | 209/4096        | 0/14336         | 0/4096         
7      | Active   | Active      | Pruned     | 4/32         | 237/4096        | 0/14336         | 0/4096         
8      | Active   | Active      | Pruned     | 8/32         | 430/4096        | 0/14336         | 0/4096         
9      | Active   | Pruned      | Pruned     | 0/32         | 0/4096          | 0/14336         | 0/4096         
10     | Active   | Pruned      | Pruned     | 0/32         | 0/4096          | 0/14336         | 0/4096         
11     | Active   | Pruned      | Pruned     | 0/32         | 0/4096          | 0/14336         | 0/4096         
12     | Active   | Pruned      | Pruned     | 0/32         | 0/4096          | 0/14336         | 0/4096         
13     | Active   | Active      | Pruned     | 9/32         | 451/4096        | 0/14336         | 0/4096         
14     | Active   | Pruned      | Pruned     | 0/32         | 0/4096          | 0/14336         | 0/4096         
15     | Active   | Active      | Pruned     | 5/32         | 285/4096        | 0/14336         | 0/4096         
16     | Active   | Pruned      | Pruned     | 0/32         | 0/4096          | 0/14336         | 0/4096         
17     | Active   | Active      | Pruned     | 5/32         | 303/4096        | 0/14336         | 0/4096         
18     | Active   | Pruned      | Pruned     | 0/32         | 0/4096          | 0/14336         | 0/4096         
19     | Active   | Pruned      | Pruned     | 0/32         | 0/4096          | 0/14336         | 0/4096         
20     | Active   | Pruned      | Pruned     | 0/32         | 0/4096          | 0/14336         | 0/4096         
21     | Active   | Pruned      | Pruned     | 0/32         | 0/4096          | 0/14336         | 0/4096         
22     | Active   | Pruned      | Pruned     | 0/32         | 0/4096          | 0/14336         | 0/4096         
23     | Active   | Pruned      | Pruned     | 0/32         | 0/4096          | 0/14336         | 0/4096         
24     | Active   | Pruned      | Pruned     | 0/32         | 0/4096          | 0/14336         | 0/4096         
25     | Active   | Pruned      | Pruned     | 0/32         | 0/4096          | 0/14336         | 0/4096         
26     | Active   | Pruned      | Pruned     | 0/32         | 0/4096          | 0/14336         | 0/4096         
27     | Active   | Pruned      | Pruned     | 0/32         | 0/4096          | 0/14336         | 0/4096         
28     | Active   | Pruned      | Pruned     | 0/32         | 0/4096          | 0/14336         | 0/4096         
29     | Active   | Pruned      | Pruned     | 0/32         | 0/4096          | 0/14336         | 0/4096         
30     | Active   | Pruned      | Pruned     | 0/32         | 0/4096          | 0/14336         | 0/4096         
31     | Active   | Pruned      | Active     | 0/32         | 0/4096          | 1087/14336      | 896/4096       

================================================================================
  PRUNING SUMMARY BY GRANULARITY
================================================================================

Embedding:
  - Active: 0 / 1  (0.0%)
  - Pruned: 1 (100.0%)

Layer Level:
  - Active: 32 / 32  (100.0%)
  - Pruned: 0 (0.0%)

Attention Blocks:
  - Active: 6 / 32  (18.8%)
  - Pruned: 26 (81.2%)

Mlp Blocks:
  - Active: 5 / 32  (15.6%)
  - Pruned: 27 (84.4%)

Attention Heads:
  - Active: 35 / 1,024  (3.4%)
  - Pruned: 989 (96.6%)

Attention Neurons:
  - Active: 1,915 / 131,072  (1.5%)
  - Pruned: 129,157 (98.5%)

Mlp Hidden:
  - Active: 5,402 / 458,752  (1.2%)
  - Pruned: 453,350 (98.8%)

Mlp Output:
  - Active: 2,833 / 131,072  (2.2%)
  - Pruned: 128,239 (97.8%)

🎯 PRUNABLE PARAMETER BOTTOM LINE:
  - Circuit uses 56,612,008 out of 6,979,321,856 prunable parameters
  - Prunable compression: 123.3x
  - Prunable reduction: 99.2%
================================================================================

✅ Model remains in 'Final Circuit Mode' for evaluation.
Saved active nodes to outputs/llama-8b-instruct_std/nls0.7_seed123_noedge_260722-154707/active_nodes.json

==================================================
  EVALUATING: Node-Pruned Circuit
==================================================

Evaluating Node-Pruned Circuit:   0%|          | 0/100 [00:00<?, ?it/s]
Evaluating Node-Pruned Circuit:  10%|#         | 10/100 [00:00<00:06, 13.94it/s]
Acc: 1.000, LD: 1.962:  10%|#         | 10/100 [00:00<00:06, 13.94it/s]         
Acc: 1.000, LD: 1.962:  20%|##        | 20/100 [00:01<00:05, 15.82it/s]
Acc: 0.950, LD: 1.712:  20%|##        | 20/100 [00:01<00:05, 15.82it/s]
Acc: 0.950, LD: 1.712:  30%|###       | 30/100 [00:01<00:04, 16.48it/s]
Acc: 0.933, LD: 1.646:  30%|###       | 30/100 [00:01<00:04, 16.48it/s]
Acc: 0.933, LD: 1.646:  40%|####      | 40/100 [00:02<00:03, 16.83it/s]
Acc: 0.875, LD: 1.462:  40%|####      | 40/100 [00:02<00:03, 16.83it/s]
Acc: 0.875, LD: 1.462:  50%|#####     | 50/100 [00:03<00:02, 17.02it/s]
Acc: 0.860, LD: 1.468:  50%|#####     | 50/100 [00:03<00:02, 17.02it/s]
Acc: 0.860, LD: 1.468:  60%|######    | 60/100 [00:03<00:02, 17.16it/s]
Acc: 0.883, LD: 1.467:  60%|######    | 60/100 [00:03<00:02, 17.16it/s]
Acc: 0.883, LD: 1.467:  70%|#######   | 70/100 [00:04<00:01, 17.25it/s]
Acc: 0.871, LD: 1.496:  70%|#######   | 70/100 [00:04<00:01, 17.25it/s]
Acc: 0.871, LD: 1.496:  80%|########  | 80/100 [00:04<00:01, 17.29it/s]
Acc: 0.863, LD: 1.477:  80%|########  | 80/100 [00:04<00:01, 17.29it/s]
Acc: 0.863, LD: 1.477:  90%|######### | 90/100 [00:05<00:00, 17.32it/s]
Acc: 0.833, LD: 1.342:  90%|######### | 90/100 [00:05<00:00, 17.32it/s]
Acc: 0.833, LD: 1.342: 100%|##########| 100/100 [00:06<00:00, 16.11it/s]
Acc: 0.840, LD: 1.403: 100%|##########| 100/100 [00:06<00:00, 16.11it/s]
Acc: 0.840, LD: 1.403: : 110it [00:06, 16.50it/s]                       
Acc: 0.836, LD: 1.413: : 110it [00:06, 16.50it/s]
Acc: 0.836, LD: 1.413: : 120it [00:07, 16.76it/s]
Acc: 0.842, LD: 1.418: : 120it [00:07, 16.76it/s]
Acc: 0.842, LD: 1.418: : 130it [00:07, 16.95it/s]
Acc: 0.846, LD: 1.417: : 130it [00:07, 16.95it/s]
Acc: 0.846, LD: 1.417: : 140it [00:08, 17.09it/s]
Acc: 0.857, LD: 1.448: : 140it [00:08, 17.09it/s]
Acc: 0.857, LD: 1.448: : 150it [00:08, 17.18it/s]
Acc: 0.860, LD: 1.448: : 150it [00:08, 17.18it/s]
Acc: 0.860, LD: 1.448: : 160it [00:09, 17.18it/s]
Acc: 0.869, LD: 1.452: : 160it [00:09, 17.18it/s]
Acc: 0.869, LD: 1.452: : 170it [00:10, 17.21it/s]
Acc: 0.876, LD: 1.544: : 170it [00:10, 17.21it/s]
Acc: 0.876, LD: 1.544: : 180it [00:10, 17.26it/s]
Acc: 0.872, LD: 1.504: : 180it [00:10, 17.26it/s]
Acc: 0.872, LD: 1.504: : 190it [00:11, 16.17it/s]
Acc: 0.879, LD: 1.483: : 190it [00:11, 16.17it/s]
Acc: 0.879, LD: 1.483: : 200it [00:11, 16.52it/s]
Acc: 0.880, LD: 1.496: : 200it [00:11, 16.52it/s]
Acc: 0.880, LD: 1.496: : 210it [00:12, 16.74it/s]
Acc: 0.886, LD: 1.528: : 210it [00:12, 16.74it/s]
Acc: 0.886, LD: 1.528: : 220it [00:13, 16.92it/s]
Acc: 0.886, LD: 1.536: : 220it [00:13, 16.92it/s]
Acc: 0.886, LD: 1.536: : 230it [00:13, 17.06it/s]
Acc: 0.883, LD: 1.526: : 230it [00:13, 17.06it/s]
Acc: 0.883, LD: 1.526: : 240it [00:14, 17.15it/s]
Acc: 0.883, LD: 1.533: : 240it [00:14, 17.15it/s]
Acc: 0.883, LD: 1.533: : 250it [00:14, 17.22it/s]
Acc: 0.876, LD: 1.517: : 250it [00:14, 17.22it/s]
Acc: 0.876, LD: 1.517: : 260it [00:15, 17.25it/s]
Acc: 0.881, LD: 1.509: : 260it [00:15, 17.25it/s]
Acc: 0.881, LD: 1.509: : 270it [00:15, 17.28it/s]
Acc: 0.881, LD: 1.516: : 270it [00:15, 17.28it/s]
Acc: 0.881, LD: 1.516: : 280it [00:16, 16.13it/s]
Acc: 0.882, LD: 1.481: : 280it [00:16, 16.13it/s]
Acc: 0.882, LD: 1.481: : 290it [00:17, 16.51it/s]
Acc: 0.883, LD: 1.466: : 290it [00:17, 16.51it/s]
Acc: 0.883, LD: 1.466: : 300it [00:17, 16.76it/s]
Acc: 0.880, LD: 1.450: : 300it [00:17, 16.76it/s]
Acc: 0.880, LD: 1.450: : 310it [00:18, 16.94it/s]
Acc: 0.877, LD: 1.456: : 310it [00:18, 16.94it/s]
Acc: 0.877, LD: 1.456: : 320it [00:18, 17.07it/s]
Acc: 0.875, LD: 1.449: : 320it [00:18, 17.07it/s]
Acc: 0.875, LD: 1.449: : 330it [00:19, 17.16it/s]
Acc: 0.873, LD: 1.453: : 330it [00:19, 17.16it/s]
Acc: 0.873, LD: 1.453: : 340it [00:20, 17.09it/s]
Acc: 0.871, LD: 1.449: : 340it [00:20, 17.09it/s]
Acc: 0.871, LD: 1.449: : 350it [00:20, 17.17it/s]
Acc: 0.871, LD: 1.455: : 350it [00:20, 17.17it/s]
Acc: 0.871, LD: 1.455: : 360it [00:21, 17.23it/s]
Acc: 0.869, LD: 1.444: : 360it [00:21, 17.23it/s]
Acc: 0.869, LD: 1.444: : 370it [00:21, 16.37it/s]
Acc: 0.870, LD: 1.443: : 370it [00:21, 16.37it/s]
Acc: 0.870, LD: 1.443: : 380it [00:22, 16.63it/s]
Acc: 0.871, LD: 1.444: : 380it [00:22, 16.63it/s]
Acc: 0.871, LD: 1.444: : 390it [00:23, 16.85it/s]
Acc: 0.867, LD: 1.435: : 390it [00:23, 16.85it/s]
Acc: 0.867, LD: 1.435: : 400it [00:23, 16.99it/s]
Acc: 0.863, LD: 1.421: : 400it [00:23, 16.99it/s]
Acc: 0.863, LD: 1.421: : 410it [00:24, 17.04it/s]
Acc: 0.866, LD: 1.423: : 410it [00:24, 17.04it/s]
Acc: 0.866, LD: 1.423: : 420it [00:24, 17.10it/s]
Acc: 0.869, LD: 1.430: : 420it [00:24, 17.10it/s]
Acc: 0.869, LD: 1.430: : 430it [00:25, 17.18it/s]
Acc: 0.870, LD: 1.431: : 430it [00:25, 17.18it/s]
Acc: 0.870, LD: 1.431: : 440it [00:26, 17.23it/s]
Acc: 0.870, LD: 1.427: : 440it [00:26, 17.23it/s]
Acc: 0.870, LD: 1.427: : 450it [00:26, 17.27it/s]
Acc: 0.873, LD: 1.422: : 450it [00:26, 17.27it/s]
Acc: 0.873, LD: 1.422: : 460it [00:27, 16.30it/s]
Acc: 0.870, LD: 1.411: : 460it [00:27, 16.30it/s]
Acc: 0.870, LD: 1.411: : 470it [00:27, 16.63it/s]
Acc: 0.868, LD: 1.420: : 470it [00:27, 16.63it/s]
Acc: 0.868, LD: 1.420: : 480it [00:28, 16.84it/s]
Acc: 0.869, LD: 1.426: : 480it [00:28, 16.84it/s]
Acc: 0.869, LD: 1.426: : 490it [00:29, 17.00it/s]
Acc: 0.869, LD: 1.433: : 490it [00:29, 17.00it/s]
Acc: 0.869, LD: 1.433: : 500it [00:29, 17.09it/s]
Acc: 0.872, LD: 1.433: : 500it [00:29, 17.09it/s]
Acc: 0.872, LD: 1.433: : 510it [00:30, 17.15it/s]
Acc: 0.871, LD: 1.427: : 510it [00:30, 17.15it/s]
Acc: 0.871, LD: 1.427: : 520it [00:30, 17.22it/s]
Acc: 0.871, LD: 1.426: : 520it [00:30, 17.22it/s]
Acc: 0.871, LD: 1.426: : 530it [00:31, 17.27it/s]
Acc: 0.868, LD: 1.418: : 530it [00:31, 17.27it/s]
Acc: 0.868, LD: 1.418: : 540it [00:31, 17.28it/s]
Acc: 0.867, LD: 1.413: : 540it [00:31, 17.28it/s]
Acc: 0.867, LD: 1.413: : 550it [00:32, 16.40it/s]
Acc: 0.867, LD: 1.413: : 550it [00:32, 16.40it/s]
Acc: 0.867, LD: 1.413: : 560it [00:33, 16.64it/s]
Acc: 0.870, LD: 1.422: : 560it [00:33, 16.64it/s]
Acc: 0.870, LD: 1.422: : 570it [00:33, 16.82it/s]
Acc: 0.870, LD: 1.416: : 570it [00:33, 16.82it/s]
Acc: 0.870, LD: 1.416: : 580it [00:34, 16.97it/s]
Acc: 0.867, LD: 1.402: : 580it [00:34, 16.97it/s]
Acc: 0.867, LD: 1.402: : 590it [00:34, 17.07it/s]
Acc: 0.869, LD: 1.408: : 590it [00:34, 17.07it/s]
Acc: 0.869, LD: 1.408: : 600it [00:35, 17.15it/s]
Acc: 0.872, LD: 1.427: : 600it [00:35, 17.15it/s]
Acc: 0.872, LD: 1.427: : 610it [00:36, 17.21it/s]
Acc: 0.874, LD: 1.435: : 610it [00:36, 17.21it/s]
Acc: 0.874, LD: 1.435: : 620it [00:36, 17.25it/s]
Acc: 0.866, LD: 1.414: : 620it [00:36, 17.25it/s]
Acc: 0.866, LD: 1.414: : 630it [00:37, 17.27it/s]
Acc: 0.860, LD: 1.404: : 630it [00:37, 17.27it/s]
Acc: 0.860, LD: 1.404: : 640it [00:37, 16.42it/s]
Acc: 0.859, LD: 1.398: : 640it [00:37, 16.42it/s]
Acc: 0.859, LD: 1.398: : 650it [00:38, 16.68it/s]
Acc: 0.860, LD: 1.400: : 650it [00:38, 16.68it/s]
Acc: 0.860, LD: 1.400: : 660it [00:39, 16.86it/s]
Acc: 0.862, LD: 1.399: : 660it [00:39, 16.86it/s]
Acc: 0.862, LD: 1.399: : 670it [00:39, 16.96it/s]
Acc: 0.863, LD: 1.401: : 670it [00:39, 16.96it/s]
Acc: 0.863, LD: 1.401: : 680it [00:40, 17.05it/s]
Acc: 0.865, LD: 1.410: : 680it [00:40, 17.05it/s]
Acc: 0.865, LD: 1.410: : 690it [00:40, 17.14it/s]
Acc: 0.865, LD: 1.408: : 690it [00:40, 17.14it/s]
Acc: 0.865, LD: 1.408: : 700it [00:41, 17.19it/s]
Acc: 0.866, LD: 1.403: : 700it [00:41, 17.19it/s]
Acc: 0.866, LD: 1.403: : 710it [00:41, 17.06it/s]
Acc: 0.865, LD: 1.401: : 710it [00:41, 17.06it/s]
Acc: 0.865, LD: 1.401: : 720it [00:42, 17.08it/s]
Acc: 0.863, LD: 1.398: : 720it [00:42, 17.08it/s]
Acc: 0.863, LD: 1.398: : 730it [00:43, 16.31it/s]
Acc: 0.864, LD: 1.404: : 730it [00:43, 16.31it/s]
Acc: 0.864, LD: 1.404: : 740it [00:43, 16.60it/s]
Acc: 0.866, LD: 1.408: : 740it [00:43, 16.60it/s]
Acc: 0.866, LD: 1.408: : 750it [00:44, 16.82it/s]
Acc: 0.863, LD: 1.401: : 750it [00:44, 16.82it/s]
Acc: 0.863, LD: 1.401: : 760it [00:44, 16.95it/s]
Acc: 0.862, LD: 1.401: : 760it [00:44, 16.95it/s]
Acc: 0.862, LD: 1.401: : 770it [00:45, 17.04it/s]
Acc: 0.858, LD: 1.397: : 770it [00:45, 17.04it/s]
Acc: 0.858, LD: 1.397: : 780it [00:46, 17.13it/s]
Acc: 0.859, LD: 1.395: : 780it [00:46, 17.13it/s]
Acc: 0.859, LD: 1.395: : 790it [00:46, 17.19it/s]
Acc: 0.857, LD: 1.396: : 790it [00:46, 17.19it/s]
Acc: 0.857, LD: 1.396: : 800it [00:47, 17.22it/s]
Acc: 0.856, LD: 1.390: : 800it [00:47, 17.22it/s]
Acc: 0.856, LD: 1.390: : 810it [00:47, 17.23it/s]
Acc: 0.858, LD: 1.402: : 810it [00:47, 17.23it/s]
Acc: 0.858, LD: 1.402: : 820it [00:48, 16.40it/s]
Acc: 0.859, LD: 1.407: : 820it [00:48, 16.40it/s]
Acc: 0.859, LD: 1.407: : 830it [00:49, 16.66it/s]
Acc: 0.857, LD: 1.399: : 830it [00:49, 16.66it/s]
Acc: 0.857, LD: 1.399: : 840it [00:49, 16.85it/s]
Acc: 0.858, LD: 1.403: : 840it [00:49, 16.85it/s]
Acc: 0.858, LD: 1.403: : 850it [00:50, 16.97it/s]
Acc: 0.858, LD: 1.402: : 850it [00:50, 16.97it/s]
Acc: 0.858, LD: 1.402: : 860it [00:50, 16.98it/s]
Acc: 0.857, LD: 1.403: : 860it [00:50, 16.98it/s]
Acc: 0.857, LD: 1.403: : 870it [00:51, 17.02it/s]
Acc: 0.855, LD: 1.397: : 870it [00:51, 17.02it/s]
Acc: 0.855, LD: 1.397: : 880it [00:51, 17.11it/s]
Acc: 0.856, LD: 1.404: : 880it [00:51, 17.11it/s]
Acc: 0.856, LD: 1.404: : 890it [00:52, 17.16it/s]
Acc: 0.856, LD: 1.410: : 890it [00:52, 17.16it/s]
Acc: 0.856, LD: 1.410: : 900it [00:53, 17.21it/s]
Acc: 0.856, LD: 1.409: : 900it [00:53, 17.21it/s]
Acc: 0.856, LD: 1.409: : 910it [00:53, 16.33it/s]
Acc: 0.856, LD: 1.408: : 910it [00:53, 16.33it/s]
Acc: 0.856, LD: 1.408: : 920it [00:54, 16.62it/s]
Acc: 0.857, LD: 1.405: : 920it [00:54, 16.62it/s]
Acc: 0.857, LD: 1.405: : 930it [00:54, 16.81it/s]
Acc: 0.854, LD: 1.401: : 930it [00:54, 16.81it/s]
Acc: 0.854, LD: 1.401: : 940it [00:55, 16.95it/s]
Acc: 0.855, LD: 1.403: : 940it [00:55, 16.95it/s]
Acc: 0.855, LD: 1.403: : 950it [00:56, 17.05it/s]
Acc: 0.857, LD: 1.410: : 950it [00:56, 17.05it/s]
Acc: 0.857, LD: 1.410: : 960it [00:56, 17.11it/s]
Acc: 0.857, LD: 1.416: : 960it [00:56, 17.11it/s]
Acc: 0.857, LD: 1.416: : 970it [00:57, 17.13it/s]
Acc: 0.858, LD: 1.411: : 970it [00:57, 17.13it/s]
Acc: 0.858, LD: 1.411: : 980it [00:57, 17.17it/s]
Acc: 0.857, LD: 1.407: : 980it [00:57, 17.17it/s]
Acc: 0.857, LD: 1.407: : 990it [00:58, 17.21it/s]
Acc: 0.857, LD: 1.406: : 990it [00:58, 17.21it/s]
Acc: 0.857, LD: 1.406: : 1000it [00:59, 16.37it/s]
Acc: 0.858, LD: 1.406: : 1000it [00:59, 16.37it/s]
                                                  
Processed 1000 valid samples.

==================================================
Node-Pruned Circuit Evaluation Summary:
  - Accuracy:              0.8580
  - Logit Difference:      1.4064
  - KL Divergence:         0.1802
  - Exact Match:           0.8610
==================================================
  [GPU] Node model freed: alloc 14.97 GB | reserved 15.13 GB | peak 42.06 GB

Active nodes: 35 heads + 5 MLPs + 1 embedding

Saved training history to outputs/llama-8b-instruct_std/nls0.7_seed123_noedge_260722-154707/history.json

====================================================================================
  NODE PRUNING — GRANULARITY SUMMARY
====================================================================================

Granularity                Active      Total   Pruned %
------------------------------------------------------
  layer_level                  32         32       0.0%
  attention_blocks              6         32      81.2%
  mlp_blocks                    5         32      84.4%
  attention_heads              35      1,024      96.6%
  attention_neurons         1,915    131,072      98.5%
  mlp_hidden                5,402    458,752      98.8%
  mlp_output                2,833    131,072      97.8%
  embedding                     0          1     100.0%

  Prunable-parameter reduction: 99.2% (123.28x)

====================================================================================
  DENSE EDGES (between surviving nodes, before edge pruning)
====================================================================================

  Full-model edges:    805,681
  Dense edges:           1,551  (0.19% of full)
  Categories — output 40 | mlp 45 | q 639 | k 372 | v 372

====================================================================================
  FIDELITY COMPARISON
====================================================================================

  Model                           Accuracy    Logit Diff        KL Div   Exact Match
  ----------------------------------------------------------------------------------
  Baseline (Full Model)             1.0000        1.7936        0.0000        1.0000
  Node-Pruned Circuit               0.8580        1.4064        0.1802        0.8610

====================================================================================
  END-TO-END EDGE COMPRESSION
====================================================================================

  Full model:           805,681  (100.0%)
  After node pruning:     1,551  (0.2%)

Saved results to outputs/llama-8b-instruct_std/nls0.7_seed123_noedge_260722-154707/results.json
Run artifacts in outputs/llama-8b-instruct_std/nls0.7_seed123_noedge_260722-154707

==========================================================================================
  GPU MEMORY MAP
==========================================================================================
Step                                     Alloc (GB)      Delta   Reserved       Peak
------------------------------------------------------------------------------------------
Full model loaded                            14.958    +14.958     15.084     14.958
Node model loaded                            29.926    +14.968     30.158     29.926
Node epoch 1 (fwd+bwd+optim)                 34.457     +4.531     43.344     42.055
Node pruning done                            34.457     +0.000     43.344     42.055
Node model freed                             14.973    -19.484     15.129     42.055
------------------------------------------------------------------------------------------
  Node pruning peak: 42.055 GB
  Overall peak:      42.055 GB / 44.4 GB (94.6%)
==========================================================================================
